timestamp_local,lat,lon,ping_ms,band,cellid,arfcn,rsrp,sinr,rsrq,uplink,downlink
2026-03-19 13:16:08.368841-05:00,42.020549,-93.7768086,16.3,mid-band,00019C01F,630720.0,-53.0,17,-10,,
2026-03-19 13:16:24.870373-05:00,42.0205489,-93.7768082,26.0,mid-band,00019C01F,630720.0,-51.0,18,-10,53.8,168.0
2026-03-19 13:17:25.151345-05:00,42.0199123,-93.7767686,19.4,mid-band,00019C01F,630720.0,-44.0,23,-10,62.9,232.0
2026-03-19 13:17:33.360997-05:00,42.0197904,-93.7767798,31.5,mid-band,00019C01F,630720.0,-44.0,25,-10,41.9,275.0
2026-03-19 13:17:35.951518-05:00,42.0197098,-93.7767868,38.6,mid-band,00019C01F,630720.0,-52.0,21,-10,115.0,214.0
2026-03-19 13:17:38.549187-05:00,42.0196034,-93.7767848,42.9,mid-band,00019C01F,630720.0,-54.0,23,-10,115.0,199.0
2026-03-19 13:17:41.151076-05:00,42.0195559,-93.7767816,45.9,mid-band,00019C01F,630720.0,-56.0,21,-10,157.0,188.0
2026-03-19 13:17:43.755860-05:00,42.0195433,-93.7767813,39.8,mid-band,00019C01F,630720.0,-57.0,22,-10,126.0,207.0
2026-03-19 13:17:46.354345-05:00,42.019541,-93.7767816,63.9,mid-band,00019C01F,630720.0,-57.0,22,-10,73.4,127.0
2026-03-19 13:17:48.977212-05:00,42.0195391,-93.7767807,33.8,mid-band,00019C01F,630720.0,-57.0,22,-10,,
2026-03-19 13:17:51.569536-05:00,42.0195377,-93.7767794,17.2,mid-band,00019C01F,630720.0,-56.0,21,-10,,
2026-03-19 13:17:54.145555-05:00,42.0195379,-93.7767777,30.3,mid-band,00019C01F,630720.0,-56.0,21,-10,115.0,216.0
2026-03-19 13:17:56.734931-05:00,42.0195389,-93.7767767,28.1,mid-band,00019C01F,630720.0,-57.0,21,-10,136.0,177.0
2026-03-19 13:17:59.321936-05:00,42.0195342,-93.7767763,32.5,mid-band,00019C01F,630720.0,-57.0,18,-10,136.0,199.0
2026-03-19 13:18:01.913534-05:00,42.0195083,-93.7767754,38.8,mid-band,00019C01F,630720.0,-54.0,20,-10,115.0,216.0
2026-03-19 13:18:04.511386-05:00,42.0194157,-93.7767632,15.7,mid-band,00019C01F,630720.0,-54.0,22,-10,41.9,208.0
2026-03-19 13:18:07.086004-05:00,42.0192923,-93.776751,59.2,mid-band,00019C01F,630720.0,-58.0,18,-10,62.9,231.0
2026-03-19 13:18:09.704059-05:00,42.0191952,-93.7767478,16.2,mid-band,00019C01F,630720.0,-57.0,21,-10,62.9,242.0
2026-03-19 13:18:12.279151-05:00,42.0190479,-93.7767455,17.3,mid-band,00019C01F,630720.0,-53.0,23,-10,62.9,244.0
2026-03-19 13:18:14.855497-05:00,42.0189499,-93.7767438,21.0,mid-band,00019C01F,630720.0,-53.0,20,-10,73.4,248.0
2026-03-19 13:18:17.435449-05:00,42.0188024,-93.7767425,20.3,mid-band,00019C01F,630720.0,-54.0,18,-10,73.4,256.0
2026-03-19 13:18:20.014668-05:00,42.0187051,-93.7767416,227.0,mid-band,00019C01F,630720.0,-56.0,17,-10,52.4,234.0
2026-03-19 13:18:22.800259-05:00,42.0185616,-93.7767387,19.9,mid-band,00019C01F,630720.0,-57.0,17,-10,,
2026-03-19 13:18:25.379086-05:00,42.0184218,-93.7767363,23.0,mid-band,00019C01F,630720.0,-58.0,12,-10,,
2026-03-19 13:18:27.960964-05:00,42.0183304,-93.7767352,20.6,mid-band,00019C01F,630720.0,-61.0,8,-10,,
2026-03-19 13:18:30.540278-05:00,42.0181933,-93.7767326,30.9,mid-band,00019C01F,630720.0,-56.0,9,-10,41.9,289.0
2026-03-19 13:18:33.130208-05:00,42.0177121,-93.7767253,24.3,mid-band,00019C01F,630720.0,-58.0,8,-10,94.4,237.0
2026-03-19 13:18:43.863189-05:00,42.0175562,-93.7767202,22.6,mid-band,00019C01F,630720.0,-57.0,4,-11,62.9,222.0
2026-03-19 13:18:46.444488-05:00,42.0173866,-93.7767171,17.4,mid-band,00019C01F,630720.0,-53.0,18,-10,62.9,239.0
2026-03-19 13:18:49.020899-05:00,42.0172681,-93.7767152,20.4,mid-band,00019C01F,630720.0,-58.0,18,-10,73.4,227.0
2026-03-19 13:18:51.600222-05:00,42.0170805,-93.7767145,22.0,mid-band,00019C01F,630720.0,-62.0,9,-10,83.9,217.0
2026-03-19 13:18:54.180980-05:00,42.0168804,-93.7767108,28.0,mid-band,00019C01F,630720.0,-62.0,13,-10,83.9,219.0
2026-03-19 13:18:56.767848-05:00,42.016736,-93.7767081,26.1,mid-band,00019C01F,630720.0,-73.0,6,-11,105.0,223.0
2026-03-19 13:18:59.352709-05:00,42.0165077,-93.7767051,31.8,mid-band,00019C01F,630720.0,-59.0,13,-10,105.0,228.0
2026-03-19 13:19:01.943506-05:00,42.0163564,-93.7767038,39.8,mid-band,00019C01F,630720.0,-62.0,12,-10,94.4,241.0
2026-03-19 13:19:04.542440-05:00,42.0161317,-93.7767,39.9,mid-band,00019C01F,630720.0,-59.0,17,-10,83.9,245.0
2026-03-19 13:19:07.141209-05:00,42.0159025,-93.7766947,35.9,mid-band,00019C01F,630720.0,-61.0,17,-10,94.4,238.0
2026-03-19 13:19:09.736002-05:00,42.0157466,-93.7766932,36.0,mid-band,00019C01F,630720.0,-55.0,20,-10,115.0,225.0
2026-03-19 13:19:12.330888-05:00,42.0155089,-93.7766949,19.2,mid-band,00019C01F,630720.0,-70.0,11,-10,94.4,187.0
2026-03-19 13:19:14.909117-05:00,42.0153453,-93.7766932,20.1,mid-band,00019C01F,630720.0,-64.0,18,-10,105.0,204.0
2026-03-19 13:19:17.487163-05:00,42.0150944,-93.7766841,22.6,mid-band,00019C01F,630720.0,-61.0,18,-10,105.0,201.0
2026-03-19 13:19:20.068831-05:00,42.0148382,-93.776678,28.9,mid-band,00019C01F,630720.0,-60.0,17,-10,105.0,222.0
2026-03-19 13:19:22.656865-05:00,42.0146722,-93.7766758,26.2,mid-band,00019C01F,630720.0,-62.0,16,-10,83.9,242.0
2026-03-19 13:19:25.242135-05:00,42.0144233,-93.7766728,28.3,mid-band,00019C01F,630720.0,-66.0,15,-10,94.4,234.0
2026-03-19 13:19:27.829470-05:00,42.0142564,-93.7766732,41.8,mid-band,00019C01F,630720.0,-67.0,15,-10,62.9,271.0
2026-03-19 13:19:30.430298-05:00,42.0140069,-93.7766698,24.6,mid-band,00019C01F,630720.0,-65.0,12,-10,,
2026-03-19 13:19:33.013207-05:00,42.013845,-93.7766666,28.9,mid-band,00019C01F,630720.0,-65.0,13,-10,115.0,209.0
2026-03-19 13:19:35.601147-05:00,42.0136049,-93.7766627,31.2,mid-band,00019C01F,630720.0,-59.0,13,-10,115.0,212.0
2026-03-19 13:19:38.191463-05:00,42.0133622,-93.7766608,19.9,mid-band,00019C01F,630720.0,-66.0,12,-10,94.4,220.0
2026-03-19 13:19:40.770368-05:00,42.0131974,-93.7766606,26.1,mid-band,00019C01F,630720.0,-70.0,7,-11,73.4,246.0
2026-03-19 13:19:43.355441-05:00,42.0123711,-93.7766491,30.0,mid-band,00019C01F,630720.0,-71.0,8,-10,73.4,250.0
2026-03-19 13:19:53.865145-05:00,42.0121253,-93.7766489,31.7,mid-band,00019C01F,630720.0,-70.0,7,-11,83.9,247.0
2026-03-19 13:19:56.455790-05:00,42.0118831,-93.7766478,32.0,mid-band,00019C01F,630720.0,-66.0,7,-10,83.9,241.0
2026-03-19 13:19:59.046891-05:00,42.0117242,-93.7766445,26.6,mid-band,00019C01F,630720.0,-66.0,11,-10,105.0,229.0
2026-03-19 13:20:01.632768-05:00,42.011486,-93.7766403,128.0,mid-band,00019C01F,630720.0,-67.0,9,-10,105.0,199.0
2026-03-19 13:20:04.319896-05:00,42.0112474,-93.7766345,24.5,mid-band,00019C01F,630720.0,-75.0,9,-10,62.9,212.0
2026-03-19 13:20:06.903179-05:00,42.0110877,-93.7766324,22.6,mid-band,00019C01F,630720.0,-75.0,7,-11,73.4,203.0
2026-03-19 13:20:09.485009-05:00,42.0108487,-93.7766292,22.3,mid-band,00019C01F,630720.0,-73.0,6,-11,83.9,229.0
2026-03-19 13:20:12.066319-05:00,42.010609,-93.7766233,21.3,mid-band,00019C01F,630720.0,-70.0,4,-11,94.4,236.0
2026-03-19 13:20:14.646485-05:00,42.0104492,-93.7766206,27.6,mid-band,00019C01F,630720.0,-67.0,5,-11,73.4,251.0
2026-03-19 13:20:17.233176-05:00,42.010212,-93.7766178,28.9,mid-band,00019C01F,630720.0,-66.0,8,-10,94.4,235.0
2026-03-19 13:20:19.820948-05:00,42.0100651,-93.7766187,37.7,mid-band,00019C01F,630720.0,-67.0,10,-10,62.9,192.0
2026-03-19 13:20:22.417124-05:00,42.0098661,-93.7766145,26.1,mid-band,00019C01F,630720.0,-68.0,11,-10,83.9,200.0
2026-03-19 13:20:25.001157-05:00,42.0097409,-93.7766127,23.8,mid-band,00019C01F,630720.0,-67.0,10,-10,94.4,195.0
2026-03-19 13:20:27.583354-05:00,42.009554,-93.7766101,49.4,mid-band,00019C01F,630720.0,-67.0,12,-10,94.4,203.0
2026-03-19 13:20:30.191474-05:00,42.0093645,-93.776606,29.3,mid-band,00019C01F,630720.0,-70.0,7,-11,94.4,205.0
2026-03-19 13:20:32.779656-05:00,42.0092366,-93.7766034,24.9,mid-band,00019C01F,630720.0,-70.0,7,-11,94.4,228.0
2026-03-19 13:20:35.363055-05:00,42.0090604,-93.7765989,23.7,mid-band,00019C01F,630720.0,-72.0,9,-11,115.0,207.0
2026-03-19 13:20:37.945413-05:00,42.0089612,-93.7766064,28.7,mid-band,00019C01F,630720.0,-84.0,0,-11,73.4,165.0
2026-03-19 13:20:40.533106-05:00,42.0088729,-93.7767055,38.9,mid-band,00019C01F,630720.0,-74.0,4,-11,73.4,215.0
2026-03-19 13:20:43.130933-05:00,42.0088639,-93.7768894,16.3,mid-band,00019C01F,630720.0,-76.0,8,-10,52.4,224.0
2026-03-19 13:20:45.706295-05:00,42.0088632,-93.7770478,26.4,mid-band,00019C01F,630720.0,-73.0,5,-11,62.9,200.0
2026-03-19 13:20:48.291808-05:00,42.0088608,-93.7773108,16.5,mid-band,00019C01F,630720.0,-70.0,12,-10,83.9,204.0
2026-03-19 13:20:50.867303-05:00,42.0088584,-93.7774955,19.2,mid-band,00019C01F,630720.0,-70.0,12,-10,62.9,217.0
2026-03-19 13:20:53.445194-05:00,42.0088464,-93.7784717,24.0,mid-band,00019C01F,630720.0,-75.0,5,-11,62.9,217.0
2026-03-19 13:21:03.866158-05:00,42.0088442,-93.7787723,33.8,mid-band,00019C01F,630720.0,-75.0,4,-11,73.4,256.0
2026-03-19 13:21:06.459133-05:00,42.0088387,-93.7790684,25.1,mid-band,00019C01F,630720.0,-79.0,-4,-11,73.4,251.0
2026-03-19 13:21:09.043424-05:00,42.0088349,-93.7792623,29.3,mid-band,00019C01F,630720.0,-76.0,-1,-11,94.4,244.0
2026-03-19 13:21:11.631785-05:00,42.0088291,-93.7795474,32.8,mid-band,00019C01F,630720.0,-77.0,0,-11,62.9,148.0
2026-03-19 13:21:14.223485-05:00,42.0088253,-93.7798302,27.6,mid-band,00019C01F,630720.0,-75.0,1,-11,94.4,229.0
2026-03-19 13:21:16.810292-05:00,42.0088225,-93.780019,29.3,mid-band,00019C01F,630720.0,-71.0,3,-11,105.0,200.0
2026-03-19 13:21:19.398248-05:00,42.0088184,-93.7803057,33.4,mid-band,00019C01F,630720.0,-68.0,9,-10,126.0,184.0
2026-03-19 13:21:21.990465-05:00,42.0088174,-93.7804959,32.3,mid-band,00019C01F,630720.0,-66.0,8,-10,136.0,201.0
2026-03-19 13:21:24.581678-05:00,42.0088183,-93.7807732,27.1,mid-band,00019C01F,630720.0,-65.0,9,-10,115.0,199.0
2026-03-19 13:21:27.167450-05:00,42.0088152,-93.7810378,19.5,mid-band,00019C01F,630720.0,-64.0,11,-10,115.0,209.0
2026-03-19 13:21:29.745688-05:00,42.0088091,-93.7812183,26.4,mid-band,00019C01F,630720.0,-65.0,12,-10,73.4,172.0
2026-03-19 13:21:32.330423-05:00,42.0088008,-93.7815034,22.3,mid-band,00019C01F,630720.0,-67.0,11,-10,94.4,229.0
2026-03-19 13:21:34.911345-05:00,42.0087975,-93.781696,26.1,mid-band,00019C01F,630720.0,-65.0,11,-10,105.0,220.0
2026-03-19 13:21:37.496509-05:00,42.0087947,-93.7819922,29.8,mid-band,00019C01F,630720.0,-68.0,11,-10,94.4,223.0
2026-03-19 13:21:40.085126-05:00,42.0087901,-93.7822969,23.4,mid-band,00019C01F,630720.0,-66.0,11,-10,94.4,230.0
2026-03-19 13:21:42.667488-05:00,42.0087867,-93.7824955,33.8,mid-band,00019C01F,630720.0,-68.0,11,-10,73.4,232.0
2026-03-19 13:21:45.260195-05:00,42.0087824,-93.7827871,68.0,mid-band,00019C01F,630720.0,-69.0,9,-10,73.4,224.0
2026-03-19 13:21:47.887167-05:00,42.008777,-93.7829748,39.1,mid-band,00019C01F,630720.0,-72.0,6,-11,94.4,247.0
2026-03-19 13:21:50.485184-05:00,42.0087677,-93.7832298,30.4,mid-band,00019C01F,630720.0,-69.0,1,-11,73.4,241.0
2026-03-19 13:21:53.074413-05:00,42.0087619,-93.783485,39.1,mid-band,00019C01F,630720.0,-65.0,11,-10,115.0,215.0
2026-03-19 13:21:55.672145-05:00,42.0087602,-93.7836682,39.7,mid-band,00019C01F,630720.0,-65.0,14,-10,115.0,211.0
2026-03-19 13:21:58.270779-05:00,42.0087564,-93.7839556,44.1,mid-band,00019C01F,630720.0,-65.0,14,-10,126.0,201.0
2026-03-19 13:22:00.873486-05:00,42.0087568,-93.7841485,32.3,mid-band,00019C01F,630720.0,-83.0,-3,-11,31.5,160.0
2026-03-19 13:22:03.464671-05:00,42.0087424,-93.7850758,47.6,mid-band,00019C01F,630720.0,-67.0,8,-11,52.4,79.1
2026-03-19 13:22:13.885823-05:00,42.0087393,-93.7853561,36.0,mid-band,00019C01F,630720.0,-68.0,10,-10,105.0,224.0
2026-03-19 13:22:16.480907-05:00,42.0087354,-93.7856395,45.5,mid-band,00019C01F,630720.0,-66.0,10,-10,105.0,225.0
2026-03-19 13:22:19.085203-05:00,42.0087302,-93.7859267,11.3,mid-band,00019C01F,630720.0,-68.0,19,-10,83.9,242.0
2026-03-19 13:22:21.655384-05:00,42.0087252,-93.7861268,27.7,mid-band,00019C01F,630720.0,-74.0,17,-10,52.4,262.0
2026-03-19 13:22:24.242172-05:00,42.0087183,-93.7864419,24.6,mid-band,00019C01F,630720.0,-76.0,14,-10,52.4,263.0
2026-03-19 13:22:26.825197-05:00,42.0087146,-93.7866538,24.0,mid-band,00019C01F,630720.0,-78.0,7,-10,62.9,218.0
2026-03-19 13:22:29.408031-05:00,42.0087093,-93.7869656,22.2,mid-band,00019C01F,630720.0,-73.0,11,-10,73.4,227.0
2026-03-19 13:22:31.989156-05:00,42.0087052,-93.787168,17.7,mid-band,00019C01F,630720.0,-80.0,3,-11,73.4,232.0
2026-03-19 13:22:34.565869-05:00,42.0087009,-93.7874666,29.7,mid-band,00019C01F,630720.0,-79.0,0,-11,73.4,217.0
2026-03-19 13:22:37.154633-05:00,42.0086983,-93.7877602,23.3,mid-band,00019C01F,630720.0,-86.0,0,-11,41.9,151.0
2026-03-19 13:22:39.737025-05:00,42.0086945,-93.7879544,34.8,mid-band,00019C01F,630720.0,-82.0,8,-10,62.9,264.0
2026-03-19 13:22:42.330733-05:00,42.0086911,-93.7882477,23.0,mid-band,00019C01F,630720.0,-87.0,-2,-11,41.9,269.0
2026-03-19 13:22:44.912848-05:00,42.0086879,-93.7884396,25.5,mid-band,00019C01F,630720.0,-91.0,5,-11,21.0,286.0
2026-03-19 13:22:47.497322-05:00,42.0086843,-93.7887175,17.3,mid-band,00019C01F,630720.0,-94.0,3,-10,21.0,285.0
2026-03-19 13:22:50.073213-05:00,42.0086803,-93.7889846,24.8,mid-band,00019C01F,630720.0,-90.0,2,-10,21.0,220.0
2026-03-19 13:22:52.657015-05:00,42.0086755,-93.7891642,20.0,mid-band,00019C01F,630720.0,-96.0,2,-11,10.5,285.0
2026-03-19 13:22:55.235898-05:00,42.0086671,-93.789438,69.0,mid-band,00019C01F,630720.0,-88.0,7,-10,10.5,234.0
2026-03-19 13:22:57.863961-05:00,42.0086637,-93.7896213,19.5,mid-band,00019C01F,630720.0,-93.0,4,-10,10.5,171.0
2026-03-19 13:23:00.442334-05:00,42.008658,-93.7898957,14.6,mid-band,00019C01F,630720.0,-95.0,8,-10,10.5,179.0
2026-03-19 13:23:03.015760-05:00,42.0086557,-93.7900803,118.0,mid-band,00019C01F,630720.0,-92.0,7,-10,21.0,234.0
2026-03-19 13:23:05.692775-05:00,42.0086527,-93.7903657,19.4,mid-band,00019C01F,630720.0,-92.0,9,-10,21.0,232.0
2026-03-19 13:23:08.271175-05:00,42.0086475,-93.7906439,28.4,mid-band,00019C01F,630720.0,-87.0,8,-10,31.5,276.0
2026-03-19 13:23:10.858235-05:00,42.0086433,-93.7908335,194.0,mid-band,00019C01F,630720.0,-90.0,6,-10,21.0,235.0
2026-03-19 13:23:13.610844-05:00,42.0086288,-93.7917767,27.6,mid-band,00019C01F,630720.0,-77.0,20,-10,21.0,221.0
2026-03-19 13:23:23.867623-05:00,42.0086217,-93.7920638,27.2,mid-band,00019C01F,630720.0,-76.0,22,-10,52.4,273.0
2026-03-19 13:23:26.453214-05:00,42.0086145,-93.7923593,27.5,mid-band,00019C01F,630720.0,-75.0,23,-10,73.4,266.0
2026-03-19 13:23:29.039725-05:00,42.0086109,-93.7925558,31.2,mid-band,00019C01F,630720.0,-73.0,25,-10,62.9,186.0
2026-03-19 13:23:31.629890-05:00,42.0086068,-93.7928511,33.9,mid-band,00019C01F,630720.0,-72.0,25,-10,83.9,236.0
2026-03-19 13:23:34.222830-05:00,42.0086023,-93.7931444,26.1,mid-band,00019C01F,630720.0,-72.0,23,-10,94.4,198.0
2026-03-19 13:23:36.808037-05:00,42.0085989,-93.7933383,27.8,mid-band,00019C01F,630720.0,-71.0,17,-10,83.9,213.0
2026-03-19 13:23:39.394337-05:00,42.0085945,-93.7936278,25.7,mid-band,00019C01F,630720.0,-69.0,19,-10,94.4,224.0
2026-03-19 13:23:41.979201-05:00,42.0085935,-93.7938201,28.4,mid-band,00019C01F,630720.0,-71.0,14,-10,62.9,191.0
2026-03-19 13:23:44.566649-05:00,42.0085912,-93.7941066,34.4,mid-band,00019C01F,630720.0,-75.0,11,-10,41.9,179.0
2026-03-19 13:23:47.160144-05:00,42.0085892,-93.7943872,25.4,mid-band,00019C01F,630720.0,-76.0,7,-11,31.5,167.0
2026-03-19 13:23:49.744563-05:00,42.0085862,-93.794568,22.8,mid-band,00019C01F,630720.0,-72.0,5,-10,52.4,237.0
2026-03-19 13:23:52.326444-05:00,42.0085808,-93.7948321,27.3,mid-band,00019C01F,630720.0,-69.0,10,-10,62.9,262.0
2026-03-19 13:23:54.912832-05:00,42.0085748,-93.7950071,25.7,mid-band,00019C01F,630720.0,-72.0,12,-10,94.4,229.0
2026-03-19 13:23:57.497618-05:00,42.0085677,-93.7952782,37.9,mid-band,00019C01F,630720.0,-65.0,18,-10,105.0,213.0
2026-03-19 13:24:00.094580-05:00,42.0085705,-93.7955608,26.9,mid-band,00019C01F,630720.0,-65.0,16,-10,136.0,181.0
2026-03-19 13:24:02.680643-05:00,42.0085682,-93.7957392,90.0,mid-band,00019C01F,630720.0,-69.0,13,-10,62.9,156.0
2026-03-19 13:24:05.329676-05:00,42.008563,-93.7960016,18.7,mid-band,00019C01F,630720.0,-74.0,6,-10,83.9,242.0
2026-03-19 13:24:07.907355-05:00,42.0085584,-93.7961745,25.7,mid-band,00019C01F,630720.0,-70.0,10,-10,94.4,204.0
2026-03-19 13:24:10.492170-05:00,42.0085569,-93.7964533,25.3,mid-band,00019C01F,630720.0,-73.0,6,-10,94.4,213.0
2026-03-19 13:24:13.076062-05:00,42.0085567,-93.7967412,30.5,mid-band,00019C01F,630720.0,-71.0,9,-10,105.0,233.0
2026-03-19 13:24:15.665594-05:00,42.0085569,-93.7969342,33.0,mid-band,00019C01F,630720.0,-71.0,8,-10,105.0,217.0
2026-03-19 13:24:18.257518-05:00,42.0085562,-93.7972339,43.1,mid-band,00019C01F,630720.0,-72.0,7,-10,73.4,161.0
2026-03-19 13:24:20.859540-05:00,42.0085525,-93.7974399,24.7,mid-band,00019C01F,630720.0,-76.0,3,-11,41.9,106.0
2026-03-19 13:24:23.443014-05:00,42.0085446,-93.7985145,22.9,mid-band,00019C01F,630720.0,-75.0,2,-11,62.9,167.0
2026-03-19 13:24:33.860402-05:00,42.0085458,-93.7988358,34.0,mid-band,00019C01F,630720.0,-79.0,2,-11,105.0,226.0
2026-03-19 13:24:36.453473-05:00,42.0085485,-93.7991536,18.1,mid-band,00019C01F,630720.0,-76.0,8,-10,83.9,193.0
2026-03-19 13:24:39.030445-05:00,42.0085482,-93.7993637,22.9,mid-band,00019C01F,630720.0,-71.0,14,-10,73.4,193.0
2026-03-19 13:24:41.612029-05:00,42.0085493,-93.7996788,27.7,mid-band,00019C01F,630720.0,-74.0,12,-10,73.4,202.0
2026-03-19 13:24:44.198812-05:00,42.0085486,-93.7999976,28.2,mid-band,00019C01F,630720.0,-95.0,-7,-20,31.5,196.0
2026-03-19 13:24:46.786045-05:00,42.0085465,-93.8002153,27.4,mid-band,00019C01F,630720.0,-79.0,2,-12,73.4,232.0
2026-03-19 13:24:49.372450-05:00,42.0085426,-93.800548,67.3,mid-band,00019C01F,630720.0,-82.0,1,-11,73.4,219.0
2026-03-19 13:24:51.998843-05:00,42.0085412,-93.800775,109.0,mid-band,00019C01F,630720.0,-79.0,2,-11,94.4,190.0
2026-03-19 13:24:54.666327-05:00,42.0085419,-93.8011253,28.9,mid-band,00019C01F,630720.0,-74.0,8,-11,94.4,134.0
2026-03-19 13:24:57.254294-05:00,42.0085427,-93.801485,30.4,mid-band,00019C01F,630720.0,-78.0,0,-11,94.4,155.0
2026-03-19 13:24:59.843243-05:00,42.008543,-93.8017255,28.8,mid-band,00019C01F,630720.0,-77.0,6,-11,126.0,173.0
2026-03-19 13:25:02.430960-05:00,42.0085426,-93.802083,,,,,,,,62.9,182.0
2026-03-19 13:25:08.092496-05:00,42.0085386,-93.8027647,,,,,,,,,
2026-03-19 13:25:13.753902-05:00,42.0085391,-93.8032947,,,,,,,,,
2026-03-19 13:25:19.415134-05:00,42.0085392,-93.803934,,,,,,,,,
2026-03-19 13:25:25.076381-05:00,42.0085409,-93.8045888,,,,,,,,,
2026-03-19 13:25:30.737681-05:00,42.0085454,-93.8051163,,,,,,,,,
2026-03-19 13:25:36.398779-05:00,42.0085311,-93.8061079,,mid-band,00019C01F,630720.0,-83.0,3,-11,,
2026-03-19 13:25:45.929182-05:00,42.008535,-93.8065934,35.3,mid-band,00019C01F,630720.0,-83.0,3,-12,,
2026-03-19 13:25:48.523150-05:00,42.0085362,-93.8068773,24.5,mid-band,00019C01F,630720.0,-86.0,-3,-11,41.9,230.0
2026-03-19 13:25:51.106625-05:00,42.008537,-93.8071574,28.6,mid-band,00019C01F,630720.0,-84.0,-2,-11,31.5,225.0
2026-03-19 13:25:53.694272-05:00,42.0085382,-93.8073448,19.9,mid-band,00019C01F,630720.0,-87.0,-4,-18,41.9,240.0
2026-03-19 13:25:56.272953-05:00,42.0085393,-93.807624,31.3,mid-band,00019C01F,630720.0,-75.0,3,-11,62.9,219.0
2026-03-19 13:25:58.862686-05:00,42.008539,-93.8078084,35.7,mid-band,00019C01F,630720.0,-74.0,4,-11,105.0,192.0
2026-03-19 13:26:01.457418-05:00,42.0085364,-93.808086,74.5,mid-band,00019C01F,630720.0,-71.0,7,-11,94.4,168.0
2026-03-19 13:26:04.090846-05:00,42.0085376,-93.808364,51.9,mid-band,00019C01F,630720.0,-71.0,6,-11,,
2026-03-19 13:26:06.701190-05:00,42.0085388,-93.8085496,54.4,mid-band,00019C01F,630720.0,-73.0,5,-11,,
2026-03-19 13:26:09.314314-05:00,42.0085401,-93.8088343,34.1,mid-band,00019C01F,630720.0,-70.0,8,-10,52.4,198.0
2026-03-19 13:26:11.907333-05:00,42.0085375,-93.8090261,33.8,mid-band,00019C01F,630720.0,-69.0,12,-10,115.0,213.0
2026-03-19 13:26:14.500183-05:00,42.0085378,-93.8093159,40.9,mid-band,00019C01F,630720.0,-68.0,14,-10,105.0,222.0
2026-03-19 13:26:17.100219-05:00,42.0085402,-93.8096094,54.0,mid-band,00019C01F,630720.0,-70.0,15,-10,94.4,243.0
2026-03-19 13:26:19.713178-05:00,42.0085418,-93.8098085,26.6,mid-band,00019C01F,630720.0,-67.0,13,-10,41.9,197.0
2026-03-19 13:26:22.298758-05:00,42.0085412,-93.8101188,24.5,mid-band,00019C01F,630720.0,-72.0,12,-10,83.9,218.0
2026-03-19 13:26:24.882228-05:00,42.0085399,-93.8103372,20.6,mid-band,00019C01F,630720.0,-77.0,7,-11,94.4,217.0
2026-03-19 13:26:27.461848-05:00,42.0085397,-93.810661,27.1,mid-band,00019C01F,630720.0,-80.0,6,-11,83.9,203.0
2026-03-19 13:26:30.047923-05:00,42.0085397,-93.8108706,27.8,mid-band,00019C01F,630720.0,-81.0,5,-11,83.9,221.0
2026-03-19 13:26:32.634789-05:00,42.0085397,-93.8111819,30.0,mid-band,00019C01F,630720.0,-84.0,1,-11,94.4,241.0
2026-03-19 13:26:35.224057-05:00,42.0085361,-93.8114885,40.5,mid-band,00019C01F,630720.0,-79.0,6,-11,83.9,230.0
2026-03-19 13:26:37.823565-05:00,42.008533,-93.8116946,47.1,mid-band,00019C01F,630720.0,-78.0,7,-11,83.9,250.0
2026-03-19 13:26:40.429717-05:00,42.0085329,-93.812008,61.8,mid-band,00019C01F,630720.0,-79.0,6,-11,73.4,260.0
2026-03-19 13:26:43.050480-05:00,42.0085448,-93.8130838,853.0,mid-band,00019C01F,630720.0,-93.0,3,-11,52.4,275.0
2026-03-19 13:26:54.692435-05:00,42.0085462,-93.8134938,30.5,mid-band,00019C01F,630720.0,-95.0,-3,-11,10.5,114.0
2026-03-19 13:26:57.282080-05:00,42.0085473,-93.8137889,30.1,mid-band,00019C01F,630720.0,-93.0,-2,-11,31.5,290.0
2026-03-19 13:26:59.871117-05:00,42.0085504,-93.8139802,42.7,mid-band,00019C01F,630720.0,-99.0,-5,-11,21.0,275.0
2026-03-19 13:27:02.472494-05:00,42.0085534,-93.814259,32.0,mid-band,00019C01F,630720.0,-99.0,-3,-11,21.0,263.0
2026-03-19 13:27:05.063471-05:00,42.0085542,-93.8144385,30.9,mid-band,00019C01F,630720.0,-95.0,-3,-11,31.5,296.0
2026-03-19 13:27:07.653391-05:00,42.0085566,-93.8146964,38.9,mid-band,00019C01F,630720.0,-84.0,5,-11,41.9,294.0
2026-03-19 13:27:10.250719-05:00,42.0085572,-93.8149327,25.2,mid-band,00019C01F,630720.0,-83.0,3,-11,52.4,252.0
2026-03-19 13:27:12.834844-05:00,42.0085572,-93.8150574,25.1,mid-band,00019C01F,630720.0,-85.0,6,-11,31.5,275.0
2026-03-19 13:27:15.418819-05:00,42.0085546,-93.815127,20.1,mid-band,00019C01F,630720.0,-90.0,2,-11,41.9,276.0
2026-03-19 13:27:17.997192-05:00,42.0085535,-93.8151668,19.2,mid-band,00019C01F,630720.0,-89.0,0,-11,41.9,243.0
2026-03-19 13:27:20.575186-05:00,42.00855,-93.8153405,76.6,,,,,,,31.4,174.0
2026-03-19 13:27:22.159529-05:00,42.0085487,-93.8154711,68.4,,,,,,,,
2026-03-19 13:27:23.735448-05:00,42.0085481,-93.8155361,77.5,,,,,,,,
2026-03-19 13:27:25.320348-05:00,42.0085471,-93.8156571,62.5,,,,,,,,
2026-03-19 13:27:26.890308-05:00,42.0085463,-93.8157139,62.2,,,,,,,,
2026-03-19 13:27:28.459846-05:00,42.0085456,-93.8158189,62.8,,,,,,,,
2026-03-19 13:27:30.029922-05:00,42.0085448,-93.8158662,63.5,,,,,,,,
2026-03-19 13:27:31.600598-05:00,42.0085422,-93.815946,70.6,,,,,,,,
2026-03-19 13:27:33.178510-05:00,42.008542,-93.8159887,64.5,,,,,,,,
2026-03-19 13:27:34.750349-05:00,42.0085414,-93.8159992,59.2,,,,,,,,
2026-03-19 13:27:36.316693-05:00,42.0085409,-93.8160054,65.8,,,,,,,,
2026-03-19 13:27:37.889749-05:00,42.008541,-93.8160048,261.0,,,,,,,,
2026-03-19 13:27:39.657922-05:00,42.0085417,-93.8160041,139.0,,,,,,,,
2026-03-19 13:27:41.303865-05:00,42.0085424,-93.8160031,212.0,,,,,,,,
2026-03-19 13:27:43.022608-05:00,42.008543,-93.8160027,121.0,,,,,,,,
2026-03-19 13:27:44.650875-05:00,42.0085434,-93.8160024,172.0,,,,,,,,
2026-03-19 13:27:46.329998-05:00,42.0085437,-93.8160034,309.0,,,,,,,,
2026-03-19 13:27:48.146383-05:00,42.0085443,-93.8160055,239.0,,,,,,,,
2026-03-19 13:27:49.892395-05:00,42.0085444,-93.8160091,101.0,,,,,,,,
2026-03-19 13:27:51.501147-05:00,42.0085446,-93.8160325,185.0,,,,,,,,
2026-03-19 13:27:53.193852-05:00,42.0085392,-93.8163202,13.9,,,,,,,,
2026-03-19 13:28:02.797779-05:00,42.0085378,-93.8163845,17.7,,,,,,,,
2026-03-19 13:28:04.322850-05:00,42.0085376,-93.8164437,12.8,,,,,,,,
2026-03-19 13:28:08.448506-05:00,42.0085356,-93.8165363,6.25,mid-band,00019C01F,630720.0,-86.0,4,-11,,
2026-03-19 13:28:11.014329-05:00,42.0085358,-93.8165538,46.3,mid-band,00019C01F,630720.0,-90.0,1,-11,,
2026-03-19 13:28:13.619318-05:00,42.0085353,-93.8165572,6.26,mid-band,00019C01F,630720.0,-89.0,3,-11,,
2026-03-19 13:28:16.184346-05:00,42.0085336,-93.8165601,11.2,mid-band,00019C01F,630720.0,-90.0,2,-11,,
2026-03-19 13:28:18.754266-05:00,42.0085323,-93.8165775,26.5,mid-band,00019C01F,630720.0,-86.0,5,-11,,
2026-03-19 13:28:21.339319-05:00,42.0085306,-93.8166166,20.7,mid-band,00019C01F,630720.0,-83.0,7,-10,,
2026-03-19 13:28:23.918897-05:00,42.0085284,-93.8166527,13.6,mid-band,00019C01F,630720.0,-91.0,2,-11,24.0,79.7
2026-03-19 13:28:26.491134-05:00,42.0085253,-93.8166958,14.1,mid-band,00019C01F,630720.0,-86.0,8,-11,26.9,223.0
2026-03-19 13:28:29.063889-05:00,42.0085243,-93.8167288,18.7,mid-band,00019C01F,630720.0,-83.0,8,-10,43.0,266.0
2026-03-19 13:28:31.641206-05:00,42.00852,-93.8168434,27.6,mid-band,00019C01F,630720.0,-82.0,7,-10,50.7,248.0
2026-03-19 13:28:34.227543-05:00,42.008515,-93.8169839,47.3,mid-band,00019C01F,630720.0,-87.0,7,-11,54.9,265.0
2026-03-19 13:28:36.833522-05:00,42.0085111,-93.81708,22.3,mid-band,00019C01F,630720.0,-87.0,0,-11,33.6,186.0
2026-03-19 13:28:39.414560-05:00,42.0085061,-93.8172547,33.1,mid-band,00019C01F,630720.0,-88.0,-1,-11,51.2,265.0
2026-03-19 13:28:42.006406-05:00,42.0085029,-93.8173957,43.5,mid-band,00019C01F,630720.0,-86.0,-2,-11,45.5,284.0
2026-03-19 13:28:44.608461-05:00,42.0085,-93.8176219,27.8,mid-band,00019C01F,630720.0,-92.0,-4,-11,39.9,240.0
2026-03-19 13:28:47.195060-05:00,42.0084972,-93.8178853,21.1,mid-band,00019C01F,630720.0,-93.0,-5,-11,51.2,265.0
2026-03-19 13:28:49.775022-05:00,42.0084939,-93.818072,,mid-band,FFFFFFFFF,-1.0,-73.0,0,-10,5.69,51.4
2026-03-19 13:28:53.333965-05:00,42.0084874,-93.8184691,,mid-band,FFFFFFFFF,-1.0,-76.0,24,-10,,
2026-03-19 13:28:56.892707-05:00,42.0084824,-93.8187877,,,,,,,,,
2026-03-19 13:29:02.553948-05:00,42.0084726,-93.8193772,,,,,,,,,
2026-03-19 13:29:08.215281-05:00,42.008456,-93.820596,22.5,mid-band,00019C01F,630720.0,-100.0,-3,-11,,
2026-03-19 13:29:24.863105-05:00,42.008454,-93.820828,,mid-band,FFFFFFFFF,-1.0,-82.0,0,-10,,
2026-03-19 13:29:29.473165-05:00,42.0084504,-93.821106,,,,,,,,,
2026-03-19 13:29:35.134402-05:00,42.0084422,-93.821473,,mid-band,FFFFFFFFF,-1.0,-75.0,18,-10,,
2026-03-19 13:29:39.744443-05:00,42.00844,-93.8217226,,,,,,,,,
2026-03-19 13:29:45.405790-05:00,42.0084357,-93.8220731,,,,,,,,,
2026-03-19 13:29:51.067053-05:00,42.0084277,-93.8224588,,,,,,,,,
2026-03-19 13:29:56.728139-05:00,42.0084217,-93.8227999,12.8,mid-band,00019C01F,630720.0,-90.0,1,-11,,
2026-03-19 13:29:59.299524-05:00,42.0084219,-93.8230387,,,,,,,,,
2026-03-19 13:30:04.960757-05:00,42.0084148,-93.823439,,,,,,,,,
2026-03-19 13:30:10.621795-05:00,42.0084071,-93.8238753,,,,,,,,,
2026-03-19 13:30:16.282970-05:00,42.0083994,-93.8243011,,,,,,,,,
2026-03-19 13:30:21.944193-05:00,42.0083957,-93.8247421,,,,,,,,,
2026-03-19 13:30:27.605455-05:00,42.0083879,-93.825598,,,,,,,,,
2026-03-19 13:30:35.931257-05:00,42.0083833,-93.8260454,,,,,,,,,
2026-03-19 13:30:41.592474-05:00,42.00839,-93.8265352,,,,,,,,,
2026-03-19 13:30:47.253698-05:00,42.0083919,-93.827003,,,,,,,,,
2026-03-19 13:30:52.914822-05:00,42.0083911,-93.8273559,,,,,,,,,
2026-03-19 13:30:58.576329-05:00,42.0083882,-93.8278338,,,,,,,,,
2026-03-19 13:31:04.237579-05:00,42.0083874,-93.8283793,,,,,,,,,
2026-03-19 13:31:09.898891-05:00,42.0083889,-93.8287824,,,,,,,,,
2026-03-19 13:31:15.560189-05:00,42.0083894,-93.8292221,,,,,,,,,
2026-03-19 13:31:21.221832-05:00,42.0083882,-93.8296988,,,,,,,,,
2026-03-19 13:31:26.883230-05:00,42.0083925,-93.8301321,,,,,,,,,
2026-03-19 13:31:32.544144-05:00,42.0083915,-93.831415,,,,,,,,,
2026-03-19 13:31:46.943255-05:00,42.008392,-93.8319425,,,,,,,,,
2026-03-19 13:31:52.603676-05:00,42.0083944,-93.8324145,,,,,,,,,
2026-03-19 13:31:58.264913-05:00,42.008384,-93.8328437,,,,,,,,,
2026-03-19 13:32:03.926168-05:00,42.0083867,-93.8331182,,,,,,,,,
2026-03-19 13:32:09.587404-05:00,42.0084847,-93.833184,,,,,,,,,
2026-03-19 13:32:15.248695-05:00,42.0084838,-93.8331944,,,,,,,,,
2026-03-19 13:32:20.909810-05:00,42.0084235,-93.8332239,,,,,,,,,
2026-03-19 13:32:26.571144-05:00,42.0083978,-93.8332731,,,,,,,,,
2026-03-19 13:32:32.232411-05:00,42.0084085,-93.8330269,,,,,,,,,
2026-03-19 13:32:37.893582-05:00,42.0084199,-93.8324155,,,,,,,,,
2026-03-19 13:32:43.554712-05:00,42.0084221,-93.829879,62.4,,,,,,,,
2026-03-19 13:32:52.846217-05:00,42.0084223,-93.8294366,211.0,,,,,,,,
2026-03-19 13:32:54.564545-05:00,42.0084261,-93.8289888,64.2,,,,,,,,
2026-03-19 13:32:56.136114-05:00,42.0084294,-93.8285382,62.7,,,,,,,,
2026-03-19 13:32:57.706177-05:00,42.0084303,-93.8283145,87.9,,,,,,,,
2026-03-19 13:32:59.301313-05:00,42.0084316,-93.8278668,82.8,,,,,,,,
2026-03-19 13:33:00.891203-05:00,42.0084316,-93.8276417,63.7,,,,,,,,
2026-03-19 13:33:02.462008-05:00,42.0084375,-93.8271954,93.8,,,,,,,,
2026-03-19 13:33:04.062967-05:00,42.0084399,-93.8269732,54.3,,,,,,,,
2026-03-19 13:33:05.624594-05:00,42.0084394,-93.8265292,81.3,,,,,,,,
2026-03-19 13:33:07.213208-05:00,42.0084362,-93.8260825,81.0,,,,,,,,
2026-03-19 13:33:08.801569-05:00,42.0084361,-93.8258599,62.9,,,,,,,,
2026-03-19 13:33:10.371744-05:00,42.008438,-93.825418,92.9,,,,,,,,
2026-03-19 13:33:11.971937-05:00,42.0084398,-93.8251988,93.2,,,,,,,,
2026-03-19 13:33:13.572386-05:00,42.0084429,-93.8247653,92.4,,,,,,,,
2026-03-19 13:33:15.172048-05:00,42.0084448,-93.8243332,101.0,,,,,,,,
2026-03-19 13:33:16.779890-05:00,42.0084455,-93.8241168,52.8,,,,,,,,
2026-03-19 13:33:18.339874-05:00,42.0084503,-93.8236873,92.9,,,,,,,,
2026-03-19 13:33:19.939910-05:00,42.0084542,-93.8234758,83.6,,,,,,,,
2026-03-19 13:33:21.530774-05:00,42.0084605,-93.8230565,101.0,,,,,,,,
2026-03-19 13:33:23.138468-05:00,42.0084633,-93.8226426,97.0,,,,,,,,
2026-03-19 13:33:24.742953-05:00,42.0084657,-93.8224427,81.2,,,,,,,,
2026-03-19 13:33:26.331519-05:00,42.008475,-93.8220591,84.3,,,,,,,,
2026-03-19 13:33:27.923210-05:00,42.0084765,-93.8218698,85.7,,,,,,,,
2026-03-19 13:33:29.515931-05:00,42.0084815,-93.8214933,75.8,,,,,,,,
2026-03-19 13:33:31.098817-05:00,42.0084863,-93.8211083,93.8,,,,,,,,
2026-03-19 13:33:32.699915-05:00,42.0084897,-93.8209101,88.8,,,,,,,,
2026-03-19 13:33:34.295948-05:00,42.0084993,-93.8205051,94.2,,,,,,,,
2026-03-19 13:33:35.897536-05:00,42.0085064,-93.8203003,70.8,,,,,,,,
2026-03-19 13:33:37.475712-05:00,42.0085148,-93.8198919,93.2,,,,,,,,
2026-03-19 13:33:39.076223-05:00,42.008519,-93.8194817,67.4,,,,,,,,
2026-03-19 13:33:40.650942-05:00,42.0085201,-93.8192762,129.0,,,,,,,,
2026-03-19 13:33:42.286872-05:00,42.0085211,-93.8188667,58.6,,,,,,,,
2026-03-19 13:33:43.852834-05:00,42.0085234,-93.8186637,91.8,,,,,,,,
2026-03-19 13:33:45.451974-05:00,42.0085288,-93.8182679,52.7,,,,,,,,
2026-03-19 13:33:47.011646-05:00,42.0085324,-93.8180745,61.8,,,,,,,,
2026-03-19 13:33:48.580716-05:00,42.0085414,-93.8176908,83.8,,,,,,,,
2026-03-19 13:33:50.171753-05:00,42.0085493,-93.8173083,92.8,,,,,,,,
2026-03-19 13:33:51.771884-05:00,42.0085525,-93.8171192,92.7,,,,,,,,
2026-03-19 13:34:04.172401-05:00,42.0085723,-93.8156163,91.5,,,,,,,,
2026-03-19 13:34:08.926133-05:00,42.0085723,-93.8156128,109.0,,,,,,,,
2026-03-19 13:34:13.696450-05:00,42.0085721,-93.8156134,93.3,,,,,,,,
2026-03-19 13:34:18.451223-05:00,42.008571,-93.8156152,97.7,,,,,,,,
2026-03-19 13:34:23.210187-05:00,42.0085697,-93.8156189,62.8,,,,,,,,
2026-03-19 13:34:27.934310-05:00,42.0085691,-93.8156193,254.0,,,,,,,,
2026-03-19 13:34:44.845690-05:00,42.0085668,-93.8156145,283.0,,,,,,,4.14,2.38
2026-03-19 13:34:49.791471-05:00,42.008565,-93.8156143,,,,,,,,4.14,6.75
2026-03-19 13:34:55.453099-05:00,42.0085643,-93.8156126,404.0,,,,,,,4.14,2.78
2026-03-19 13:35:00.518113-05:00,42.0085636,-93.8156134,686.0,,,,,,,4.14,3.34
2026-03-19 13:35:05.865697-05:00,42.0085616,-93.8156149,847.0,,,,,,,4.14,10.5
2026-03-19 13:35:16.275583-05:00,42.0085579,-93.8156152,527.0,,,,,,,4.66,3.73
2026-03-19 13:35:21.463775-05:00,42.0085576,-93.8156133,782.0,,,,,,,7.25,2.68
2026-03-19 13:35:26.906875-05:00,42.0085571,-93.8156101,853.0,,,,,,,6.73,7.71
2026-03-19 13:35:32.421331-05:00,42.0085553,-93.8156062,893.0,,,,,,,7.25,9.17
2026-03-19 13:35:37.976076-05:00,42.0085553,-93.8156043,,,,,,,,7.25,8.25
2026-03-19 13:35:43.637549-05:00,42.008555,-93.8156011,633.0,,,,,,,7.25,5.74
2026-03-19 13:35:48.932106-05:00,42.0085549,-93.8155986,487.0,,,,,,,,
2026-03-19 13:35:54.080468-05:00,42.0085535,-93.8155962,,,,,,,,,
2026-03-19 13:35:59.742215-05:00,42.0085531,-93.8155962,827.0,,,,,,,7.25,3.3
2026-03-19 13:36:05.231292-05:00,42.0085526,-93.8155955,440.0,,,,,,,,
2026-03-19 13:36:10.332435-05:00,42.0085513,-93.8155926,679.0,,,,,,,7.25,1.79
2026-03-19 13:36:15.673367-05:00,42.0085503,-93.8155895,769.0,,,,,,,7.24,0.162
2026-03-19 13:36:26.200157-05:00,42.0085521,-93.8155878,398.0,,,,,,,7.25,4.81
2026-03-19 13:36:31.259291-05:00,42.0085544,-93.8155872,237.0,,,,,,,7.76,6.79
2026-03-19 13:36:36.157523-05:00,42.0085556,-93.8155879,272.0,,,,,,,,
2026-03-19 13:36:41.091117-05:00,42.0085561,-93.8155886,745.0,,,,,,,6.73,12.1
2026-03-19 13:36:46.497280-05:00,42.0085569,-93.8155889,395.0,,,,,,,,
2026-03-19 13:36:51.552908-05:00,42.0085562,-93.8155897,412.0,,,,,,,7.25,10.2
2026-03-19 13:36:56.626475-05:00,42.0085563,-93.8155903,782.0,,,,,,,7.25,7.14
2026-03-19 13:38:29.540143-05:00,42.0085492,-93.8156131,73.9,,,,,,,,
2026-03-19 13:38:47.019470-05:00,42.0085505,-93.8156132,87.6,,,,,,,,
2026-03-19 13:38:51.768335-05:00,42.0085512,-93.815614,96.6,,,,,,,,
2026-03-19 13:38:56.526376-05:00,42.0085521,-93.8156119,66.6,,,,,,,,
2026-03-19 13:39:01.254304-05:00,42.0085519,-93.81561,90.1,,,,,,,,
2026-03-19 13:39:06.005127-05:00,42.0085507,-93.8156085,306.0,,,,,,,2.03,1.96
2026-03-19 13:39:10.972249-05:00,42.0085457,-93.8155106,295.0,,,,,,,1.55,2.21
2026-03-19 13:39:15.928916-05:00,42.0083863,-93.8153925,722.0,,,,,,,1.55,4.63
2026-03-19 13:39:21.311812-05:00,42.0079424,-93.8153868,770.0,,,,,,,1.55,4.69
2026-03-19 13:39:26.742149-05:00,42.0074274,-93.8153873,232.0,,,,,,,1.55,2.43
2026-03-19 13:39:31.635706-05:00,42.0068584,-93.815387,741.0,,,,,,,3.11,6.06
2026-03-19 13:39:37.037642-05:00,42.0062763,-93.8153854,659.0,,,,,,,1.55,2.3
2026-03-19 13:39:42.358326-05:00,42.0055681,-93.8153878,241.0,mid-band,00019C01F,630720.0,-95.0,2,-11,1.55,19.8
2026-03-19 13:39:47.260448-05:00,42.0046807,-93.8154134,414.0,mid-band,00019C01F,630720.0,-102.0,-5,-13,1.55,9.73
2026-03-19 13:39:53.237683-05:00,42.0044707,-93.815422,64.0,mid-band,00019C01F,630720.0,-106.0,-6,-11,,
2026-03-19 13:39:55.860488-05:00,42.0043975,-93.8154207,31.2,mid-band,00019C01F,630720.0,-106.0,-3,-11,,
2026-03-19 13:39:58.450482-05:00,42.0043754,-93.8154201,,,,,,,,,
2026-03-19 13:40:04.111373-05:00,42.004373,-93.815419,,,,,,,,,
2026-03-19 13:40:09.772389-05:00,42.0043707,-93.8154183,,,,,,,,,
2026-03-19 13:40:15.433604-05:00,42.0042281,-93.8154064,,mid-band,00019C01F,630720.0,-106.0,-4,-11,,
2026-03-19 13:40:21.094844-05:00,42.0038514,-93.8153824,172.0,mid-band,00019C01F,630720.0,-106.0,-2,-12,,
2026-03-19 13:40:23.825514-05:00,42.0036884,-93.8153824,,,,,,,,,
2026-03-19 13:40:29.486739-05:00,42.0031767,-93.8153839,,,,,,,,,
2026-03-19 13:40:35.147540-05:00,42.0026259,-93.8153895,,mid-band,00019C01F,630720.0,-104.0,-2,-11,,
2026-03-19 13:40:38.706221-05:00,42.0023306,-93.8153895,63.7,mid-band,00019C01F,630720.0,-98.0,4,-11,,
2026-03-19 13:40:41.328560-05:00,42.0020238,-93.8153926,18.2,mid-band,00019C01F,630720.0,-98.0,-2,-11,,
2026-03-19 13:40:43.905186-05:00,42.001814,-93.8153924,26.6,mid-band,00019C01F,630720.0,-96.0,0,-11,,
2026-03-19 13:40:46.490500-05:00,42.0014992,-93.815391,,mid-band,00019C01F,630720.0,-92.0,4,-11,,
2026-03-19 13:40:51.100496-05:00,42.000984,-93.8153927,16.1,mid-band,00019C01F,630720.0,-93.0,-2,-11,,
2026-03-19 13:40:53.675427-05:00,42.0000832,-93.8154295,7.98,mid-band,00019C01F,630720.0,-77.0,3,-11,,
2026-03-19 13:41:03.840484-05:00,41.9999382,-93.8154363,21.3,mid-band,00019C01F,630720.0,-77.0,3,-11,,
2026-03-19 13:41:06.420588-05:00,41.9999106,-93.8154353,16.1,mid-band,00019C01F,630720.0,-78.0,4,-11,,
2026-03-19 13:41:08.995305-05:00,41.9999106,-93.8154346,21.9,mid-band,00019C01F,630720.0,-79.0,3,-11,,
2026-03-19 13:41:11.575495-05:00,41.999911,-93.8154337,16.3,mid-band,00019C01F,630720.0,-78.0,3,-11,,
2026-03-19 13:41:14.150314-05:00,41.9999109,-93.8154327,11.5,mid-band,00019C01F,630720.0,-78.0,3,-11,,
2026-03-19 13:41:16.720462-05:00,41.999911,-93.8154325,11.2,mid-band,00019C01F,630720.0,-79.0,3,-11,,
2026-03-19 13:41:19.290346-05:00,41.9999109,-93.8154323,6.48,mid-band,00019C01F,630720.0,-77.0,4,-11,,
2026-03-19 13:41:21.855464-05:00,41.9999105,-93.8154324,11.3,mid-band,00019C01F,630720.0,-79.0,3,-11,,
2026-03-19 13:41:24.425376-05:00,41.9999102,-93.815432,16.3,mid-band,00019C01F,630720.0,-78.0,3,-11,,
2026-03-19 13:41:27.000338-05:00,41.9999097,-93.8154323,21.4,mid-band,00019C01F,630720.0,-79.0,3,-11,,
2026-03-19 13:41:29.580493-05:00,41.9999091,-93.8154318,25.9,mid-band,00019C01F,630720.0,-78.0,4,-11,,
2026-03-19 13:41:32.165092-05:00,41.999909,-93.8154315,16.7,mid-band,00019C01F,630720.0,-78.0,4,-11,,
2026-03-19 13:41:34.740474-05:00,41.9999091,-93.8154311,21.6,mid-band,00019C01F,630720.0,-78.0,3,-11,,
2026-03-19 13:41:37.320782-05:00,41.9999089,-93.8154305,5.29,mid-band,00019C01F,630720.0,-78.0,3,-11,,
2026-03-19 13:41:39.885037-05:00,41.9999081,-93.8154304,21.8,mid-band,00019C01F,630720.0,-84.0,-2,-11,,
2026-03-19 13:41:42.465362-05:00,41.9999069,-93.8154307,6.45,mid-band,00019C01F,630720.0,-79.0,4,-11,,
2026-03-19 13:41:45.030425-05:00,41.9999061,-93.8154307,25.8,mid-band,00019C01F,630720.0,-78.0,3,-11,,
2026-03-19 13:41:47.614816-05:00,41.9999056,-93.8154306,12.0,mid-band,00019C01F,630720.0,-79.0,4,-11,,
2026-03-19 13:41:50.185457-05:00,41.9999052,-93.815431,16.4,mid-band,00019C01F,630720.0,-78.0,3,-11,,
2026-03-19 13:41:52.760422-05:00,41.9999049,-93.8154314,21.3,mid-band,00019C01F,630720.0,-79.0,3,-11,,
2026-03-19 13:41:55.340430-05:00,41.9999035,-93.8154355,21.2,mid-band,00019C01F,630720.0,-78.0,3,-11,,
2026-03-19 13:41:57.920429-05:00,41.999901,-93.8154376,88.8,mid-band,00019C01F,630720.0,-78.0,3,-11,,
2026-03-19 13:42:00.567879-05:00,41.999899,-93.8154402,18.2,mid-band,00019C01F,630720.0,-77.0,3,-11,,
2026-03-19 13:42:03.145099-05:00,41.9998956,-93.8154449,12.3,mid-band,00019C01F,630720.0,-78.0,3,-11,,
2026-03-19 13:42:13.850478-05:00,41.9998943,-93.8154464,20.8,mid-band,00019C01F,630720.0,-79.0,3,-11,,
2026-03-19 13:42:16.429869-05:00,41.999894,-93.8154467,17.0,mid-band,00019C01F,630720.0,-77.0,3,-11,21.6,50.8
2026-03-19 13:42:19.005531-05:00,41.9998935,-93.8154468,38.7,mid-band,00019C01F,630720.0,-78.0,4,-11,12.4,306.0
2026-03-19 13:42:21.602959-05:00,41.9998938,-93.8154452,33.6,mid-band,00019C01F,630720.0,-78.0,4,-11,24.8,293.0
2026-03-19 13:42:24.195348-05:00,41.9998923,-93.8154424,35.3,mid-band,00019C01F,630720.0,-78.0,4,-11,49.2,280.0
2026-03-19 13:42:26.789627-05:00,41.9998726,-93.815436,27.0,mid-band,00019C01F,630720.0,-77.0,5,-11,83.1,249.0
2026-03-19 13:42:29.375572-05:00,41.9997697,-93.8154212,36.1,mid-band,00019C01F,630720.0,-78.0,3,-11,83.9,239.0
2026-03-19 13:42:31.970941-05:00,41.9996638,-93.8154083,69.8,mid-band,00019C01F,630720.0,-78.0,2,-11,83.9,170.0
2026-03-19 13:42:34.599654-05:00,41.9994545,-93.8154022,14.6,mid-band,00019C01F,630720.0,-75.0,4,-11,83.9,180.0
2026-03-19 13:42:37.173168-05:00,41.9992055,-93.8154036,35.2,mid-band,00019C01F,630720.0,-74.0,4,-11,94.4,192.0
2026-03-19 13:42:39.767012-05:00,41.9990228,-93.8154027,26.8,mid-band,00019C01F,630720.0,-77.0,2,-11,105.0,189.0
2026-03-19 13:42:42.352887-05:00,41.998729,-93.8154047,26.2,mid-band,00019C01F,630720.0,-79.0,0,-11,94.4,199.0
2026-03-19 13:42:44.937094-05:00,41.9985245,-93.8154037,37.9,mid-band,00019C01F,630720.0,-80.0,0,-11,83.9,232.0
2026-03-19 13:42:47.533099-05:00,41.9982056,-93.8154064,54.2,mid-band,00019C01F,630720.0,-80.0,-1,-11,62.9,196.0
2026-03-19 13:42:50.145176-05:00,41.9978758,-93.8154095,68.8,mid-band,00019C01F,630720.0,-80.0,-1,-11,31.5,125.0
2026-03-19 13:42:52.772039-05:00,41.9976536,-93.815412,34.8,mid-band,00019C01F,630720.0,-80.0,0,-11,62.9,161.0
2026-03-19 13:42:55.365102-05:00,41.9973176,-93.8154098,42.1,mid-band,00019C01F,630720.0,-78.0,1,-11,73.4,198.0
2026-03-19 13:42:57.965117-05:00,41.99709,-93.8154131,25.9,mid-band,00019C01F,630720.0,-72.0,1,-10,83.9,240.0
2026-03-19 13:43:00.549117-05:00,41.9967585,-93.8154126,30.8,mid-band,00019C01F,630720.0,-81.0,5,-10,62.9,246.0
2026-03-19 13:43:03.138702-05:00,41.9964404,-93.8154173,24.1,mid-band,00019C01F,630720.0,-81.0,4,-11,62.9,233.0
2026-03-19 13:43:05.721103-05:00,41.9962289,-93.8154151,33.3,mid-band,00019C01F,630720.0,-85.0,2,-11,52.4,257.0
2026-03-19 13:43:08.313001-05:00,41.9959088,-93.8154155,,mid-band,FFFFFFFFF,-1.0,-77.0,0,-10,41.9,146.0
2026-03-19 13:43:12.923360-05:00,41.9954745,-93.8154193,,mid-band,FFFFFFFFF,-1.0,-73.0,18,-10,,
2026-03-19 13:43:18.584804-05:00,41.9941421,-93.8157054,26.2,mid-band,00019C01F,630720.0,-80.0,10,-10,,
2026-03-19 13:43:34.875909-05:00,41.9941468,-93.8160313,23.1,mid-band,00019C01F,630720.0,-82.0,5,-11,73.4,248.0
2026-03-19 13:43:37.457995-05:00,41.9941505,-93.8162942,25.2,mid-band,00019C01F,630720.0,-85.0,5,-11,52.4,262.0
2026-03-19 13:43:40.041968-05:00,41.994154,-93.8164725,27.4,mid-band,00019C01F,630720.0,-83.0,7,-11,52.4,205.0
2026-03-19 13:43:42.628205-05:00,41.9941559,-93.8167366,26.1,mid-band,00019C01F,630720.0,-85.0,5,-11,62.9,258.0
2026-03-19 13:43:45.213284-05:00,41.9941588,-93.8170223,24.5,mid-band,00019C01F,630720.0,-85.0,4,-11,52.4,232.0
2026-03-19 13:43:47.796858-05:00,41.9941615,-93.8172201,11.7,mid-band,00019C01F,630720.0,-85.0,5,-11,52.4,245.0
2026-03-19 13:43:50.367505-05:00,41.9941673,-93.8175322,45.2,mid-band,00019C01F,630720.0,-86.0,4,-11,63.7,217.0
2026-03-19 13:43:52.971864-05:00,41.9941706,-93.8177426,36.5,mid-band,00019C01F,630720.0,-85.0,4,-11,61.6,253.0
2026-03-19 13:43:55.567411-05:00,41.9941742,-93.8180664,36.9,mid-band,00019C01F,630720.0,-87.0,0,-11,69.4,263.0
2026-03-19 13:43:58.163579-05:00,41.9941788,-93.8184031,53.9,mid-band,00019C01F,630720.0,-85.0,-2,-11,62.9,267.0
2026-03-19 13:44:00.776539-05:00,41.9941804,-93.8186228,42.2,mid-band,00019C01F,630720.0,-83.0,3,-11,52.4,209.0
2026-03-19 13:44:03.377630-05:00,41.9941892,-93.8189147,65.2,mid-band,00019C01F,630720.0,-83.0,2,-11,62.9,223.0
2026-03-19 13:44:06.001916-05:00,41.9941902,-93.8190984,24.1,mid-band,00019C01F,630720.0,-81.0,2,-11,52.4,64.7
2026-03-19 13:44:08.585244-05:00,41.9941895,-93.8193925,18.7,mid-band,00019C01F,630720.0,-81.0,4,-11,73.4,176.0
2026-03-19 13:44:11.162829-05:00,41.994193,-93.8197351,23.5,mid-band,00019C01F,630720.0,-81.0,5,-10,83.9,179.0
2026-03-19 13:44:13.745152-05:00,41.994196,-93.8199756,27.6,mid-band,00019C01F,630720.0,-83.0,0,-11,83.9,181.0
2026-03-19 13:44:16.331689-05:00,41.9941986,-93.8203332,76.6,mid-band,00019C01F,630720.0,-90.0,-4,-11,41.9,184.0
2026-03-19 13:44:18.967159-05:00,41.9942023,-93.8205698,102.0,mid-band,00019C01F,630720.0,-93.0,-4,-12,41.9,177.0
2026-03-19 13:44:21.627736-05:00,41.9942054,-93.8209095,44.6,mid-band,00019C01F,630720.0,-101.0,-4,-11,10.5,34.3
2026-03-19 13:44:24.231310-05:00,41.9942131,-93.8212397,70.2,mid-band,00019C01F,630720.0,-98.0,6,-10,10.5,107.0
2026-03-19 13:44:26.860540-05:00,41.9942148,-93.8214405,,,,,,,,10.5,151.0
2026-03-19 13:44:32.521112-05:00,41.9942176,-93.8220269,,,,,,,,,
2026-03-19 13:44:38.182312-05:00,41.9942375,-93.8239717,19.4,mid-band,00019C01F,630720.0,-76.0,9,-10,,
2026-03-19 13:44:54.866474-05:00,41.9942436,-93.8244389,17.1,mid-band,00019C01F,630720.0,-75.0,13,-10,41.9,230.0
2026-03-19 13:44:57.442113-05:00,41.9942466,-93.8247926,29.2,mid-band,00019C01F,630720.0,-72.0,16,-10,21.0,245.0
2026-03-19 13:45:00.030276-05:00,41.9942474,-93.8250228,18.0,mid-band,00019C01F,630720.0,-73.0,14,-10,31.5,220.0
2026-03-19 13:45:02.607297-05:00,41.9942503,-93.8253602,23.5,mid-band,00019C01F,630720.0,-72.0,11,-10,52.4,206.0
2026-03-19 13:45:05.189637-05:00,41.9942542,-93.8256869,19.1,mid-band,00019C01F,630720.0,-74.0,14,-10,62.9,228.0
2026-03-19 13:45:07.767761-05:00,41.9942558,-93.8258919,32.4,mid-band,00019C01F,630720.0,-73.0,14,-10,83.9,243.0
2026-03-19 13:45:10.359177-05:00,41.9942579,-93.826182,27.9,mid-band,00019C01F,630720.0,-72.0,12,-10,94.4,213.0
2026-03-19 13:45:12.945915-05:00,41.9942583,-93.8263729,31.8,mid-band,00019C01F,630720.0,-72.0,11,-10,105.0,208.0
2026-03-19 13:45:15.536784-05:00,41.9942601,-93.82665,54.2,mid-band,00019C01F,630720.0,-72.0,9,-10,115.0,203.0
2026-03-19 13:45:18.150232-05:00,41.9942627,-93.8269075,54.0,mid-band,00019C01F,630720.0,-75.0,8,-10,73.4,157.0
2026-03-19 13:45:20.763349-05:00,41.9942649,-93.8270727,76.7,mid-band,00019C01F,630720.0,-74.0,8,-10,94.4,230.0
2026-03-19 13:45:23.399197-05:00,41.9942643,-93.8273236,103.0,mid-band,00019C01F,630720.0,-72.0,8,-10,73.4,207.0
2026-03-19 13:45:26.060322-05:00,41.9942634,-93.8274941,86.9,mid-band,00019C01F,630720.0,-75.0,8,-10,83.9,202.0
2026-03-19 13:45:28.706456-05:00,41.9942658,-93.8277495,54.0,mid-band,00019C01F,630720.0,-76.0,9,-10,94.4,190.0
2026-03-19 13:45:31.319127-05:00,41.9942687,-93.828018,57.3,mid-band,00019C01F,630720.0,-75.0,9,-10,115.0,199.0
2026-03-19 13:45:33.935170-05:00,41.9942698,-93.8282153,39.9,mid-band,00019C01F,630720.0,-75.0,10,-10,62.9,150.0
2026-03-19 13:45:36.534254-05:00,41.9942706,-93.8285242,50.8,mid-band,00019C01F,630720.0,-75.0,8,-10,126.0,206.0
2026-03-19 13:45:39.144157-05:00,41.9942717,-93.8288353,45.5,mid-band,00019C01F,630720.0,-74.0,9,-10,105.0,209.0
2026-03-19 13:45:41.748933-05:00,41.9942738,-93.8290431,41.8,mid-band,00019C01F,630720.0,-82.0,9,-10,62.9,177.0
2026-03-19 13:45:44.349844-05:00,41.9942773,-93.8293518,153.0,mid-band,00019C01F,630720.0,-92.0,-7,-12,31.5,219.0
2026-03-19 13:45:47.062319-05:00,41.9942769,-93.8296423,10.8,mid-band,00019C01F,630720.0,-78.0,13,-10,21.0,67.6
2026-03-19 13:45:49.631765-05:00,41.9942767,-93.8298277,144.0,mid-band,00019C01F,630720.0,-95.0,-6,-11,31.5,124.0
2026-03-19 13:45:52.334823-05:00,41.9942777,-93.8300942,10.1,mid-band,00019C01F,630720.0,-89.0,8,-10,10.5,34.0
2026-03-19 13:45:54.903098-05:00,41.9942801,-93.8308872,,mid-band,00019C01F,630720.0,-83.0,7,-10,31.5,149.0
2026-03-19 13:46:05.386165-05:00,41.9942849,-93.831451,15.2,mid-band,00019C01F,630720.0,-81.0,10,-10,10.5,59.2
2026-03-19 13:46:07.960310-05:00,41.9942866,-93.8316769,6.68,mid-band,00019C01F,630720.0,-81.0,7,-10,52.4,136.0
2026-03-19 13:46:10.525168-05:00,41.994288,-93.8320116,72.8,mid-band,00019C01F,630720.0,-80.0,4,-11,52.4,131.0
2026-03-19 13:46:13.157030-05:00,41.9942879,-93.8323381,19.5,mid-band,00019C01F,630720.0,-82.0,1,-11,31.5,159.0
2026-03-19 13:46:15.735615-05:00,41.9942862,-93.8325524,28.1,mid-band,00019C01F,630720.0,-82.0,4,-11,41.9,148.0
2026-03-19 13:46:18.322698-05:00,41.9942879,-93.8328683,18.7,mid-band,00019C01F,630720.0,-79.0,4,-10,41.9,164.0
2026-03-19 13:46:20.900355-05:00,41.9942898,-93.833073,45.6,mid-band,00019C01F,630720.0,-83.0,2,-11,41.9,173.0
2026-03-19 13:46:23.505014-05:00,41.9942953,-93.8333803,24.6,mid-band,00019C01F,630720.0,-83.0,4,-10,41.9,245.0
2026-03-19 13:46:26.088539-05:00,41.9942954,-93.833689,18.3,mid-band,00019C01F,630720.0,-82.0,3,-11,41.9,206.0
2026-03-19 13:46:28.665189-05:00,41.9942955,-93.8338925,20.9,mid-band,00019C01F,630720.0,-77.0,8,-10,52.4,213.0
2026-03-19 13:46:31.244953-05:00,41.9942982,-93.8341974,12.7,mid-band,00019C01F,630720.0,-87.0,0,-11,52.4,237.0
2026-03-19 13:46:33.816331-05:00,41.9942995,-93.8344019,28.3,mid-band,00019C01F,630720.0,-89.0,-2,-11,62.9,248.0
2026-03-19 13:46:36.403278-05:00,41.9942994,-93.8347111,31.3,mid-band,00019C01F,630720.0,-85.0,2,-11,62.9,260.0
2026-03-19 13:46:38.992235-05:00,41.9942989,-93.8349198,25.9,mid-band,00019C01F,630720.0,-88.0,-1,-11,52.4,152.0
2026-03-19 13:46:41.576671-05:00,41.994299,-93.8352395,,,,,,,,41.9,215.0
2026-03-19 13:46:47.237137-05:00,41.994294,-93.835902,26.4,mid-band,00019C01F,630720.0,-87.0,0,-11,,
2026-03-19 13:46:49.822127-05:00,41.9942919,-93.8361275,27.5,mid-band,00019C01F,630720.0,-90.0,1,-11,41.9,156.0
2026-03-19 13:46:52.408411-05:00,41.9942914,-93.836474,19.1,mid-band,00019C01F,630720.0,-90.0,3,-11,31.5,135.0
2026-03-19 13:46:54.986409-05:00,41.9942922,-93.8367077,23.8,mid-band,00019C01F,630720.0,-94.0,-2,-11,10.5,25.6
2026-03-19 13:46:57.569102-05:00,41.994292,-93.83706,52.8,mid-band,00019C01F,630720.0,-92.0,-6,-11,21.0,108.0
2026-03-19 13:47:00.180814-05:00,41.9942881,-93.8374182,,,,,,,,10.5,85.6
2026-03-19 13:47:05.842235-05:00,41.9942774,-93.8386578,,mid-band,00019C01F,630720.0,-93.0,2,-11,,
2026-03-19 13:47:15.384279-05:00,41.9942767,-93.8392783,14.2,mid-band,00019C01F,630720.0,-88.0,2,-11,,
2026-03-19 13:47:17.957122-05:00,41.9942748,-93.8395162,42.3,mid-band,00019C01F,630720.0,-88.0,0,-11,,
2026-03-19 13:47:20.558102-05:00,41.9942722,-93.8398675,12.8,mid-band,00019C01F,630720.0,-90.0,-1,-11,31.5,128.0
2026-03-19 13:47:23.129674-05:00,41.9942698,-93.8402262,72.9,mid-band,00019C01F,630720.0,-91.0,-3,-11,41.9,165.0
2026-03-19 13:47:25.761145-05:00,41.9942693,-93.8404693,18.8,mid-band,00019C01F,630720.0,-89.0,-1,-11,41.9,157.0
2026-03-19 13:47:28.338890-05:00,41.9942662,-93.8408342,19.2,mid-band,00019C01F,630720.0,-90.0,-2,-11,52.4,167.0
2026-03-19 13:47:30.916841-05:00,41.9942605,-93.8410801,45.6,mid-band,00019C01F,630720.0,-85.0,-1,-11,52.4,216.0
2026-03-19 13:47:33.521360-05:00,41.9942587,-93.8414481,13.1,mid-band,00019C01F,630720.0,-91.0,-4,-11,62.9,216.0
2026-03-19 13:47:36.093125-05:00,41.9942558,-93.8418072,21.1,mid-band,00019C01F,630720.0,-95.0,-4,-11,31.5,246.0
2026-03-19 13:47:38.673069-05:00,41.9942532,-93.842039,34.6,mid-band,00019C01F,630720.0,-99.0,-6,-11,10.5,127.0
2026-03-19 13:47:41.266431-05:00,41.9942502,-93.8423977,,,,,,,,21.0,103.0
2026-03-19 13:47:46.927791-05:00,41.9942451,-93.8430019,,,,,,,,,
2026-03-19 13:47:52.588398-05:00,41.9942409,-93.8437303,,mid-band,FFFFFFFFF,-1.0,-84.0,12,-10,,
2026-03-19 13:47:57.198344-05:00,41.9942413,-93.8442822,,,,,,,,,
2026-03-19 13:48:02.859406-05:00,41.994237,-93.8448195,,,,,,,,,
2026-03-19 13:48:08.520564-05:00,41.9942292,-93.8454761,,mid-band,00019C01F,630720.0,-97.0,-1,-11,,
2026-03-19 13:48:14.181754-05:00,41.9942165,-93.8467554,24.8,mid-band,00019C01F,630720.0,-101.0,-5,-12,,
2026-03-19 13:48:23.355967-05:00,41.9942115,-93.8470786,23.2,mid-band,00019C01F,630720.0,-100.0,-4,-11,,
2026-03-19 13:48:25.937851-05:00,41.9942115,-93.8472946,18.7,mid-band,00019C01F,630720.0,-99.0,0,-11,,
2026-03-19 13:48:28.515101-05:00,41.9942126,-93.8476173,93.0,mid-band,00019C01F,630720.0,-104.0,-4,-11,8.28,170.0
2026-03-19 13:48:31.166942-05:00,41.9942071,-93.8479348,49.1,mid-band,00019C01F,630720.0,-97.0,-1,-11,4.66,152.0
2026-03-19 13:48:33.774859-05:00,41.9942047,-93.8481426,75.7,mid-band,00019C01F,630720.0,-96.0,2,-11,17.1,225.0
2026-03-19 13:48:36.409343-05:00,41.9942017,-93.8484494,40.4,mid-band,00019C01F,630720.0,-99.0,3,-11,16.6,166.0
2026-03-19 13:48:39.008585-05:00,41.9942,-93.8486543,51.0,mid-band,00019C01F,630720.0,-99.0,1,-11,18.6,267.0
2026-03-19 13:48:41.618353-05:00,41.994197,-93.8489639,16.3,mid-band,00019C01F,630720.0,-94.0,5,-11,17.6,268.0
2026-03-19 13:48:44.193183-05:00,41.9941928,-93.8492686,23.8,mid-band,00019C01F,630720.0,-88.0,11,-10,37.3,251.0
2026-03-19 13:48:46.776016-05:00,41.9941879,-93.8494712,18.6,mid-band,00019C01F,630720.0,-92.0,3,-11,31.1,228.0
2026-03-19 13:48:49.353505-05:00,41.9941821,-93.8497804,17.2,mid-band,00019C01F,630720.0,-86.0,12,-10,41.4,253.0
2026-03-19 13:48:51.929700-05:00,41.9941781,-93.8499893,16.3,mid-band,00019C01F,630720.0,-86.0,5,-11,41.4,223.0
2026-03-19 13:48:54.504980-05:00,41.994169,-93.8502999,22.8,mid-band,00019C01F,630720.0,-89.0,6,-10,41.4,257.0
2026-03-19 13:48:57.086674-05:00,41.9941656,-93.8506242,47.0,mid-band,00019C01F,630720.0,-97.0,-1,-11,24.8,195.0
2026-03-19 13:48:59.692195-05:00,41.9941639,-93.8508521,40.2,mid-band,00019C01F,630720.0,-97.0,-1,-11,16.6,88.5
2026-03-19 13:49:02.291380-05:00,41.9941597,-93.851206,,,,,,,,8.28,19.1
2026-03-19 13:49:07.952379-05:00,41.994154,-93.8518109,276.0,mid-band,00019C01F,630720.0,-104.0,-6,-11,,
2026-03-19 13:49:10.787467-05:00,41.9941505,-93.8521732,145.0,mid-band,00019C01F,630720.0,-111.0,-7,-11,8.28,23.5
2026-03-19 13:49:13.491572-05:00,41.9941443,-93.8525312,9.14,mid-band,00019C01F,630720.0,-109.0,-2,-11,8.28,44.3
2026-03-19 13:49:16.059453-05:00,41.994141,-93.8527655,15.4,mid-band,00019C01F,630720.0,-107.0,-2,-11,8.28,18.0
2026-03-19 13:49:18.633635-05:00,41.9941396,-93.8531074,47.8,mid-band,00019C01F,630720.0,-106.0,2,-11,8.28,52.2
2026-03-19 13:49:21.240078-05:00,41.9941385,-93.8534336,21.4,mid-band,00019C01F,630720.0,-108.0,0,-11,,
2026-03-19 13:49:23.819587-05:00,41.9941267,-93.8543811,,mid-band,FFFFFFFFF,-1.0,-96.0,10,-10,,
2026-03-19 13:49:35.888465-05:00,41.9941188,-93.8548955,,,,,,,,,
2026-03-19 13:49:41.549741-05:00,41.9941108,-93.8555381,,mid-band,00019C01F,630720.0,-115.0,-4,-11,,
2026-03-19 13:49:46.159870-05:00,41.9941044,-93.8561031,,mid-band,FFFFFFFFF,-1.0,-125.0,-7,-20,,
2026-03-19 13:49:49.718500-05:00,41.9941009,-93.8564501,,,,,,,,,
2026-03-19 13:49:55.379739-05:00,41.9940932,-93.8571576,,,,,,,,,
2026-03-19 13:50:01.040966-05:00,41.9940846,-93.8577219,,,,,,,,,
2026-03-19 13:50:06.702150-05:00,41.9940801,-93.8583984,,mid-band,00019C01F,630720.0,-115.0,-6,-11,,
2026-03-19 13:50:10.260816-05:00,41.9940703,-93.858856,35.6,mid-band,00019C01F,630720.0,-114.0,-7,-11,0.625,5.82
2026-03-19 13:50:12.855081-05:00,41.9940677,-93.8590813,22.6,mid-band,00019C01F,630720.0,-117.0,-5,-11,0.27,13.6
2026-03-19 13:50:15.436000-05:00,41.9940665,-93.8594092,24.1,mid-band,00019C01F,630720.0,-115.0,-4,-11,0.27,11.9
2026-03-19 13:50:18.018777-05:00,41.9940627,-93.8596218,32.1,mid-band,00019C01F,630720.0,-112.0,-4,-11,0.27,26.1
2026-03-19 13:50:20.609152-05:00,41.9940559,-93.8599344,73.9,mid-band,00019C01F,630720.0,-106.0,-7,-11,0.539,19.0
2026-03-19 13:50:23.241130-05:00,41.9940547,-93.8602426,,mid-band,FFFFFFFFF,-1.0,-93.0,0,-10,,
2026-03-19 13:50:26.799677-05:00,41.9940519,-93.8605484,,,,,,,,,
2026-03-19 13:50:32.460825-05:00,41.9940433,-93.861188,,,,,,,,,
2026-03-19 13:50:38.122109-05:00,41.9940375,-93.8630186,,,,,,,,,
2026-03-19 13:50:57.954443-05:00,41.9940337,-93.8630812,,,,,,,,,
2026-03-19 13:51:03.615765-05:00,41.9940203,-93.8633981,,,,,,,,,
2026-03-19 13:51:09.277019-05:00,41.9940149,-93.8637811,,,,,,,,,
2026-03-19 13:51:14.938230-05:00,41.9940094,-93.8640712,,,,,,,,,
2026-03-19 13:51:20.599491-05:00,41.9940052,-93.8644261,,,,,,,,,
2026-03-19 13:51:26.260760-05:00,41.993998,-93.8648278,,,,,,,,,
2026-03-19 13:51:31.921119-05:00,41.9939932,-93.8652107,,,,,,,,,
2026-03-19 13:51:37.582286-05:00,41.9939873,-93.8657234,,,,,,,,,
2026-03-19 13:51:43.243628-05:00,41.9939806,-93.8662933,,,,,,,,,
2026-03-19 13:51:48.904989-05:00,41.993976,-93.8668028,,,,,,,,,
2026-03-19 13:51:54.566340-05:00,41.9939552,-93.8682458,,,,,,,,,
2026-03-19 13:52:06.443459-05:00,41.9939423,-93.8692365,,,,,,,,,
2026-03-19 13:52:12.104843-05:00,41.9939362,-93.869915,,,,,,,,,
2026-03-19 13:52:17.766056-05:00,41.9939778,-93.8699767,,,,,,,,,
2026-03-19 13:52:23.426394-05:00,41.9939698,-93.8699728,,,,,,,,,
2026-03-19 13:52:29.087552-05:00,41.9939213,-93.8699664,,,,,,,,,
2026-03-19 13:52:34.748794-05:00,41.9939099,-93.8699719,,,,,,,,,
2026-03-19 13:52:40.410073-05:00,41.9939303,-93.8697112,,,,,,,,,
2026-03-19 13:52:46.071320-05:00,41.9939352,-93.8691029,,,,,,,,,
2026-03-19 13:52:51.732423-05:00,41.9939444,-93.8683443,,,,,,,,,
2026-03-19 13:52:57.393776-05:00,41.993963,-93.8671835,,,,,,,,,
2026-03-19 13:53:03.055037-05:00,41.9940057,-93.8639902,66.9,,,,,,,,
2026-03-19 13:53:12.855409-05:00,41.994013,-93.8634447,71.7,,,,,,,,
2026-03-19 13:53:14.434537-05:00,41.9940211,-93.8628926,64.7,,,,,,,,
2026-03-19 13:53:16.006374-05:00,41.9940249,-93.862614,263.0,,,,,,,,
2026-03-19 13:53:17.776451-05:00,41.9940315,-93.8620529,462.0,,,,,,,,
2026-03-19 13:53:19.745540-05:00,41.994038,-93.8614853,78.3,,,,,,,,
2026-03-19 13:53:21.331076-05:00,41.9940455,-93.8609125,65.9,,,,,,,,
2026-03-19 13:53:22.904302-05:00,41.9940487,-93.8606243,62.8,,,,,,,,
2026-03-19 13:53:24.474433-05:00,41.9940554,-93.8600438,76.7,,,,,,,,
2026-03-19 13:53:26.058338-05:00,41.9940593,-93.8597506,68.7,,,,,,,,
2026-03-19 13:53:27.634304-05:00,41.9940677,-93.8591587,62.9,,,,,,,,
2026-03-19 13:53:29.204386-05:00,41.994075,-93.8585599,75.1,,,,,,,,
2026-03-19 13:53:30.786670-05:00,41.9940785,-93.858258,77.0,,,,,,,,
2026-03-19 13:53:32.370503-05:00,41.9940853,-93.8576523,63.4,,,,,,,,
2026-03-19 13:53:33.941102-05:00,41.9940886,-93.8573499,292.0,,,,,,,,
2026-03-19 13:53:35.740498-05:00,41.9940976,-93.8567474,89.6,,,,,,,,
2026-03-19 13:53:37.337487-05:00,41.9941057,-93.8561485,128.0,,,,,,,,
2026-03-19 13:53:38.972739-05:00,41.9941094,-93.8558496,71.4,,,,,,,,
2026-03-19 13:53:40.551561-05:00,41.9941157,-93.8552551,63.7,,,,,,,,
2026-03-19 13:53:42.122631-05:00,41.9941228,-93.8546615,71.8,,,,,,,,
2026-03-19 13:53:50.218128-05:00,41.9941495,-93.8522604,,,,,,,,,
2026-03-19 13:53:55.880343-05:00,41.9941691,-93.8507986,67.9,,,,,,,,
2026-03-19 13:54:00.609542-05:00,41.9941856,-93.8494371,73.1,,,,,,,,
2026-03-19 13:54:05.343864-05:00,41.9942006,-93.8481062,89.4,,,,,,,,
2026-03-19 13:54:10.094559-05:00,41.9942158,-93.846634,70.4,,,,,,,,
2026-03-19 13:54:14.825124-05:00,41.9942414,-93.8434378,647.0,,,,,,,,
2026-03-19 13:54:26.080194-05:00,41.9942547,-93.8414857,66.4,,,,,,,,
2026-03-19 13:54:30.808040-05:00,41.9942622,-93.8401485,840.0,,,,,,,,
2026-03-19 13:54:36.309331-05:00,41.9942718,-93.8380934,67.6,,,,,,,,
2026-03-19 13:54:41.038332-05:00,41.9942834,-93.8366981,469.0,,,,,,,,
2026-03-19 13:54:46.168358-05:00,41.9942942,-93.8345359,63.5,mid-band,00019C01F,630720.0,-87.0,4,-11,,
2026-03-19 13:54:50.893153-05:00,41.9942881,-93.833083,100.0,mid-band,00019C01F,630720.0,-87.0,-3,-11,,
2026-03-19 13:54:53.552272-05:00,41.9942835,-93.8320158,86.0,mid-band,00019C01F,630720.0,-140.0,-,-,,
2026-03-19 13:54:56.196979-05:00,41.9942799,-93.8309696,80.8,,,,,,,,
2026-03-19 13:55:00.939130-05:00,41.994275,-93.8295903,60.9,,,,,,,,
2026-03-19 13:55:05.661334-05:00,41.9942678,-93.8278461,59.2,,,,,,,,
2026-03-19 13:55:10.381812-05:00,41.9942537,-93.826088,75.8,,,,,,,,
2026-03-19 13:55:15.118957-05:00,41.9942374,-93.8242912,831.0,mid-band,00019C01F,630720.0,-89.0,-3,-16,1.56,6.94
2026-03-19 13:55:19.559693-05:00,41.9942279,-93.8228771,615.0,,,,,,,2.59,2.02
2026-03-19 13:55:24.835709-05:00,41.9941886,-93.8192652,102.0,,,,,,,7.76,12.7
2026-03-19 13:55:35.541118-05:00,41.9941707,-93.8178241,252.0,,,,,,,1.55,37.8
2026-03-19 13:55:40.454125-05:00,41.9941525,-93.816577,523.0,mid-band,00019C01F,630720.0,-94.0,-1,-14,1.55,30.6
2026-03-19 13:55:44.586474-05:00,41.994143,-93.8159158,680.0,mid-band,00019C01F,630720.0,-95.0,-4,-15,3.11,38.1
2026-03-19 13:55:47.824582-05:00,41.9941395,-93.8156413,547.0,mid-band,00019C01F,630720.0,-97.0,-4,-15,3.11,25.6
2026-03-19 13:55:50.930331-05:00,41.9941391,-93.8154476,741.0,,,,,,,6.21,31.5
2026-03-19 13:55:53.178501-05:00,41.9941299,-93.8151956,812.0,,,,,,,3.11,12.6
2026-03-19 13:55:55.497997-05:00,41.9941283,-93.815024,867.0,,,,,,,3.11,17.5
2026-03-19 13:56:02.024930-05:00,41.9941266,-93.8145767,,mid-band,00019C01F,630720.0,-140.0,-,-,3.11,2.09
2026-03-19 13:56:05.584668-05:00,41.9941217,-93.8144621,677.0,mid-band,00019C01F,630720.0,-102.0,-12,-20,3.11,1.77
2026-03-19 13:56:08.820841-05:00,41.9941178,-93.814398,,mid-band,FFFFFFFFF,-1.0,-91.0,7,-11,,
2026-03-19 13:56:13.430817-05:00,41.9941116,-93.8142806,,,,,,,,,
2026-03-19 13:56:19.092073-05:00,41.99411,-93.8141528,,mid-band,FFFFFFFFF,-1.0,-89.0,0,-10,,
2026-03-19 13:56:22.650864-05:00,41.9941117,-93.8140964,,,,,,,,,
2026-03-19 13:56:28.312176-05:00,41.99411,-93.8140604,,,,,,,,,
2026-03-19 13:56:33.973472-05:00,41.9941044,-93.8140589,,,,,,,,,
2026-03-19 13:56:46.942821-05:00,41.9941004,-93.8140593,,,,,,,,,
2026-03-19 13:56:52.604334-05:00,41.9940969,-93.8140606,,,,,,,,,
2026-03-19 13:56:58.265801-05:00,41.9940975,-93.8140591,,,,,,,,,
2026-03-19 13:57:03.927070-05:00,41.9940983,-93.8140575,,,,,,,,,
2026-03-19 13:57:09.588114-05:00,41.9941059,-93.8139294,,,,,,,,,
2026-03-19 13:57:15.249313-05:00,41.9941152,-93.8136361,,,,,,,,,
2026-03-19 13:57:20.910533-05:00,41.994121,-93.8133134,,,,,,,,,
2026-03-19 13:57:26.571776-05:00,41.9941165,-93.8128754,,,,,,,,,
2026-03-19 13:57:32.233064-05:00,41.9941188,-93.8124097,,,,,,,,,
2026-03-19 13:57:37.894207-05:00,41.9941154,-93.8120556,,,,,,,,,
2026-03-19 13:57:43.555410-05:00,41.9941347,-93.8108975,,,,,,,,,
2026-03-19 13:57:56.942806-05:00,41.99412,-93.8102718,,,,,,,,,
2026-03-19 13:58:02.604075-05:00,41.9941128,-93.8096789,,,,,,,,,
2026-03-19 13:58:08.264851-05:00,41.9941163,-93.8091312,,,,,,,,,
2026-03-19 13:58:13.926185-05:00,41.9941064,-93.8086532,,,,,,,,,
2026-03-19 13:58:19.587255-05:00,41.9941101,-93.8081255,,,,,,,,,
2026-03-19 13:58:25.248492-05:00,41.9940984,-93.8075986,,,,,,,,,
2026-03-19 13:58:30.909116-05:00,41.9940961,-93.8071666,,,,,,,,,
2026-03-19 13:58:36.570361-05:00,41.9940928,-93.8066284,,,,,,,,,
2026-03-19 13:58:42.231638-05:00,41.994091,-93.8060503,,,,,,,,,
2026-03-19 13:58:47.893013-05:00,41.9940952,-93.8055178,,,,,,,,,
2026-03-19 13:58:53.554328-05:00,41.9940942,-93.8041428,,,,,,,,,
2026-03-19 13:59:06.942204-05:00,41.9940933,-93.803535,,,,,,,,,
2026-03-19 13:59:12.603471-05:00,41.9940865,-93.8028896,,,,,,,,,
2026-03-19 13:59:18.264732-05:00,41.9940859,-93.8022643,,,,,,,,,
2026-03-19 13:59:23.926026-05:00,41.9940824,-93.8017377,,,,,,,,,
2026-03-19 13:59:29.587271-05:00,41.994081,-93.8010683,,,,,,,,,
2026-03-19 13:59:35.248583-05:00,41.9940807,-93.8004179,,,,,,,,,
2026-03-19 13:59:40.909876-05:00,41.9940771,-93.7999138,,,,,,,,,
2026-03-19 13:59:46.571198-05:00,41.9940745,-93.7993207,,,,,,,,,
2026-03-19 13:59:52.232466-05:00,41.9940815,-93.7987551,,,,,,,,,
2026-03-19 13:59:57.893791-05:00,41.9940814,-93.7982883,,mid-band,00019C01F,630720.0,-78.0,15,-10,,
2026-03-19 14:00:03.555084-05:00,41.9940836,-93.796947,18.2,mid-band,00019C01F,630720.0,-75.0,11,-10,,
2026-03-19 14:00:13.860644-05:00,41.9940786,-93.7966302,11.1,mid-band,00019C01F,630720.0,-76.0,14,-10,,
2026-03-19 14:00:16.430416-05:00,41.9940767,-93.7963089,16.4,mid-band,00019C01F,630720.0,-70.0,22,-10,,
2026-03-19 14:00:19.005416-05:00,41.9940802,-93.7960936,48.8,mid-band,00019C01F,630720.0,-75.0,9,-11,,
2026-03-19 14:00:21.612919-05:00,41.9940892,-93.7957766,22.3,mid-band,00019C01F,630720.0,-72.0,8,-10,,
2026-03-19 14:00:24.193954-05:00,41.994094,-93.7954568,102.0,mid-band,00019C01F,630720.0,-75.0,8,-10,29.0,191.0
2026-03-19 14:00:26.854755-05:00,41.9940965,-93.7952411,69.6,mid-band,00019C01F,630720.0,-74.0,9,-10,15.0,230.0
2026-03-19 14:00:29.483245-05:00,41.9940979,-93.7949216,48.2,mid-band,00019C01F,630720.0,-75.0,8,-10,30.0,187.0
2026-03-19 14:00:32.090347-05:00,41.9941008,-93.7946017,50.4,mid-band,00019C01F,630720.0,-77.0,7,-10,54.9,261.0
2026-03-19 14:00:34.699778-05:00,41.9941043,-93.7943879,63.5,mid-band,00019C01F,630720.0,-74.0,7,-10,58.0,260.0
2026-03-19 14:00:37.321966-05:00,41.994108,-93.7940703,20.2,mid-band,00019C01F,630720.0,-76.0,7,-10,48.7,135.0
2026-03-19 14:00:39.901102-05:00,41.9941114,-93.7938626,23.3,mid-band,00019C01F,630720.0,-76.0,7,-10,62.1,210.0
2026-03-19 14:00:42.483271-05:00,41.9941187,-93.7935537,17.2,mid-band,00019C01F,630720.0,-76.0,7,-10,52.4,224.0
2026-03-19 14:00:45.059472-05:00,41.9941216,-93.7933382,22.2,mid-band,00019C01F,630720.0,-76.0,8,-10,52.4,230.0
2026-03-19 14:00:47.640704-05:00,41.9941202,-93.7930026,23.6,mid-band,00019C01F,630720.0,-77.0,9,-10,62.9,238.0
2026-03-19 14:00:50.223243-05:00,41.9941191,-93.7926733,27.3,mid-band,00019C01F,630720.0,-76.0,11,-10,52.4,235.0
2026-03-19 14:00:52.809745-05:00,41.9941221,-93.7924573,72.2,,,,,,,73.4,257.0
2026-03-19 14:00:54.389542-05:00,41.9941248,-93.7922385,73.0,,,,,,,21.0,91.5
2026-03-19 14:00:55.970116-05:00,41.994126,-93.7921273,102.0,,,,,,,,
2026-03-19 14:00:57.579946-05:00,41.9941283,-93.7919032,71.4,,,,,,,,
2026-03-19 14:00:59.158844-05:00,41.994132,-93.7916815,73.5,,,,,,,,
2026-03-19 14:01:00.739766-05:00,41.9941345,-93.7915732,81.0,,,,,,,,
2026-03-19 14:01:02.328040-05:00,41.9941388,-93.7913626,61.9,,,,,,,,
2026-03-19 14:01:03.897169-05:00,41.9941411,-93.7912591,79.7,,,,,,,,
2026-03-19 14:01:05.484121-05:00,41.9941456,-93.7910538,105.0,,,,,,,,
2026-03-19 14:01:07.095953-05:00,41.9941482,-93.79085,66.1,,,,,,,,
2026-03-19 14:01:08.669068-05:00,41.9941484,-93.7907498,81.7,,,,,,,,
2026-03-19 14:01:10.258078-05:00,41.9941466,-93.7905492,69.2,,,,,,,,
2026-03-19 14:01:11.834562-05:00,41.994146,-93.7904496,108.0,,,,,,,,
2026-03-19 14:01:13.449503-05:00,41.9941606,-93.7895856,,,,,,,,,
2026-03-19 14:01:23.788187-05:00,41.9941621,-93.7892976,65.7,,,,,,,,
2026-03-19 14:01:25.361364-05:00,41.9941628,-93.78909,63.0,,,,,,,,
2026-03-19 14:01:26.931618-05:00,41.9941643,-93.7889827,62.6,,,,,,,,
2026-03-19 14:01:28.501568-05:00,41.9941656,-93.7887644,223.0,,,,,,,,
2026-03-19 14:01:30.231406-05:00,41.9941675,-93.7885417,91.9,,,,,,,,
2026-03-19 14:01:31.830635-05:00,41.9941694,-93.7884303,72.0,,,,,,,,
2026-03-19 14:01:33.409988-05:00,41.9941703,-93.7882048,71.5,,,,,,,,
2026-03-19 14:01:34.988743-05:00,41.9941704,-93.7880919,65.0,,,,,,,,
2026-03-19 14:01:36.561095-05:00,41.9941729,-93.787871,62.0,,,,,,,,
2026-03-19 14:01:38.130589-05:00,41.9941783,-93.7876665,20.5,,,,,,,,
2026-03-19 14:01:39.658590-05:00,41.9941814,-93.7875693,18.2,,,,,,,,
2026-03-19 14:01:41.184242-05:00,41.9941871,-93.7873766,87.4,,,,,,,,
2026-03-19 14:01:44.792673-05:00,41.9941889,-93.7871183,8.56,mid-band,00019C01F,630720.0,-81.0,-1,-10,,
2026-03-19 14:01:47.361037-05:00,41.9941875,-93.7869682,10.7,mid-band,00019C01F,630720.0,-81.0,1,-10,,
2026-03-19 14:01:49.930545-05:00,41.9941881,-93.7869329,15.7,mid-band,00019C01F,630720.0,-80.0,1,-10,,
2026-03-19 14:01:52.505169-05:00,41.9941893,-93.7869294,12.2,mid-band,00019C01F,630720.0,-80.0,1,-10,,
2026-03-19 14:01:55.076062-05:00,41.9941902,-93.7869293,31.2,mid-band,00019C01F,630720.0,-80.0,1,-10,,
2026-03-19 14:01:57.665567-05:00,41.9941903,-93.7869286,24.3,mid-band,00019C01F,630720.0,-80.0,7,-10,,
2026-03-19 14:02:00.248772-05:00,41.9941893,-93.7869275,20.0,mid-band,00019C01F,630720.0,-80.0,7,-10,63.9,258.0
2026-03-19 14:02:02.827729-05:00,41.994189,-93.7869255,19.4,mid-band,00019C01F,630720.0,-80.0,7,-10,62.9,260.0
2026-03-19 14:02:05.406029-05:00,41.9941896,-93.7868929,28.2,mid-band,00019C01F,630720.0,-80.0,6,-10,62.9,223.0
2026-03-19 14:02:07.993149-05:00,41.9941909,-93.7868473,20.4,mid-band,00019C01F,630720.0,-82.0,3,-11,52.4,267.0
2026-03-19 14:02:10.572486-05:00,41.9941948,-93.7867397,14.1,mid-band,00019C01F,630720.0,-83.0,3,-11,62.9,240.0
2026-03-19 14:02:13.145299-05:00,41.9942013,-93.7866011,21.3,mid-band,00019C01F,630720.0,-79.0,7,-10,41.9,183.0
2026-03-19 14:02:15.725437-05:00,41.9942049,-93.7865034,24.5,mid-band,00019C01F,630720.0,-79.0,10,-10,52.4,256.0
2026-03-19 14:02:18.308969-05:00,41.9942087,-93.7863318,21.6,mid-band,00019C01F,630720.0,-77.0,13,-10,52.4,237.0
2026-03-19 14:02:20.889533-05:00,41.9942089,-93.7862021,23.5,mid-band,00019C01F,630720.0,-76.0,15,-10,41.9,249.0
2026-03-19 14:02:23.471836-05:00,41.9942091,-93.7855648,20.9,mid-band,00019C01F,630720.0,-78.0,8,-10,52.4,278.0
2026-03-19 14:02:33.865399-05:00,41.9942164,-93.7853201,26.8,mid-band,00019C01F,630720.0,-74.0,11,-10,52.4,270.0
2026-03-19 14:02:36.451155-05:00,41.9942169,-93.7850455,17.2,mid-band,00019C01F,630720.0,-75.0,14,-10,62.9,263.0
2026-03-19 14:02:39.027250-05:00,41.9942179,-93.7848493,25.6,mid-band,00019C01F,630720.0,-74.0,13,-10,52.4,243.0
2026-03-19 14:02:41.611311-05:00,41.9942209,-93.784545,26.0,mid-band,00019C01F,630720.0,-73.0,12,-10,73.4,252.0
2026-03-19 14:02:44.196282-05:00,41.9942207,-93.7842384,24.5,mid-band,00019C01F,630720.0,-77.0,12,-10,83.9,253.0
2026-03-19 14:02:46.779956-05:00,41.9942233,-93.7840394,18.0,mid-band,00019C01F,630720.0,-75.0,16,-10,41.9,208.0
2026-03-19 14:02:49.356848-05:00,41.9942303,-93.7837298,24.5,mid-band,00019C01F,630720.0,-80.0,10,-10,62.9,220.0
2026-03-19 14:02:51.940280-05:00,41.9942334,-93.7835178,17.7,mid-band,00019C01F,630720.0,-82.0,16,-10,52.4,268.0
2026-03-19 14:02:54.517047-05:00,41.994235,-93.7831957,14.6,mid-band,00019C01F,630720.0,-83.0,15,-10,41.9,248.0
2026-03-19 14:02:57.090648-05:00,41.994237,-93.7828821,19.8,mid-band,00019C01F,630720.0,-86.0,13,-10,31.5,209.0
2026-03-19 14:02:59.669407-05:00,41.9942376,-93.7826745,18.8,mid-band,00019C01F,630720.0,-88.0,9,-10,41.9,254.0
2026-03-19 14:03:02.247133-05:00,41.9942385,-93.782357,56.6,mid-band,00019C01F,630720.0,-88.0,9,-10,41.9,268.0
2026-03-19 14:03:04.862437-05:00,41.9942399,-93.7821464,22.5,mid-band,00019C01F,630720.0,-88.0,5,-10,31.5,164.0
2026-03-19 14:03:07.443885-05:00,41.9942415,-93.7818376,22.2,mid-band,00019C01F,630720.0,-89.0,4,-11,41.9,262.0
2026-03-19 14:03:10.025067-05:00,41.9942386,-93.7816338,21.5,mid-band,00019C01F,630720.0,-88.0,2,-11,41.9,276.0
2026-03-19 14:03:12.605209-05:00,41.9942373,-93.7813327,28.5,mid-band,00019C01F,630720.0,-90.0,1,-11,41.9,272.0
2026-03-19 14:03:15.192578-05:00,41.99424,-93.7810419,28.3,mid-band,00019C01F,630720.0,-87.0,1,-11,52.4,269.0
2026-03-19 14:03:17.780004-05:00,41.9942421,-93.7808552,35.3,mid-band,00019C01F,630720.0,-87.0,1,-11,52.4,263.0
2026-03-19 14:03:20.374106-05:00,41.994245,-93.7805799,80.4,mid-band,00019C01F,630720.0,-88.0,5,-11,62.9,264.0
2026-03-19 14:03:23.013449-05:00,41.9942465,-93.7803985,31.4,mid-band,00019C01F,630720.0,-88.0,3,-11,41.9,206.0
2026-03-19 14:03:25.603886-05:00,41.9942483,-93.780127,40.0,mid-band,00019C01F,630720.0,-86.0,1,-11,62.9,259.0
2026-03-19 14:03:28.202957-05:00,41.994253,-93.779842,42.1,mid-band,00019C01F,630720.0,-84.0,2,-11,62.9,267.0
2026-03-19 14:03:30.803864-05:00,41.9942557,-93.7796487,69.6,mid-band,00019C01F,630720.0,-84.0,3,-11,62.9,269.0
2026-03-19 14:03:33.432076-05:00,41.9942707,-93.7786241,44.8,mid-band,00019C01F,630720.0,-78.0,9,-10,62.9,272.0
2026-03-19 14:03:43.888595-05:00,41.994278,-93.7783003,11.7,mid-band,00019C01F,630720.0,-95.0,-4,-17,73.4,222.0
2026-03-19 14:03:46.459360-05:00,41.9942787,-93.7779727,17.9,mid-band,00019C01F,630720.0,-92.0,1,-11,21.0,120.0
2026-03-19 14:03:49.036298-05:00,41.994279,-93.7777569,18.5,mid-band,00019C01F,630720.0,-88.0,3,-13,41.9,243.0
2026-03-19 14:03:51.613660-05:00,41.9942838,-93.7774278,22.8,mid-band,00019C01F,630720.0,-81.0,3,-11,52.4,251.0
2026-03-19 14:03:54.195458-05:00,41.9942824,-93.7770902,42.1,mid-band,00019C01F,630720.0,-78.0,3,-11,62.9,241.0
2026-03-19 14:03:56.796597-05:00,41.9942851,-93.776889,22.0,mid-band,00019C01F,630720.0,-81.0,-1,-12,62.9,164.0
2026-03-19 14:03:59.377185-05:00,41.9942911,-93.7766696,22.7,mid-band,00019C01F,630720.0,-83.0,-4,-15,83.9,234.0
2026-03-19 14:04:01.958862-05:00,41.9942946,-93.7766059,24.1,mid-band,00019C01F,630720.0,-82.0,-2,-11,73.4,254.0
2026-03-19 14:04:04.541862-05:00,41.9943092,-93.7765163,,mid-band,00019C01F,630720.0,-89.0,-3,-11,31.5,240.0
2026-03-19 14:04:08.100841-05:00,41.9944564,-93.7764205,,,,,,,,10.5,28.5
2026-03-19 14:04:13.762282-05:00,41.9947845,-93.7764193,,,,,,,,,
2026-03-19 14:04:19.423518-05:00,41.9952254,-93.7764282,,,,,,,,,
2026-03-19 14:04:25.084808-05:00,41.9956384,-93.776445,,,,,,,,,
2026-03-19 14:04:30.746104-05:00,41.9959863,-93.7764494,,,,,,,,,
2026-03-19 14:04:36.407398-05:00,41.9964103,-93.7764526,,,,,,,,,
2026-03-19 14:04:42.068669-05:00,41.9967907,-93.7764563,,,,,,,,,
2026-03-19 14:04:47.730037-05:00,41.9974503,-93.7764634,131.0,mid-band,00019C01F,630720.0,-89.0,1,-11,,
2026-03-19 14:04:52.966821-05:00,41.9975938,-93.7764682,22.1,mid-band,00019C01F,630720.0,-86.0,1,-11,,
2026-03-19 14:04:55.547763-05:00,41.997806,-93.7764706,21.0,mid-band,00019C01F,630720.0,-85.0,1,-11,,
2026-03-19 14:04:58.127532-05:00,41.9980139,-93.7764665,24.7,mid-band,00019C01F,630720.0,-88.0,1,-11,,
2026-03-19 14:05:00.710854-05:00,41.998145,-93.7764629,11.3,mid-band,00019C01F,630720.0,-86.0,2,-11,,
2026-03-19 14:05:03.280832-05:00,41.9983288,-93.7764619,33.8,mid-band,00019C01F,630720.0,-90.0,-1,-11,37.2,156.0
2026-03-19 14:05:05.873424-05:00,41.9984495,-93.7764675,25.3,mid-band,00019C01F,630720.0,-88.0,-2,-11,33.1,296.0
2026-03-19 14:05:08.457602-05:00,41.9986232,-93.7764797,,mid-band,00019C01F,630720.0,-87.0,4,-11,16.6,136.0
2026-03-19 14:05:13.067617-05:00,41.9988469,-93.7764865,23.7,mid-band,00019C01F,630720.0,-89.0,3,-11,21.2,191.0
2026-03-19 14:05:15.650071-05:00,41.9990209,-93.7764875,28.2,mid-band,00019C01F,630720.0,-92.0,-5,-11,33.6,283.0
2026-03-19 14:05:18.237139-05:00,41.9992013,-93.7764897,25.3,mid-band,00019C01F,630720.0,-92.0,-4,-11,32.6,242.0
2026-03-19 14:05:20.821182-05:00,41.999327,-93.7764902,32.8,mid-band,00019C01F,630720.0,-88.0,-7,-11,36.8,266.0
2026-03-19 14:05:23.412912-05:00,41.9995166,-93.7764891,29.3,mid-band,00019C01F,630720.0,-91.0,-3,-11,40.9,228.0
2026-03-19 14:05:26.001165-05:00,41.9996502,-93.776494,22.3,mid-band,00019C01F,630720.0,-89.0,-4,-11,44.0,237.0
2026-03-19 14:05:28.581750-05:00,41.9998694,-93.7764996,56.2,mid-band,00019C01F,630720.0,-86.0,2,-11,36.8,204.0
2026-03-19 14:05:31.196897-05:00,42.0000896,-93.7765015,25.6,mid-band,00019C01F,630720.0,-87.0,3,-11,39.3,255.0
2026-03-19 14:05:33.781285-05:00,42.0002339,-93.776501,22.5,mid-band,00019C01F,630720.0,-87.0,2,-11,39.3,285.0
2026-03-19 14:05:36.361938-05:00,42.0004494,-93.7765029,28.3,mid-band,00019C01F,630720.0,-86.0,0,-11,39.3,289.0
2026-03-19 14:05:38.949167-05:00,42.0005936,-93.7765046,21.5,mid-band,00019C01F,630720.0,-86.0,0,-11,41.9,251.0
2026-03-19 14:05:41.529543-05:00,42.0008022,-93.776505,22.0,mid-band,00019C01F,630720.0,-88.0,-5,-11,31.5,252.0
2026-03-19 14:05:44.110514-05:00,42.0010079,-93.7765057,,,,,,,,,
2026-03-19 14:05:49.771748-05:00,42.0013697,-93.7765075,,mid-band,FFFFFFFFF,-1.0,-81.0,0,-10,,
2026-03-19 14:05:55.433041-05:00,42.002106,-93.7765262,,,,,,,,,
2026-03-19 14:06:06.439467-05:00,42.0024992,-93.7765259,,,,,,,,,
2026-03-19 14:06:12.100850-05:00,42.0028992,-93.7765366,,,,,,,,,
2026-03-19 14:06:17.761125-05:00,42.0032648,-93.7765437,,,,,,,,,
2026-03-19 14:06:23.422288-05:00,42.0036638,-93.7765455,23.8,mid-band,00019C01F,630720.0,-93.0,-1,-11,,
2026-03-19 14:06:26.004860-05:00,42.0037927,-93.7765455,19.3,mid-band,00019C01F,630720.0,-95.0,-2,-11,,
2026-03-19 14:06:28.582738-05:00,42.0039864,-93.7765469,25.0,mid-band,00019C01F,630720.0,-91.0,0,-11,21.0,295.0
2026-03-19 14:06:31.166755-05:00,42.0041788,-93.7765464,21.6,mid-band,00019C01F,630720.0,-92.0,2,-11,31.5,274.0
2026-03-19 14:06:33.747352-05:00,42.0043138,-93.7765455,14.6,mid-band,00019C01F,630720.0,-94.0,-4,-11,10.5,128.0
2026-03-19 14:06:36.320890-05:00,42.004526,-93.7765457,48.2,mid-band,00019C01F,630720.0,-94.0,-6,-11,44.1,57.7
2026-03-19 14:06:38.927888-05:00,42.0046747,-93.7765525,,,,,,,,15.5,169.0
2026-03-19 14:06:44.589096-05:00,42.0051438,-93.7765581,,,,,,,,,
2026-03-19 14:06:50.250339-05:00,42.0055893,-93.7765606,,,,,,,,,
2026-03-19 14:06:55.911466-05:00,42.0059499,-93.7765621,,,,,,,,,
2026-03-19 14:07:01.572918-05:00,42.0064322,-93.7765729,35.4,mid-band,00019C01F,630720.0,-85.0,-1,-11,,
2026-03-19 14:07:04.166962-05:00,42.0072693,-93.7765902,22.5,mid-band,00019C01F,630720.0,-88.0,-3,-11,,
2026-03-19 14:07:13.369124-05:00,42.0075498,-93.776588,81.8,mid-band,00019C01F,630720.0,-85.0,1,-11,20.7,303.0
2026-03-19 14:07:16.009658-05:00,42.0077346,-93.776588,23.7,mid-band,00019C01F,630720.0,-84.0,-4,-11,32.6,296.0
2026-03-19 14:07:18.592296-05:00,42.0080108,-93.776589,40.0,mid-band,00019C01F,630720.0,-84.0,1,-11,29.0,221.0
2026-03-19 14:07:21.191202-05:00,42.0082671,-93.776592,93.6,mid-band,00019C01F,630720.0,-82.0,5,-11,25.4,169.0
2026-03-19 14:07:23.843703-05:00,42.0084308,-93.7765932,22.3,mid-band,00019C01F,630720.0,-83.0,2,-11,33.1,222.0
2026-03-19 14:07:26.424654-05:00,42.0086452,-93.7765935,23.8,mid-band,00019C01F,630720.0,-81.0,4,-11,43.5,257.0
2026-03-19 14:07:29.007303-05:00,42.008751,-93.7765964,41.3,mid-band,00019C01F,630720.0,-83.0,1,-11,45.0,232.0
2026-03-19 14:07:31.607291-05:00,42.0088562,-93.7766558,24.2,mid-band,00019C01F,630720.0,-81.0,0,-11,58.5,228.0
2026-03-19 14:07:34.189998-05:00,42.0088685,-93.776716,25.1,mid-band,00019C01F,630720.0,-75.0,8,-10,89.0,249.0
2026-03-19 14:07:36.774107-05:00,42.0088672,-93.7767106,31.2,mid-band,00019C01F,630720.0,-76.0,6,-11,62.9,172.0
2026-03-19 14:07:39.364290-05:00,42.0088695,-93.7766692,18.0,mid-band,00019C01F,630720.0,-73.0,14,-10,41.9,151.0
2026-03-19 14:07:41.941441-05:00,42.0088843,-93.7766349,22.1,mid-band,00019C01F,630720.0,-72.0,9,-10,62.9,182.0
2026-03-19 14:07:44.522451-05:00,42.0089282,-93.7766082,23.1,mid-band,00019C01F,630720.0,-70.0,8,-10,31.5,269.0
2026-03-19 14:07:47.104616-05:00,42.008943,-93.7766126,16.7,mid-band,00019C01F,630720.0,-71.0,7,-11,52.4,241.0
2026-03-19 14:07:52.121599-05:00,42.008897,-93.7766067,19.8,mid-band,00019C01F,630720.0,-72.0,8,-10,52.4,277.0
2026-03-19 14:07:54.703431-05:00,42.0088523,-93.776604,27.0,mid-band,00019C01F,630720.0,-71.0,4,-11,41.9,169.0
2026-03-19 14:07:57.289318-05:00,42.0087768,-93.7766004,22.8,mid-band,00019C01F,630720.0,-70.0,7,-10,41.9,208.0
2026-03-19 14:07:59.871135-05:00,42.0087433,-93.7765984,24.3,mid-band,00019C01F,630720.0,-71.0,10,-10,52.4,258.0
2026-03-19 14:08:02.454329-05:00,42.0087395,-93.7765971,23.8,mid-band,00019C01F,630720.0,-70.0,10,-10,62.9,259.0
2026-03-19 14:08:05.037114-05:00,42.0087412,-93.776597,23.9,mid-band,00019C01F,630720.0,-70.0,10,-10,73.4,240.0
2026-03-19 14:08:07.619876-05:00,42.0087359,-93.7765969,16.2,mid-band,00019C01F,630720.0,-74.0,8,-10,62.9,232.0
2026-03-19 14:08:10.195056-05:00,42.0086615,-93.7765953,41.9,mid-band,00019C01F,630720.0,-72.0,6,-10,52.4,228.0
2026-03-19 14:08:12.795975-05:00,42.0085768,-93.7765932,22.0,mid-band,00019C01F,630720.0,-70.0,4,-11,41.9,211.0
2026-03-19 14:08:15.376532-05:00,42.008108,-93.7765953,25.6,mid-band,00019C01F,630720.0,-67.0,3,-11,73.4,231.0
2026-03-19 14:08:23.360507-05:00,42.0079104,-93.7765922,27.4,mid-band,00019C01F,630720.0,-74.0,3,-11,94.4,224.0
2026-03-19 14:08:25.946947-05:00,42.0077672,-93.7765901,19.4,mid-band,00019C01F,630720.0,-70.0,6,-11,83.9,218.0
2026-03-19 14:08:28.525412-05:00,42.0075339,-93.7765863,39.7,mid-band,00019C01F,630720.0,-70.0,4,-11,52.4,167.0
2026-03-19 14:08:31.123725-05:00,42.0072904,-93.7765815,21.7,mid-band,00019C01F,630720.0,-69.0,5,-11,73.4,190.0
2026-03-19 14:08:33.704663-05:00,42.0071344,-93.7765775,58.4,mid-band,00019C01F,630720.0,-71.0,7,-11,94.4,217.0
2026-03-19 14:08:36.321985-05:00,42.0069049,-93.7765713,48.8,mid-band,00019C01F,630720.0,-69.0,6,-11,105.0,225.0
2026-03-19 14:08:38.929760-05:00,42.0067539,-93.7765679,20.3,mid-band,00019C01F,630720.0,-69.0,7,-11,94.4,218.0
2026-03-19 14:08:41.508543-05:00,42.0065262,-93.7765657,28.7,mid-band,00019C01F,630720.0,-69.0,8,-10,94.4,221.0
2026-03-19 14:08:44.096406-05:00,42.006297,-93.7765662,40.8,mid-band,00019C01F,630720.0,-68.0,10,-10,136.0,193.0
2026-03-19 14:08:46.695976-05:00,42.0061451,-93.7765655,27.1,mid-band,00019C01F,630720.0,-69.0,10,-10,73.4,153.0
2026-03-19 14:08:49.281585-05:00,42.0059304,-93.7765608,22.0,mid-band,00019C01F,630720.0,-71.0,6,-10,105.0,191.0
2026-03-19 14:08:51.862178-05:00,42.0057958,-93.77656,19.7,mid-band,00019C01F,630720.0,-73.0,1,-11,52.4,222.0
2026-03-19 14:08:54.440659-05:00,42.0056014,-93.776556,21.2,mid-band,00019C01F,630720.0,-73.0,2,-11,41.9,273.0
2026-03-19 14:08:57.020519-05:00,42.0054714,-93.7765538,39.0,mid-band,00019C01F,630720.0,-75.0,3,-11,52.4,266.0
2026-03-19 14:08:59.618075-05:00,42.0052643,-93.77655,21.9,mid-band,00019C01F,630720.0,-77.0,2,-11,42.0,248.0
2026-03-19 14:09:02.198683-05:00,42.0050417,-93.7765476,33.6,mid-band,00019C01F,630720.0,-73.0,3,-11,52.4,257.0
2026-03-19 14:09:04.790979-05:00,42.0048883,-93.7765466,17.0,mid-band,00019C01F,630720.0,-73.0,1,-11,52.4,233.0
2026-03-19 14:09:07.366772-05:00,42.004663,-93.7765471,22.7,mid-band,00019C01F,630720.0,-76.0,1,-11,52.4,253.0
2026-03-19 14:09:09.948341-05:00,42.0045202,-93.7765465,25.0,mid-band,00019C01F,630720.0,-79.0,3,-11,62.9,221.0
2026-03-19 14:09:12.532206-05:00,42.0043083,-93.7765409,27.0,mid-band,00019C01F,630720.0,-80.0,7,-11,83.9,233.0
2026-03-19 14:09:15.118158-05:00,42.0040982,-93.7765367,29.2,mid-band,00019C01F,630720.0,-79.0,1,-11,73.4,238.0
2026-03-19 14:09:17.706115-05:00,42.003956,-93.7765374,38.7,mid-band,00019C01F,630720.0,-73.0,2,-11,94.4,234.0
2026-03-19 14:09:20.303515-05:00,42.0037375,-93.776538,19.0,mid-band,00019C01F,630720.0,-72.0,2,-11,73.4,167.0
2026-03-19 14:09:22.881170-05:00,42.0035887,-93.7765358,15.1,mid-band,00019C01F,630720.0,-71.0,6,-11,62.9,207.0
2026-03-19 14:09:25.454399-05:00,42.0029743,-93.7765276,20.8,mid-band,00019C01F,630720.0,-71.0,6,-11,73.4,240.0
2026-03-19 14:09:33.348564-05:00,42.0027347,-93.7765216,21.7,mid-band,00019C01F,630720.0,-70.0,7,-10,52.4,226.0
2026-03-19 14:09:35.928562-05:00,42.0025735,-93.7765164,53.8,mid-band,00019C01F,630720.0,-67.0,7,-10,31.5,192.0
2026-03-19 14:09:38.541229-05:00,42.0023303,-93.7765116,21.6,mid-band,00019C01F,630720.0,-68.0,8,-10,52.4,235.0
2026-03-19 14:09:41.121522-05:00,42.0020908,-93.7765148,26.9,mid-band,00019C01F,630720.0,-70.0,3,-11,41.9,248.0
2026-03-19 14:09:43.707444-05:00,42.0019373,-93.7765158,23.7,mid-band,00019C01F,630720.0,-71.0,0,-11,52.4,237.0
2026-03-19 14:09:46.290067-05:00,42.0017016,-93.7765167,22.6,mid-band,00019C01F,630720.0,-70.0,0,-11,52.4,235.0
2026-03-19 14:09:48.871623-05:00,42.0015366,-93.7765152,26.0,mid-band,00019C01F,630720.0,-70.0,5,-11,73.4,259.0
2026-03-19 14:09:51.456679-05:00,42.0012716,-93.7765124,22.5,mid-band,00019C01F,630720.0,-70.0,6,-11,73.4,256.0
2026-03-19 14:09:54.038262-05:00,42.0010905,-93.7765097,13.9,mid-band,00019C01F,630720.0,-72.0,7,-10,52.4,182.0
2026-03-19 14:09:56.611174-05:00,42.000821,-93.7765045,23.3,mid-band,00019C01F,630720.0,-71.0,9,-10,41.9,251.0
2026-03-19 14:09:59.193511-05:00,42.0005521,-93.7765018,23.9,mid-band,00019C01F,630720.0,-70.0,10,-10,62.9,256.0
2026-03-19 14:10:01.775777-05:00,42.000371,-93.7764998,27.1,mid-band,00019C01F,630720.0,-71.0,8,-10,73.4,258.0
2026-03-19 14:10:04.361755-05:00,42.0001073,-93.7764974,27.6,mid-band,00019C01F,630720.0,-72.0,5,-11,73.4,241.0
2026-03-19 14:10:06.947870-05:00,41.9999375,-93.7764975,31.3,mid-band,00019C01F,630720.0,-72.0,1,-11,73.4,237.0
2026-03-19 14:10:09.538180-05:00,41.999685,-93.7764972,55.9,mid-band,00019C01F,630720.0,-73.0,-2,-11,105.0,204.0
2026-03-19 14:10:12.152539-05:00,41.9994291,-93.7764862,55.1,mid-band,00019C01F,630720.0,-75.0,-3,-11,73.4,158.0
2026-03-19 14:10:14.766694-05:00,41.9992628,-93.7764839,41.6,mid-band,00019C01F,630720.0,-75.0,0,-11,83.9,249.0
2026-03-19 14:10:17.367203-05:00,41.9990077,-93.7764823,37.6,mid-band,00019C01F,630720.0,-70.0,8,-10,73.4,257.0
2026-03-19 14:10:19.963362-05:00,41.9988385,-93.7764849,15.2,mid-band,00019C01F,630720.0,-71.0,6,-11,94.4,234.0
2026-03-19 14:10:22.537412-05:00,41.9985943,-93.7764874,24.1,mid-band,00019C01F,630720.0,-72.0,4,-11,115.0,208.0
2026-03-19 14:10:25.120543-05:00,41.9983524,-93.7764829,29.2,mid-band,00019C01F,630720.0,-72.0,4,-11,105.0,223.0
2026-03-19 14:10:27.708760-05:00,41.9981945,-93.7764765,35.2,mid-band,00019C01F,630720.0,-71.0,4,-11,83.9,202.0
2026-03-19 14:10:30.302969-05:00,41.9979988,-93.7764817,64.5,mid-band,00019C01F,630720.0,-73.0,2,-11,94.4,186.0
2026-03-19 14:10:32.926386-05:00,41.9978777,-93.7764842,22.7,mid-band,00019C01F,630720.0,-72.0,3,-11,105.0,222.0
2026-03-19 14:10:35.508048-05:00,41.9976372,-93.7764916,,mid-band,00019C01F,630720.0,-71.0,7,-11,105.0,211.0
2026-03-19 14:10:44.335673-05:00,41.9976304,-93.7764973,19.7,mid-band,00019C01F,630720.0,-73.0,1,-11,21.0,71.7
2026-03-19 14:10:46.914283-05:00,41.9976275,-93.776501,24.5,mid-band,00019C01F,630720.0,-72.0,2,-11,83.9,251.0
2026-03-19 14:10:49.497825-05:00,41.997606,-93.7765009,48.8,mid-band,00019C01F,630720.0,-71.0,3,-11,83.9,240.0
2026-03-19 14:10:52.105300-05:00,41.9975001,-93.7764953,41.2,mid-band,00019C01F,630720.0,-72.0,1,-11,52.4,286.0
2026-03-19 14:10:54.705279-05:00,41.9974107,-93.7764911,30.7,mid-band,00019C01F,630720.0,-72.0,2,-11,73.4,220.0
2026-03-19 14:10:57.295057-05:00,41.9972612,-93.7764912,35.6,mid-band,00019C01F,630720.0,-71.0,3,-11,83.9,237.0
2026-03-19 14:10:59.889791-05:00,41.9971549,-93.7764904,105.0,mid-band,00019C01F,630720.0,-71.0,3,-11,83.9,251.0
2026-03-19 14:11:02.553572-05:00,41.9969878,-93.776483,29.6,mid-band,00019C01F,630720.0,-71.0,4,-11,94.4,228.0
2026-03-19 14:11:05.142241-05:00,41.9968018,-93.7764788,33.1,mid-band,00019C01F,630720.0,-71.0,3,-11,94.4,240.0
2026-03-19 14:11:07.734355-05:00,41.9966717,-93.7764744,33.3,mid-band,00019C01F,630720.0,-72.0,3,-11,94.4,241.0
2026-03-19 14:11:10.326687-05:00,41.9964741,-93.7764683,39.0,mid-band,00019C01F,630720.0,-73.0,3,-11,83.9,238.0
2026-03-19 14:11:12.924566-05:00,41.9963396,-93.7764625,31.9,mid-band,00019C01F,630720.0,-72.0,2,-11,115.0,222.0
2026-03-19 14:11:15.515383-05:00,41.996132,-93.7764585,27.7,mid-band,00019C01F,630720.0,-73.0,0,-11,94.4,223.0
2026-03-19 14:11:18.102254-05:00,41.9959113,-93.7764574,54.5,mid-band,00019C01F,630720.0,-78.0,-6,-12,62.9,241.0
2026-03-19 14:11:20.715752-05:00,41.995757,-93.7764591,,,,,,,,31.4,89.0
2026-03-19 14:11:26.376406-05:00,41.9952861,-93.7764657,,,,,,,,,
2026-03-19 14:11:32.037647-05:00,41.9949007,-93.776458,,,,,,,,,
2026-03-19 14:11:37.698904-05:00,41.9944519,-93.7764437,,mid-band,00019C01F,630720.0,-71.0,2,-11,,
2026-03-19 14:11:43.360247-05:00,41.9935343,-93.7764424,32.5,mid-band,00019C01F,630720.0,-76.0,1,-11,,
2026-03-19 14:11:53.866469-05:00,41.9933096,-93.7764398,39.8,mid-band,00019C01F,630720.0,-76.0,3,-11,105.0,213.0
2026-03-19 14:11:56.465323-05:00,41.9930994,-93.7764355,33.0,mid-band,00019C01F,630720.0,-75.0,0,-11,105.0,193.0
2026-03-19 14:11:59.057289-05:00,41.9929421,-93.776437,45.3,mid-band,00019C01F,630720.0,-74.0,0,-11,83.9,160.0
2026-03-19 14:12:01.661654-05:00,41.992691,-93.776436,66.9,mid-band,00019C01F,630720.0,-73.0,2,-11,73.4,158.0
2026-03-19 14:12:04.287561-05:00,41.9924288,-93.7764346,77.6,mid-band,00019C01F,630720.0,-76.0,4,-11,73.4,157.0
2026-03-19 14:12:06.924034-05:00,41.9922489,-93.7764374,87.4,mid-band,00019C01F,630720.0,-76.0,7,-11,73.4,178.0
2026-03-19 14:12:09.570019-05:00,41.991975,-93.7764338,43.1,mid-band,00019C01F,630720.0,-77.0,5,-11,52.4,184.0
2026-03-19 14:12:12.172208-05:00,41.9917011,-93.7764316,55.1,mid-band,00019C01F,630720.0,-80.0,-3,-12,83.9,160.0
2026-03-19 14:12:14.786337-05:00,41.9915162,-93.7764295,,mid-band,FFFFFFFFF,-1.0,-76.0,0,-10,52.4,114.0
2026-03-19 14:12:18.345335-05:00,41.991155,-93.7764266,55.9,mid-band,00019C01F,630720.0,-79.0,0,-11,,
2026-03-19 14:12:20.960084-05:00,41.9909761,-93.7764292,29.3,mid-band,00019C01F,630720.0,-76.0,2,-11,52.4,114.0
2026-03-19 14:12:23.548376-05:00,41.9907072,-93.776431,23.5,mid-band,00019C01F,630720.0,-77.0,3,-11,73.4,164.0
2026-03-19 14:12:26.130925-05:00,41.9904503,-93.7764262,26.0,mid-band,00019C01F,630720.0,-76.0,4,-11,115.0,219.0
2026-03-19 14:12:28.715894-05:00,41.9902789,-93.7764293,27.7,mid-band,00019C01F,630720.0,-78.0,3,-11,105.0,215.0
2026-03-19 14:12:31.302618-05:00,41.9900132,-93.7764327,19.8,mid-band,00019C01F,630720.0,-78.0,2,-11,83.9,223.0
2026-03-19 14:12:33.881514-05:00,41.9898335,-93.7764365,24.7,mid-band,00019C01F,630720.0,-81.0,0,-11,73.4,243.0
2026-03-19 14:12:36.464455-05:00,41.9895695,-93.7764385,22.9,mid-band,00019C01F,630720.0,-86.0,-2,-12,62.9,235.0
2026-03-19 14:12:39.046600-05:00,41.9893989,-93.7764336,30.7,mid-band,00019C01F,630720.0,-87.0,-2,-12,62.9,214.0
2026-03-19 14:12:41.636217-05:00,41.9891476,-93.7764226,18.1,mid-band,00019C01F,630720.0,-87.0,-1,-11,52.4,166.0
2026-03-19 14:12:44.213274-05:00,41.9888897,-93.7764205,19.2,mid-band,00019C01F,630720.0,-91.0,-5,-11,52.4,210.0
2026-03-19 14:12:46.791414-05:00,41.988712,-93.7764209,22.3,mid-band,00019C01F,630720.0,-90.0,-1,-11,41.9,240.0
2026-03-19 14:12:49.372748-05:00,41.9884358,-93.7764205,20.4,mid-band,00019C01F,630720.0,-88.0,4,-11,52.4,232.0
2026-03-19 14:12:51.952104-05:00,41.9882456,-93.7764156,38.6,mid-band,00019C01F,630720.0,-83.0,4,-11,62.9,253.0
2026-03-19 14:12:54.548998-05:00,41.9873711,-93.7764122,27.7,mid-band,00019C01F,630720.0,-78.0,5,-11,52.4,164.0
2026-03-19 14:13:03.364002-05:00,41.9870732,-93.7764039,21.3,mid-band,00019C01F,630720.0,-80.0,4,-11,94.4,219.0
2026-03-19 14:13:05.944353-05:00,41.9868779,-93.7764005,26.4,mid-band,00019C01F,630720.0,-82.0,2,-11,94.4,203.0
2026-03-19 14:13:08.529859-05:00,41.9865888,-93.7764025,28.5,mid-band,00019C01F,630720.0,-77.0,3,-11,94.4,186.0
2026-03-19 14:13:11.117329-05:00,41.9862936,-93.7763987,30.4,mid-band,00019C01F,630720.0,-77.0,3,-11,52.4,112.0
2026-03-19 14:13:13.706635-05:00,41.9860952,-93.7763944,34.0,mid-band,00019C01F,630720.0,-79.0,3,-11,105.0,190.0
2026-03-19 14:13:16.299696-05:00,41.9857935,-93.7763877,37.0,mid-band,00019C01F,630720.0,-79.0,2,-11,115.0,192.0
2026-03-19 14:13:18.895720-05:00,41.9855955,-93.7763857,57.1,mid-band,00019C01F,630720.0,-77.0,4,-11,105.0,196.0
2026-03-19 14:13:21.511821-05:00,41.9852921,-93.7763833,88.1,mid-band,00019C01F,630720.0,-82.0,-3,-11,73.4,190.0
2026-03-19 14:13:24.158843-05:00,41.9849886,-93.7763808,99.5,mid-band,00019C01F,630720.0,-86.0,-4,-11,62.9,202.0
2026-03-19 14:13:26.817393-05:00,41.984798,-93.7763758,49.3,mid-band,00019C01F,630720.0,-86.0,-3,-11,52.4,241.0
2026-03-19 14:13:29.425857-05:00,41.9845239,-93.7763701,24.5,mid-band,00019C01F,630720.0,-89.0,-3,-11,31.5,187.0
2026-03-19 14:13:32.009337-05:00,41.9843464,-93.7763656,,mid-band,FFFFFFFFF,-1.0,-71.0,24,-10,31.5,268.0
2026-03-19 14:13:35.568285-05:00,41.9839891,-93.7763638,,,,,,,,,
2026-03-19 14:13:41.229619-05:00,41.9834594,-93.7763595,,,,,,,,,
2026-03-19 14:13:46.890875-05:00,41.983042,-93.7763564,,,,,,,,,
2026-03-19 14:13:52.552271-05:00,41.9825593,-93.7763575,,,,,,,,,
2026-03-19 14:13:58.213569-05:00,41.9820748,-93.7763366,,,,,,,,,
2026-03-19 14:14:03.874897-05:00,41.9811617,-93.7763255,17.1,mid-band,00019C01F,630720.0,-85.0,4,-11,,
2026-03-19 14:14:13.858260-05:00,41.9809356,-93.776329,18.6,mid-band,00019C01F,630720.0,-86.0,5,-11,,
2026-03-19 14:14:16.435545-05:00,41.9807078,-93.7763279,17.4,mid-band,00019C01F,630720.0,-88.0,2,-11,,
2026-03-19 14:14:19.011605-05:00,41.9805641,-93.7763193,25.5,mid-band,00019C01F,630720.0,-91.0,2,-11,,
2026-03-19 14:14:21.595997-05:00,41.9803503,-93.7763175,17.2,mid-band,00019C01F,630720.0,-89.0,2,-11,21.0,188.0
2026-03-19 14:14:24.171666-05:00,41.9801538,-93.7763141,16.7,mid-band,00019C01F,630720.0,-95.0,1,-11,21.0,196.0
2026-03-19 14:14:26.747129-05:00,41.9800382,-93.7763105,35.5,mid-band,00019C01F,630720.0,-95.0,2,-11,21.0,215.0
2026-03-19 14:14:29.341182-05:00,41.9799099,-93.776307,17.9,mid-band,00019C01F,630720.0,-99.0,-3,-11,21.0,264.0
2026-03-19 14:14:31.918035-05:00,41.9798886,-93.7763023,17.7,mid-band,00019C01F,630720.0,-98.0,-4,-11,10.5,255.0
2026-03-19 14:14:34.494766-05:00,41.9798912,-93.7763036,18.8,mid-band,00019C01F,630720.0,-99.0,-5,-11,10.5,287.0
2026-03-19 14:14:37.072461-05:00,41.9798923,-93.7763042,19.2,mid-band,00019C01F,630720.0,-101.0,-5,-11,21.0,298.0
2026-03-19 14:14:39.650521-05:00,41.9798949,-93.7763034,17.8,mid-band,00019C01F,630720.0,-99.0,-4,-11,21.0,208.0
2026-03-19 14:14:42.227305-05:00,41.9798976,-93.7763029,20.6,mid-band,00019C01F,630720.0,-99.0,-4,-11,21.0,295.0
2026-03-19 14:14:44.806930-05:00,41.9798992,-93.7763023,25.3,mid-band,00019C01F,630720.0,-102.0,-4,-11,10.5,301.0
2026-03-19 14:14:47.391228-05:00,41.979902,-93.7763012,23.2,mid-band,00019C01F,630720.0,-99.0,-3,-11,21.0,288.0
2026-03-19 14:14:49.973189-05:00,41.9799027,-93.7763013,18.7,mid-band,00019C01F,630720.0,-97.0,-2,-11,10.5,268.0
2026-03-19 14:14:52.550883-05:00,41.9798797,-93.7763035,22.1,mid-band,00019C01F,630720.0,-91.0,0,-11,21.0,233.0
2026-03-19 14:14:55.132128-05:00,41.9798007,-93.7763257,18.8,mid-band,00019C01F,630720.0,-92.0,7,-10,31.5,255.0
2026-03-19 14:14:57.710149-05:00,41.9797554,-93.7763807,21.2,mid-band,00019C01F,630720.0,-99.0,2,-11,31.5,265.0
2026-03-19 14:15:00.290504-05:00,41.9797415,-93.7765521,17.4,mid-band,00019C01F,630720.0,-99.0,1,-11,21.0,271.0
2026-03-19 14:15:02.866850-05:00,41.9797427,-93.7766996,25.5,mid-band,00019C01F,630720.0,-105.0,0,-11,21.0,260.0
2026-03-19 14:15:05.451330-05:00,41.9797369,-93.7769497,26.6,mid-band,00019C01F,630720.0,-107.0,-4,-11,10.5,233.0
2026-03-19 14:15:08.036952-05:00,41.9797307,-93.7771367,,,,,,,,,
2026-03-19 14:15:13.698364-05:00,41.9797122,-93.7784424,,,,,,,,,
2026-03-19 14:15:26.952007-05:00,41.9797008,-93.7789545,,,,,,,,,
2026-03-19 14:15:32.613342-05:00,41.9797064,-93.7794604,,,,,,,,,
2026-03-19 14:15:38.274616-05:00,41.979711,-93.7799423,,,,,,,,,
2026-03-19 14:15:43.935901-05:00,41.9797048,-93.7803865,,,,,,,,,
2026-03-19 14:15:49.597223-05:00,41.9797014,-93.7809355,,mid-band,00019C01F,630720.0,-84.0,5,-11,,
2026-03-19 14:15:54.207333-05:00,41.9796982,-93.7813924,10.5,mid-band,00019C01F,630720.0,-83.0,9,-10,,
2026-03-19 14:15:56.776463-05:00,41.9796981,-93.7815718,23.0,mid-band,00019C01F,630720.0,-83.0,8,-10,10.5,213.0
2026-03-19 14:15:59.358252-05:00,41.9796978,-93.781848,20.3,mid-band,00019C01F,630720.0,-83.0,6,-10,21.0,234.0
2026-03-19 14:16:01.937343-05:00,41.9796963,-93.7820364,24.3,mid-band,00019C01F,630720.0,-89.0,5,-11,31.5,247.0
2026-03-19 14:16:04.520891-05:00,41.979694,-93.7823185,26.9,mid-band,00019C01F,630720.0,-81.0,4,-11,41.9,217.0
2026-03-19 14:16:07.106908-05:00,41.9796934,-93.7826069,33.0,mid-band,00019C01F,630720.0,-88.0,1,-11,41.9,230.0
2026-03-19 14:16:09.699049-05:00,41.9796888,-93.782805,50.1,mid-band,00019C01F,630720.0,-81.0,3,-11,41.9,142.0
2026-03-19 14:16:12.307870-05:00,41.9796831,-93.7831059,26.3,mid-band,00019C01F,630720.0,-82.0,5,-11,73.4,228.0
2026-03-19 14:16:14.893291-05:00,41.9796804,-93.7833105,25.2,mid-band,00019C01F,630720.0,-93.0,0,-12,62.9,242.0
2026-03-19 14:16:17.477132-05:00,41.9796759,-93.7836308,19.8,mid-band,00019C01F,630720.0,-87.0,1,-10,31.5,189.0
2026-03-19 14:16:20.055246-05:00,41.9796745,-93.7838445,28.6,mid-band,00019C01F,630720.0,-105.0,-1,-11,31.5,293.0
2026-03-19 14:16:22.642326-05:00,41.9796708,-93.7841641,52.5,mid-band,00019C01F,630720.0,-103.0,-4,-11,21.0,194.0
2026-03-19 14:16:25.253097-05:00,41.9796652,-93.7849958,870.0,mid-band,00019C01F,630720.0,-101.0,-6,-11,10.5,204.0
2026-03-19 14:16:34.214198-05:00,41.9796688,-93.7854026,97.2,mid-band,00019C01F,630720.0,-103.0,-5,-11,,
2026-03-19 14:16:36.869869-05:00,41.9796692,-93.785604,24.9,mid-band,00019C01F,630720.0,-96.0,-1,-11,10.5,176.0
2026-03-19 14:16:39.453523-05:00,41.979667,-93.7859013,26.6,mid-band,00019C01F,630720.0,-93.0,-2,-11,10.5,206.0
2026-03-19 14:16:42.038908-05:00,41.979668,-93.7860996,57.2,mid-band,00019C01F,630720.0,-99.0,-1,-11,21.0,198.0
2026-03-19 14:16:44.655059-05:00,41.9796702,-93.7863906,20.3,mid-band,00019C01F,630720.0,-84.0,5,-10,31.5,215.0
2026-03-19 14:16:47.233185-05:00,41.9796667,-93.7866776,18.3,mid-band,00019C01F,630720.0,-85.0,11,-10,41.9,265.0
2026-03-19 14:16:49.810316-05:00,41.9796614,-93.7868671,34.3,mid-band,00019C01F,630720.0,-89.0,0,-11,41.9,230.0
2026-03-19 14:16:52.403781-05:00,41.9796528,-93.7871496,,,,,,,,10.5,80.2
2026-03-19 14:16:58.064715-05:00,41.9796428,-93.7876227,,,,,,,,,
2026-03-19 14:17:03.726143-05:00,41.979649,-93.7882188,,,,,,,,,
2026-03-19 14:17:09.387512-05:00,41.9796438,-93.7887755,,mid-band,00019C01F,630720.0,-44.0,6,-3,,
2026-03-19 14:17:13.997583-05:00,41.9796423,-93.7891448,12.6,mid-band,00019C01F,630720.0,-82.0,7,-11,,
2026-03-19 14:17:16.569076-05:00,41.9796392,-93.7894103,25.7,mid-band,00019C01F,630720.0,-84.0,4,-11,52.4,173.0
2026-03-19 14:17:19.153843-05:00,41.9796412,-93.7896759,14.0,mid-band,00019C01F,630720.0,-85.0,-1,-11,41.9,153.0
2026-03-19 14:17:21.726839-05:00,41.9796443,-93.7898652,19.0,mid-band,00019C01F,630720.0,-85.0,2,-11,21.0,191.0
2026-03-19 14:17:24.304859-05:00,41.9796448,-93.7901655,16.3,mid-band,00019C01F,630720.0,-86.0,3,-11,21.0,194.0
2026-03-19 14:17:26.880155-05:00,41.9796416,-93.7903752,,,,,,,,31.5,198.0
2026-03-19 14:17:32.541571-05:00,41.9796339,-93.7910059,,,,,,,,,
2026-03-19 14:17:38.202939-05:00,41.9796017,-93.7928562,,,,,,,,,
2026-03-19 14:17:57.960396-05:00,41.9796085,-93.7935584,,,,,,,,,
2026-03-19 14:18:03.621777-05:00,41.9796164,-93.7941422,,mid-band,00019C01F,630720.0,-83.0,7,-10,,
2026-03-19 14:18:09.283162-05:00,41.979608,-93.7946672,55.6,mid-band,00019C01F,630720.0,-82.0,4,-10,,
2026-03-19 14:18:11.897596-05:00,41.9796097,-93.7948486,74.5,mid-band,00019C01F,630720.0,-82.0,3,-10,,
2026-03-19 14:18:14.530849-05:00,41.979609,-93.7951218,66.5,mid-band,00019C01F,630720.0,-85.0,4,-11,,
2026-03-19 14:18:17.156249-05:00,41.9796042,-93.7953861,72.5,mid-band,00019C01F,630720.0,-83.0,2,-10,,
2026-03-19 14:18:19.787617-05:00,41.9796013,-93.7955412,,,,,,,,42.0,79.1
2026-03-19 14:18:25.449072-05:00,41.9796033,-93.7959869,,,,,,,,,
2026-03-19 14:18:31.110366-05:00,41.9796027,-93.7964121,,,,,,,,,
2026-03-19 14:18:36.771706-05:00,41.9796004,-93.7967702,,,,,,,,,
2026-03-19 14:18:42.432412-05:00,41.9796012,-93.797238,,,,,,,,,
2026-03-19 14:18:48.093882-05:00,41.979598,-93.7978341,,,,,,,,,
2026-03-19 14:18:53.755341-05:00,41.9795947,-93.7983427,,,,,,,,,
2026-03-19 14:18:59.417104-05:00,41.979599,-93.800014,,,,,,,,,
2026-03-19 14:19:17.952581-05:00,41.9796032,-93.8006871,,,,,,,,,
2026-03-19 14:19:23.613983-05:00,41.9796086,-93.801251,,,,,,,,,
2026-03-19 14:19:29.275313-05:00,41.9796093,-93.8018521,,,,,,,,,
2026-03-19 14:19:34.935765-05:00,41.9796052,-93.8023507,,,,,,,,,
2026-03-19 14:19:40.596957-05:00,41.9795996,-93.8029523,,,,,,,,,
2026-03-19 14:19:46.258163-05:00,41.979606,-93.8034918,,,,,,,,,
2026-03-19 14:19:51.919452-05:00,41.9796086,-93.8039436,,,,,,,,,
2026-03-19 14:19:57.580808-05:00,41.9796149,-93.8044801,,,,,,,,,
2026-03-19 14:20:03.242055-05:00,41.9796088,-93.8050089,,,,,,,,,
2026-03-19 14:20:08.903409-05:00,41.9796049,-93.8054815,,,,,,,,,
2026-03-19 14:20:14.564800-05:00,41.9796007,-93.806621,,,,,,,,,
2026-03-19 14:20:26.444470-05:00,41.9796024,-93.8072083,,,,,,,,,
2026-03-19 14:20:32.105723-05:00,41.9795995,-93.8077745,,,,,,,,,
2026-03-19 14:20:37.766973-05:00,41.9795992,-93.808231,,,,,,,,,
2026-03-19 14:20:43.428216-05:00,41.9796055,-93.8087484,13.0,mid-band,00019C01F,630720.0,-80.0,18,-10,,
2026-03-19 14:20:46.000050-05:00,41.9796044,-93.8089182,18.9,mid-band,00019C01F,630720.0,-80.0,15,-10,,
2026-03-19 14:20:48.577695-05:00,41.9795994,-93.8091726,13.6,mid-band,00019C01F,630720.0,-81.0,15,-10,,
2026-03-19 14:20:51.149979-05:00,41.9795984,-93.80943,11.3,mid-band,00019C01F,630720.0,-81.0,14,-10,,
2026-03-19 14:20:53.720144-05:00,41.9796016,-93.809606,31.0,mid-band,00019C01F,630720.0,-85.0,12,-10,,
2026-03-19 14:20:56.310156-05:00,41.9796044,-93.8098701,17.1,mid-band,00019C01F,630720.0,-89.0,6,-11,50.2,275.0
2026-03-19 14:20:58.886265-05:00,41.979603,-93.8100452,17.4,mid-band,00019C01F,630720.0,-83.0,13,-10,31.5,250.0
2026-03-19 14:21:01.462307-05:00,41.9796015,-93.8102926,45.0,mid-band,00019C01F,630720.0,-88.0,6,-11,52.4,265.0
2026-03-19 14:21:04.066277-05:00,41.9795993,-93.810457,153.0,mid-band,00019C01F,630720.0,-97.0,3,-11,31.5,134.0
2026-03-19 14:21:06.778243-05:00,41.9795916,-93.8107109,58.9,mid-band,00019C01F,630720.0,-82.0,14,-10,52.4,221.0
2026-03-19 14:21:09.395633-05:00,41.9795909,-93.8109769,13.8,mid-band,00019C01F,630720.0,-88.0,11,-10,41.9,83.2
2026-03-19 14:21:11.968445-05:00,41.9795946,-93.8111596,17.8,mid-band,00019C01F,630720.0,-82.0,16,-10,10.5,137.0
2026-03-19 14:21:14.545179-05:00,41.9795987,-93.8114291,20.4,mid-band,00019C01F,630720.0,-98.0,4,-11,10.5,106.0
2026-03-19 14:21:17.124534-05:00,41.9796001,-93.8116874,36.8,mid-band,00019C01F,630720.0,-99.0,2,-11,31.5,249.0
2026-03-19 14:21:19.720352-05:00,41.9795986,-93.8118483,16.7,mid-band,00019C01F,630720.0,-101.0,-7,-11,10.5,187.0
2026-03-19 14:21:22.295636-05:00,41.9795999,-93.8120977,19.6,mid-band,00019C01F,630720.0,-101.0,-2,-11,10.5,56.4
2026-03-19 14:21:24.874175-05:00,41.9795987,-93.812805,,,,,,,,,
2026-03-19 14:21:36.441113-05:00,41.9796047,-93.8133675,,,,,,,,,
2026-03-19 14:21:42.102307-05:00,41.9795967,-93.8139815,36.8,mid-band,00019C01F,630720.0,-89.0,6,-11,,
2026-03-19 14:21:44.697716-05:00,41.979594,-93.8141958,28.6,mid-band,00019C01F,630720.0,-88.0,5,-11,10.5,292.0
2026-03-19 14:21:47.285173-05:00,41.9795912,-93.8145143,69.8,mid-band,00019C01F,630720.0,-90.0,4,-11,10.5,312.0
2026-03-19 14:21:49.913171-05:00,41.9795889,-93.8147201,68.2,mid-band,00019C01F,630720.0,-91.0,4,-11,10.5,318.0
2026-03-19 14:21:52.540092-05:00,41.9795911,-93.8150154,71.6,mid-band,00019C01F,630720.0,-84.0,7,-11,10.5,312.0
2026-03-19 14:21:55.170202-05:00,41.9795928,-93.8152501,69.1,mid-band,00019C01F,630720.0,-82.0,9,-10,21.0,308.0
2026-03-19 14:21:57.798155-05:00,41.9795942,-93.8153137,,mid-band,00019C01F,630720.0,-86.0,6,-11,31.4,163.0
2026-03-19 14:22:01.357043-05:00,41.9795934,-93.8153168,,mid-band,00019C01F,630720.0,-83.0,9,-11,,
2026-03-19 14:22:04.915682-05:00,41.9795935,-93.815347,333.0,mid-band,00019C01F,630720.0,-86.0,5,-11,,
2026-03-19 14:22:07.807226-05:00,41.9795851,-93.8154977,66.8,mid-band,00019C01F,630720.0,-90.0,-1,-11,62.9,0.108
2026-03-19 14:22:10.433122-05:00,41.979578,-93.8157164,8.63,mid-band,00019C01F,630720.0,-90.0,2,-12,,
2026-03-19 14:22:13.000599-05:00,41.9795781,-93.8158729,6.09,mid-band,00019C01F,630720.0,-92.0,0,-12,,
2026-03-19 14:22:15.565490-05:00,41.9795773,-93.8161108,21.4,mid-band,00019C01F,630720.0,-92.0,4,-12,31.5,39.9
2026-03-19 14:22:18.145786-05:00,41.9795771,-93.8163457,28.5,mid-band,00019C01F,630720.0,-91.0,1,-12,41.9,250.0
2026-03-19 14:22:20.733228-05:00,41.9795767,-93.8165087,175.0,mid-band,00019C01F,630720.0,-94.0,3,-13,21.0,281.0
2026-03-19 14:22:23.467573-05:00,41.9795734,-93.816762,,mid-band,00019C01F,630720.0,-95.0,0,-11,10.5,16.6
2026-03-19 14:22:27.026382-05:00,41.9795734,-93.8170085,338.0,mid-band,00019C01F,630720.0,-94.0,3,-12,10.5,139.0
2026-03-19 14:22:29.922916-05:00,41.9795742,-93.8172561,11.4,mid-band,00019C01F,630720.0,-89.0,7,-11,10.5,57.7
2026-03-19 14:22:32.493085-05:00,41.979576,-93.817505,28.5,mid-band,00019C01F,630720.0,-95.0,3,-12,21.0,120.0
2026-03-19 14:22:35.080459-05:00,41.9795744,-93.8181612,101.0,mid-band,00019C01F,630720.0,-100.0,-11,-12,10.5,34.4
2026-03-19 14:22:43.445521-05:00,41.9795736,-93.8184172,,mid-band,FFFFFFFFF,-1.0,-80.0,0,-10,,
2026-03-19 14:22:48.055728-05:00,41.9795753,-93.8187777,,,,,,,,,
2026-03-19 14:22:53.717090-05:00,41.9795786,-93.8192868,,,,,,,,,
2026-03-19 14:22:59.378490-05:00,41.9795686,-93.8197865,,,,,,,,,
2026-03-19 14:23:05.039741-05:00,41.9795684,-93.8202294,,,,,,,,,
2026-03-19 14:23:10.701030-05:00,41.9795686,-93.8207765,,,,,,,,,
2026-03-19 14:23:16.362162-05:00,41.9795668,-93.8213216,,,,,,,,,
2026-03-19 14:23:22.023489-05:00,41.9795617,-93.8217879,,mid-band,00019C01F,630720.0,-109.0,0,-11,,
2026-03-19 14:23:27.684813-05:00,41.9795609,-93.822395,22.5,mid-band,00019C01F,630720.0,-96.0,5,-11,,
2026-03-19 14:23:30.266202-05:00,41.979562,-93.8227066,28.3,mid-band,00019C01F,630720.0,-101.0,5,-11,,
2026-03-19 14:23:32.853172-05:00,41.9795633,-93.8229041,64.8,mid-band,00019C01F,630720.0,-109.0,-4,-11,,
2026-03-19 14:23:35.476756-05:00,41.979566,-93.823184,281.0,mid-band,00019C01F,630720.0,-111.0,-6,-11,,
2026-03-19 14:23:38.316412-05:00,41.9795679,-93.8234642,,,,,,,,,
2026-03-19 14:23:43.977722-05:00,41.9795662,-93.8246234,179.0,mid-band,00019C01F,630720.0,-98.0,1,-11,,
2026-03-19 14:23:54.023461-05:00,41.9795642,-93.8249245,11.7,mid-band,00019C01F,630720.0,-98.0,4,-11,11.2,54.8
2026-03-19 14:23:56.594002-05:00,41.9795647,-93.8252356,14.7,mid-band,00019C01F,630720.0,-98.0,6,-11,20.2,242.0
2026-03-19 14:23:59.167500-05:00,41.9795642,-93.8255479,23.7,mid-band,00019C01F,630720.0,-95.0,8,-11,19.7,233.0
2026-03-19 14:24:01.750062-05:00,41.979565,-93.825755,18.9,mid-band,00019C01F,630720.0,-94.0,9,-10,24.3,276.0
2026-03-19 14:24:04.327738-05:00,41.9795607,-93.8260556,14.1,mid-band,00019C01F,630720.0,-94.0,9,-11,31.6,283.0
2026-03-19 14:24:06.900387-05:00,41.9795572,-93.8262546,16.4,mid-band,00019C01F,630720.0,-94.0,9,-10,42.4,257.0
2026-03-19 14:24:09.475299-05:00,41.9795563,-93.8265616,29.6,mid-band,00019C01F,630720.0,-93.0,8,-10,21.0,236.0
2026-03-19 14:24:12.063903-05:00,41.9795561,-93.8267766,16.6,mid-band,00019C01F,630720.0,-95.0,9,-11,20.7,195.0
2026-03-19 14:24:14.639374-05:00,41.9795562,-93.8271122,19.9,mid-band,00019C01F,630720.0,-92.0,8,-10,31.3,244.0
2026-03-19 14:24:17.218073-05:00,41.9795527,-93.8274345,17.7,mid-band,00019C01F,630720.0,-94.0,7,-11,31.1,251.0
2026-03-19 14:24:19.794349-05:00,41.9795523,-93.8276325,13.3,mid-band,00019C01F,630720.0,-91.0,9,-10,31.1,230.0
2026-03-19 14:24:22.366277-05:00,41.9795569,-93.827915,11.4,mid-band,00019C01F,630720.0,-95.0,6,-11,31.1,255.0
2026-03-19 14:24:24.936255-05:00,41.9795585,-93.8280999,27.5,mid-band,00019C01F,630720.0,-93.0,8,-11,31.4,217.0
2026-03-19 14:24:27.522620-05:00,41.9795562,-93.8283786,20.1,mid-band,00019C01F,630720.0,-89.0,13,-10,31.1,185.0
2026-03-19 14:24:30.101098-05:00,41.979555,-93.8286601,14.3,mid-band,00019C01F,630720.0,-94.0,7,-10,41.7,248.0
2026-03-19 14:24:32.673981-05:00,41.9795588,-93.8288498,18.2,mid-band,00019C01F,630720.0,-93.0,2,-11,20.7,248.0
2026-03-19 14:24:35.250937-05:00,41.9795673,-93.8291378,15.7,mid-band,00019C01F,630720.0,-98.0,3,-11,20.7,224.0
2026-03-19 14:24:37.825069-05:00,41.9795658,-93.8293313,27.4,mid-band,00019C01F,630720.0,-104.0,-6,-11,10.5,154.0
2026-03-19 14:24:40.411070-05:00,41.9795617,-93.82963,37.6,mid-band,00019C01F,630720.0,-103.0,-5,-11,,
2026-03-19 14:24:43.007345-05:00,41.9795582,-93.8298336,606.0,mid-band,00019C01F,630720.0,-115.0,-14,-12,,
2026-03-19 14:24:46.172380-05:00,41.9795575,-93.8302351,,,,,,,,,
2026-03-19 14:24:51.833716-05:00,41.9795519,-93.8307045,,,,,,,,,
2026-03-19 14:24:57.495276-05:00,41.9795517,-93.8315807,361.0,mid-band,00019C01F,630720.0,-95.0,3,-11,,
2026-03-19 14:25:03.196081-05:00,41.9795507,-93.831856,378.0,mid-band,00019C01F,630720.0,-97.0,-3,-12,,
2026-03-19 14:25:06.133134-05:00,41.9795485,-93.8321278,18.2,mid-band,00019C01F,630720.0,-92.0,-2,-11,,
2026-03-19 14:25:08.710044-05:00,41.9795499,-93.8323123,,mid-band,FFFFFFFFF,-1.0,-76.0,0,-10,,
2026-03-19 14:25:12.268771-05:00,41.9795563,-93.8326933,346.0,mid-band,00019C01F,630720.0,-89.0,7,-11,,
2026-03-19 14:25:15.173047-05:00,41.9795559,-93.8329737,27.6,mid-band,00019C01F,630720.0,-87.0,6,-10,8.22,46.6
2026-03-19 14:25:17.759125-05:00,41.9795551,-93.8331561,21.0,mid-band,00019C01F,630720.0,-90.0,8,-11,46.7,251.0
2026-03-19 14:25:20.338809-05:00,41.9795537,-93.8334319,17.8,mid-band,00019C01F,630720.0,-90.0,3,-11,41.9,228.0
2026-03-19 14:25:22.915110-05:00,41.9795515,-93.8336196,21.5,mid-band,00019C01F,630720.0,-96.0,1,-11,31.5,220.0
2026-03-19 14:25:25.495592-05:00,41.9795491,-93.8339076,30.8,mid-band,00019C01F,630720.0,-94.0,-2,-11,31.5,217.0
2026-03-19 14:25:28.085224-05:00,41.979548,-93.8342031,11.6,mid-band,00019C01F,630720.0,-92.0,5,-11,31.5,124.0
2026-03-19 14:25:30.655494-05:00,41.9795494,-93.8344011,33.8,mid-band,00019C01F,630720.0,-92.0,4,-11,21.0,132.0
2026-03-19 14:25:33.247997-05:00,41.9795479,-93.8347064,27.3,mid-band,00019C01F,630720.0,-96.0,2,-11,31.5,138.0
2026-03-19 14:25:35.833180-05:00,41.9795497,-93.8349138,161.0,mid-band,00019C01F,630720.0,-101.0,-3,-11,10.5,1.38
2026-03-19 14:25:38.553098-05:00,41.9795516,-93.8352218,110.0,mid-band,00019C01F,630720.0,-102.0,-4,-11,10.5,31.3
2026-03-19 14:25:41.221873-05:00,41.9795499,-93.8355247,46.4,mid-band,00019C01F,630720.0,-103.0,-7,-11,21.0,26.8
2026-03-19 14:25:43.827052-05:00,41.9795525,-93.8357281,,mid-band,00019C01F,630720.0,-91.0,3,-11,10.5,19.7
2026-03-19 14:25:48.437222-05:00,41.9795627,-93.8362703,28.3,mid-band,00019C01F,630720.0,-86.0,5,-11,10.5,20.1
2026-03-19 14:25:51.024490-05:00,41.9795661,-93.8364886,25.3,mid-band,00019C01F,630720.0,-84.0,7,-11,21.0,304.0
2026-03-19 14:25:53.608761-05:00,41.9795685,-93.836821,26.3,mid-band,00019C01F,630720.0,-86.0,6,-11,41.9,278.0
2026-03-19 14:25:56.194074-05:00,41.9795749,-93.8371508,24.0,mid-band,00019C01F,630720.0,-86.0,4,-11,41.9,242.0
2026-03-19 14:25:58.777157-05:00,41.9795779,-93.8373722,24.7,mid-band,00019C01F,630720.0,-88.0,3,-11,41.9,271.0
2026-03-19 14:26:01.361114-05:00,41.9795815,-93.8377093,31.7,mid-band,00019C01F,630720.0,-87.0,3,-11,41.9,258.0
2026-03-19 14:26:03.951769-05:00,41.9795853,-93.8387119,632.0,mid-band,00019C01F,630720.0,-92.0,0,-11,41.9,274.0
2026-03-19 14:26:14.476136-05:00,41.979587,-93.8391339,77.7,mid-band,00019C01F,630720.0,-95.0,-1,-11,10.5,164.0
2026-03-19 14:26:17.112783-05:00,41.9795869,-93.839455,40.8,mid-band,00019C01F,630720.0,-100.0,-3,-11,10.5,74.3
2026-03-19 14:26:19.712570-05:00,41.9795893,-93.8396723,44.8,mid-band,00019C01F,630720.0,-98.0,-1,-11,10.5,62.2
2026-03-19 14:26:22.316394-05:00,41.9795922,-93.8399955,37.2,mid-band,00019C01F,630720.0,-100.0,0,-11,10.5,47.6
2026-03-19 14:26:24.912534-05:00,41.9795951,-93.8402048,23.0,mid-band,00019C01F,630720.0,-100.0,-1,-11,10.5,69.5
2026-03-19 14:26:27.494193-05:00,41.9796017,-93.8405129,52.1,mid-band,00019C01F,630720.0,-98.0,0,-11,10.5,107.0
2026-03-19 14:26:30.105148-05:00,41.979602,-93.8408147,8.1,mid-band,00019C01F,630720.0,-97.0,0,-11,10.5,141.0
2026-03-19 14:26:32.672102-05:00,41.9796036,-93.8409942,10.6,mid-band,00019C01F,630720.0,-100.0,0,-11,10.5,80.3
2026-03-19 14:26:35.241523-05:00,41.9796105,-93.8411746,29.6,mid-band,00019C01F,630720.0,-99.0,3,-11,10.5,177.0
2026-03-19 14:26:37.829174-05:00,41.9796147,-93.8411995,18.4,mid-band,00019C01F,630720.0,-100.0,2,-11,10.5,274.0
2026-03-19 14:26:40.406325-05:00,41.9796147,-93.8412358,68.1,mid-band,00019C01F,630720.0,-101.0,0,-11,10.5,202.0
2026-03-19 14:26:43.033192-05:00,41.9796159,-93.8413253,55.2,mid-band,00019C01F,630720.0,-97.0,0,-11,10.5,81.9
2026-03-19 14:26:45.647324-05:00,41.979617,-93.8414947,51.7,mid-band,00019C01F,630720.0,-98.0,0,-11,10.5,130.0
2026-03-19 14:26:48.257173-05:00,41.9796177,-93.8417075,68.4,mid-band,00019C01F,630720.0,-100.0,2,-11,10.5,122.0
2026-03-19 14:26:50.884409-05:00,41.979617,-93.8418638,27.6,mid-band,00019C01F,630720.0,-99.0,-2,-11,10.5,257.0
2026-03-19 14:26:53.470747-05:00,41.9796168,-93.8421048,132.0,mid-band,00019C01F,630720.0,-101.0,-2,-11,10.5,82.7
2026-03-19 14:26:56.161149-05:00,41.9796186,-93.842355,400.0,mid-band,00019C01F,630720.0,-106.0,-6,-12,10.5,16.6
2026-03-19 14:26:59.119793-05:00,41.9796211,-93.842616,,,,,,,,10.5,2.27
2026-03-19 14:27:04.780952-05:00,41.9796244,-93.8431134,,mid-band,FFFFFFFFF,-1.0,-118.0,-11,-20,,
2026-03-19 14:27:08.339536-05:00,41.9796244,-93.8435476,,,,,,,,,
2026-03-19 14:27:14.000769-05:00,41.9796272,-93.8448217,18.6,mid-band,00019C01F,630720.0,-100.0,3,-11,,
2026-03-19 14:27:23.859736-05:00,41.979631,-93.8451003,8.99,mid-band,00019C01F,630720.0,-99.0,0,-11,,
2026-03-19 14:27:26.427347-05:00,41.9796346,-93.8453875,14.9,mid-band,00019C01F,630720.0,-101.0,-2,-11,,
2026-03-19 14:27:29.000861-05:00,41.9796363,-93.8455895,20.4,mid-band,00019C01F,630720.0,-98.0,3,-11,,
2026-03-19 14:27:31.579921-05:00,41.9796358,-93.8459113,12.2,mid-band,00019C01F,630720.0,-100.0,2,-11,6.73,38.6
2026-03-19 14:27:34.150814-05:00,41.9796339,-93.8462561,302.0,mid-band,00019C01F,630720.0,-102.0,-2,-11,6.21,136.0
2026-03-19 14:27:37.011337-05:00,41.9796326,-93.8464946,19.8,mid-band,00019C01F,630720.0,-108.0,1,-11,4.14,73.0
2026-03-19 14:27:39.589877-05:00,41.9796336,-93.8468396,8.19,mid-band,00019C01F,630720.0,-111.0,-1,-11,2.07,64.3
2026-03-19 14:27:42.156563-05:00,41.9796346,-93.8471653,25.8,mid-band,00019C01F,630720.0,-109.0,1,-11,2.07,104.0
2026-03-19 14:27:44.741020-05:00,41.9796344,-93.8473779,16.0,mid-band,00019C01F,630720.0,-109.0,0,-11,2.07,100.0
2026-03-19 14:27:47.315686-05:00,41.9796334,-93.8477122,24.7,mid-band,00019C01F,630720.0,-107.0,2,-11,,
2026-03-19 14:27:49.898881-05:00,41.9796311,-93.8479431,107.0,mid-band,00019C01F,630720.0,-108.0,1,-11,2.07,105.0
2026-03-19 14:27:52.565108-05:00,41.9796296,-93.8482896,39.6,mid-band,00019C01F,630720.0,-105.0,8,-10,2.07,192.0
2026-03-19 14:27:55.163344-05:00,41.9796385,-93.8486342,87.8,mid-band,00019C01F,630720.0,-111.0,-1,-11,2.07,137.0
2026-03-19 14:27:57.809908-05:00,41.9796421,-93.8488564,17.7,mid-band,00019C01F,630720.0,-102.0,-2,-11,2.07,113.0
2026-03-19 14:28:00.386258-05:00,41.9796449,-93.8491827,14.3,mid-band,00019C01F,630720.0,-106.0,1,-11,2.07,127.0
2026-03-19 14:28:02.959046-05:00,41.9796459,-93.8494042,69.9,mid-band,00019C01F,630720.0,-104.0,-3,-11,2.07,96.1
2026-03-19 14:28:05.587740-05:00,41.979648,-93.8497408,25.3,mid-band,00019C01F,630720.0,-105.0,-3,-11,2.07,62.4
2026-03-19 14:28:08.171692-05:00,41.9796497,-93.8500735,22.0,mid-band,00019C01F,630720.0,-98.0,0,-11,6.21,121.0
2026-03-19 14:28:10.752417-05:00,41.9796505,-93.8502881,200.0,mid-band,00019C01F,630720.0,-109.0,-10,-12,14.5,148.0
2026-03-19 14:28:13.510848-05:00,41.9796504,-93.8506033,101.0,mid-band,00019C01F,630720.0,-107.0,-6,-11,10.4,67.8
2026-03-19 14:28:16.170968-05:00,41.9796511,-93.8509183,21.6,mid-band,00019C01F,630720.0,-101.0,-2,-11,12.4,125.0
2026-03-19 14:28:18.751385-05:00,41.979654,-93.8511299,34.9,mid-band,00019C01F,630720.0,-106.0,-8,-11,12.4,126.0
2026-03-19 14:28:21.345065-05:00,41.9796582,-93.8514382,875.0,mid-band,00019C01F,630720.0,-95.0,0,-11,2.07,36.3
2026-03-19 14:28:24.778243-05:00,41.9796531,-93.8523711,19.2,mid-band,00019C01F,630720.0,-100.0,0,-11,4.66,54.5
2026-03-19 14:28:33.355766-05:00,41.9796532,-93.8526941,24.1,mid-band,00019C01F,630720.0,-102.0,3,-11,9.32,102.0
2026-03-19 14:28:35.938656-05:00,41.9796539,-93.8529074,25.8,mid-band,00019C01F,630720.0,-100.0,-3,-11,6.21,111.0
2026-03-19 14:28:38.523184-05:00,41.9796543,-93.8532133,57.9,mid-band,00019C01F,630720.0,-112.0,-4,-11,3.11,70.8
2026-03-19 14:28:41.139889-05:00,41.9796508,-93.8535226,18.0,mid-band,00019C01F,630720.0,-104.0,0,-11,3.11,111.0
2026-03-19 14:28:43.716481-05:00,41.979649,-93.8537268,55.1,mid-band,00019C01F,630720.0,-109.0,-1,-11,3.11,109.0
2026-03-19 14:28:46.330501-05:00,41.9796468,-93.8540285,45.1,mid-band,00019C01F,630720.0,-112.0,-2,-11,3.11,49.2
2026-03-19 14:28:48.933959-05:00,41.9796455,-93.854225,79.3,mid-band,00019C01F,630720.0,-114.0,-2,-11,,
2026-03-19 14:28:51.571947-05:00,41.9796369,-93.8544911,244.0,mid-band,00019C01F,630720.0,-116.0,-6,-11,,
2026-03-19 14:28:54.374653-05:00,41.9796348,-93.8547601,421.0,mid-band,00019C01F,630720.0,-123.0,-7,-11,,
2026-03-19 14:28:57.354678-05:00,41.9796314,-93.8550543,250.0,mid-band,00019C01F,630720.0,-118.0,-5,-11,,
2026-03-19 14:29:00.163691-05:00,41.9796242,-93.8553502,,,,,,,,,
2026-03-19 14:29:05.824936-05:00,41.979615,-93.8558362,,,,,,,,,
2026-03-19 14:29:11.486143-05:00,41.979615,-93.8563939,,,,,,,,,
2026-03-19 14:29:17.147338-05:00,41.9796067,-93.8569112,,,,,,,,,
2026-03-19 14:29:22.808643-05:00,41.9795972,-93.8573487,19.8,mid-band,00019C01F,630720.0,-106.0,0,-11,,
2026-03-19 14:29:25.387227-05:00,41.9795898,-93.8576395,56.7,mid-band,00019C01F,630720.0,-112.0,-4,-11,,
2026-03-19 14:29:28.002791-05:00,41.979587,-93.857837,29.1,mid-band,00019C01F,630720.0,-110.0,-6,-11,,
2026-03-19 14:29:30.590543-05:00,41.9795846,-93.8581323,17.9,mid-band,00019C01F,630720.0,-110.0,-5,-11,,
2026-03-19 14:29:33.166673-05:00,41.979577,-93.8591009,130.0,mid-band,00019C01F,630720.0,-115.0,-6,-12,0.97,30.0
2026-03-19 14:29:43.975344-05:00,41.9795761,-93.8593842,,mid-band,FFFFFFFFF,-1.0,-97.0,0,-11,,
2026-03-19 14:29:47.534079-05:00,41.9795676,-93.8597503,,mid-band,00019C01F,630720.0,-111.0,-13,-12,,
2026-03-19 14:29:51.092792-05:00,41.9795617,-93.8601226,,mid-band,00019C01F,630720.0,-112.0,-1,-11,,
2026-03-19 14:29:55.702707-05:00,41.9795602,-93.8604883,20.4,mid-band,00019C01F,630720.0,-108.0,-4,-11,0.647,49.2
2026-03-19 14:29:58.281713-05:00,41.9795605,-93.8607635,16.0,mid-band,00019C01F,630720.0,-107.0,-5,-11,0.582,91.8
2026-03-19 14:30:00.856221-05:00,41.9795593,-93.8609578,,mid-band,00019C01F,630720.0,-105.0,-3,-11,1.3,76.4
2026-03-19 14:30:05.466160-05:00,41.9795542,-93.8614891,55.5,mid-band,00019C01F,630720.0,-106.0,-4,-15,,
2026-03-19 14:30:08.080353-05:00,41.9795475,-93.8618239,23.5,mid-band,00019C01F,630720.0,-112.0,-2,-12,0.518,67.8
2026-03-19 14:30:10.662545-05:00,41.9795416,-93.8620439,15.3,mid-band,00019C01F,630720.0,-102.0,0,-11,3.71,99.1
2026-03-19 14:30:13.236464-05:00,41.9795352,-93.8623529,,mid-band,00019C01F,630720.0,-104.0,-2,-11,4.14,112.0
2026-03-19 14:30:16.795205-05:00,41.9795278,-93.862641,,mid-band,00019C01F,630720.0,-118.0,-8,-17,1.03,40.8
2026-03-19 14:30:20.353885-05:00,41.9795198,-93.8630188,,,,,,,,,
2026-03-19 14:30:26.015173-05:00,41.9795114,-93.8634937,,,,,,,,,
2026-03-19 14:30:31.676413-05:00,41.9794964,-93.8640926,,,,,,,,,
2026-03-19 14:30:37.337104-05:00,41.9794857,-93.8646652,,,,,,,,,
2026-03-19 14:30:42.997809-05:00,41.9794773,-93.8651507,,,,,,,,,
2026-03-19 14:30:48.659219-05:00,41.9794523,-93.8669559,69.3,mid-band,00019C01F,630720.0,-105.0,1,-11,,
2026-03-19 14:31:04.925157-05:00,41.9794517,-93.867312,25.4,mid-band,00019C01F,630720.0,-103.0,0,-11,6.21,212.0
2026-03-19 14:31:07.509374-05:00,41.9794534,-93.8675378,21.7,mid-band,00019C01F,630720.0,-105.0,0,-11,5.18,157.0
2026-03-19 14:31:10.089837-05:00,41.9794547,-93.8677365,26.9,mid-band,00019C01F,630720.0,-107.0,-5,-12,5.18,152.0
2026-03-19 14:31:12.675451-05:00,41.9794534,-93.8678715,,,,,,,,,
2026-03-19 14:31:18.336403-05:00,41.9794421,-93.8683546,,,,,,,,,
2026-03-19 14:31:23.997721-05:00,41.9794351,-93.8688412,,,,,,,,,
2026-03-19 14:31:29.659086-05:00,41.9794293,-93.8694635,,,,,,,,,
2026-03-19 14:31:35.319661-05:00,41.9794262,-93.8700698,,,,,,,,,
2026-03-19 14:31:40.980427-05:00,41.9794162,-93.8705811,,,,,,,,,
2026-03-19 14:31:46.641374-05:00,41.9794089,-93.8712184,,,,,,,,,
2026-03-19 14:31:52.302512-05:00,41.9793982,-93.871858,,,,,,,,,
2026-03-19 14:31:57.963652-05:00,41.979389,-93.8723972,,,,,,,,,
2026-03-19 14:32:03.624849-05:00,41.9794025,-93.873033,,,,,,,,,
2026-03-19 14:32:09.285119-05:00,41.9803478,-93.8738457,,mid-band,00019C01F,630720.0,-44.0,0,-3,,
2026-03-19 14:32:26.897166-05:00,41.9807579,-93.8738576,,mid-band,00019C01F,630720.0,-111.0,-4,-15,,
2026-03-19 14:32:30.455805-05:00,41.980861,-93.8739787,20.0,mid-band,00019C01F,630720.0,-111.0,-3,-11,,
2026-03-19 14:32:33.034411-05:00,41.9808639,-93.8740135,,mid-band,FFFFFFFFF,-1.0,-115.0,-2,-14,,
2026-03-19 14:32:36.593178-05:00,41.9808642,-93.874014,,,,,,,,,
2026-03-19 14:32:42.254249-05:00,41.9808679,-93.8740032,,,,,,,,,
2026-03-19 14:32:47.915639-05:00,41.9808699,-93.873998,,,,,,,,,
2026-03-19 14:32:53.576440-05:00,41.9808706,-93.8739878,,,,,,,,,
2026-03-19 14:32:59.237884-05:00,41.9808661,-93.8739724,,,,,,,,,
2026-03-19 14:33:04.899193-05:00,41.9808617,-93.8739735,,,,,,,,,
2026-03-19 14:33:10.560398-05:00,41.9808574,-93.8739741,,,,,,,,,
2026-03-19 14:33:16.221358-05:00,41.9808519,-93.8739525,,mid-band,FFFFFFFFF,-1.0,-111.0,0,-11,,
2026-03-19 14:33:19.779958-05:00,41.9808642,-93.8738974,,mid-band,FFFFFFFFF,-1.0,-99.0,0,-10,,
2026-03-19 14:33:23.338586-05:00,41.9809016,-93.8738483,,,,,,,,,
2026-03-19 14:33:28.999737-05:00,41.9802228,-93.8738593,,mid-band,00019C01F,630720.0,-121.0,-10,-12,,
2026-03-19 14:33:45.853180-05:00,41.9797304,-93.8736258,,,,,,,,,
2026-03-19 14:33:51.514450-05:00,41.9794129,-93.8727444,,,,,,,,,
2026-03-19 14:33:57.175548-05:00,41.9794105,-93.8716556,,,,,,,,,
2026-03-19 14:34:02.836742-05:00,41.9794307,-93.870682,,,,,,,,,
2026-03-19 14:34:08.497121-05:00,41.9794584,-93.8693545,,,,,,,,,
2026-03-19 14:34:14.158220-05:00,41.9794827,-93.86802,,,,,,,,,
2026-03-19 14:34:19.819569-05:00,41.9794985,-93.8672529,,,,,,,,,
2026-03-19 14:34:25.480761-05:00,41.9795034,-93.8669286,,,,,,,,,
2026-03-19 14:34:31.142014-05:00,41.9795116,-93.8669297,,,,,,,,,
2026-03-19 14:34:36.803309-05:00,41.9795148,-93.8669289,,,,,,,,,
2026-03-19 14:34:42.464533-05:00,41.9795201,-93.86693,,,,,,,,,
2026-03-19 14:34:48.125885-05:00,41.9795254,-93.8669267,,,,,,,,,
2026-03-19 14:35:07.954237-05:00,41.9795232,-93.8669291,,,,,,,,,
2026-03-19 14:35:13.615597-05:00,41.9795283,-93.8667054,,,,,,,,,
2026-03-19 14:35:19.276816-05:00,41.9795357,-93.8664206,,,,,,,,,
2026-03-19 14:35:24.937111-05:00,41.9795353,-93.8664029,,,,,,,,,
2026-03-19 14:35:30.598240-05:00,41.9795379,-93.8664029,,,,,,,,,
2026-03-19 14:35:36.259334-05:00,41.979543,-93.8664041,,,,,,,,,
2026-03-19 14:35:41.919717-05:00,41.979546,-93.8664042,,,,,,,,,
2026-03-19 14:35:47.580916-05:00,41.9795439,-93.8663995,,,,,,,,,
2026-03-19 14:35:53.241110-05:00,41.9795498,-93.8660375,,,,,,,,,
2026-03-19 14:35:58.902332-05:00,41.9795659,-93.865327,,,,,,,,,
2026-03-19 14:36:04.563672-05:00,41.9795919,-93.8628944,,,,,,,,,
2026-03-19 14:36:16.448415-05:00,41.9796117,-93.8615233,,,,,,,,,
2026-03-19 14:36:22.109110-05:00,41.9796373,-93.8600444,,,,,,,,,
2026-03-19 14:36:27.769128-05:00,41.9796479,-93.8587763,,,,,,,,,
2026-03-19 14:36:33.430306-05:00,41.9796685,-93.8573721,,,,,,,,,
2026-03-19 14:36:39.091339-05:00,41.9796808,-93.8560261,,,,,,,,,
2026-03-19 14:36:44.751739-05:00,41.9796916,-93.8548963,,,,,,,,,
2026-03-19 14:36:50.412413-05:00,41.9797091,-93.8535697,,,,,,,,,
2026-03-19 14:36:56.073130-05:00,41.9797061,-93.8524429,,,,,,,,,
2026-03-19 14:37:01.734487-05:00,41.9796996,-93.8510126,,,,,,,,,
2026-03-19 14:37:07.395646-05:00,41.9796939,-93.8494514,,,,,,,,,
2026-03-19 14:37:13.056396-05:00,41.979676,-93.8458483,73.4,,,,,,,,
2026-03-19 14:37:22.864794-05:00,41.9796752,-93.8453184,72.6,,,,,,,,
2026-03-19 14:37:24.444777-05:00,41.9796735,-93.844787,65.0,,,,,,,,
2026-03-19 14:37:26.017245-05:00,41.9796729,-93.8445204,63.0,,,,,,,,
2026-03-19 14:37:27.587625-05:00,41.9796733,-93.8439873,72.1,,,,,,,,
2026-03-19 14:37:29.167020-05:00,41.9796727,-93.843458,72.8,,,,,,,,
2026-03-19 14:37:30.747219-05:00,41.979674,-93.8431987,73.4,,,,,,,,
2026-03-19 14:37:32.327934-05:00,41.9796698,-93.8427148,389.0,,,,,,,,
2026-03-19 14:37:34.224279-05:00,41.9796611,-93.8423092,92.0,,,,,,,,
2026-03-19 14:37:35.823676-05:00,41.9796553,-93.8421437,66.2,,,,,,,,
2026-03-19 14:37:37.397322-05:00,41.9796504,-93.8418907,583.0,,,,,,,,
2026-03-19 14:37:39.488122-05:00,41.979645,-93.8417141,71.3,,,,,,,,
2026-03-19 14:37:41.066902-05:00,41.9796442,-93.8416516,73.8,,,,,,,,
2026-03-19 14:37:42.648206-05:00,41.979641,-93.8415998,76.7,,,,,,,,
2026-03-19 14:37:44.232231-05:00,41.9796366,-93.841597,67.1,,,,,,,,
2026-03-19 14:37:45.806173-05:00,41.979634,-93.841591,63.7,,,,,,,,
2026-03-19 14:37:47.377155-05:00,41.9796342,-93.8415251,61.5,,,,,,,,
2026-03-19 14:37:48.946032-05:00,41.9796356,-93.8414687,63.7,,,,,,,,
2026-03-19 14:37:50.517026-05:00,41.9796372,-93.8413336,61.7,,,,,,,,
2026-03-19 14:37:52.086021-05:00,41.9796342,-93.8412022,472.0,,,,,,,,
2026-03-19 14:37:59.509993-05:00,41.9796326,-93.841093,551.0,,,,,,,,
2026-03-19 14:38:04.723195-05:00,41.9796335,-93.8410921,66.5,,,,,,,,
2026-03-19 14:38:09.450870-05:00,41.9796347,-93.8410914,501.0,,,,,,,,
2026-03-19 14:38:14.613225-05:00,41.9796357,-93.8410903,197.0,,,,,,,,
2026-03-19 14:38:19.471465-05:00,41.9796389,-93.8410908,410.0,,,,,,,,
2026-03-19 14:38:24.542982-05:00,41.9796423,-93.8410879,64.3,,,,,,,,
2026-03-19 14:38:35.509987-05:00,41.9796447,-93.8410421,67.6,,,,,,,,
2026-03-19 14:38:40.238876-05:00,41.9796428,-93.8407337,78.2,,,,,,,,
2026-03-19 14:38:44.978237-05:00,41.9796426,-93.8402977,67.8,,,,,,,,
2026-03-19 14:38:49.707360-05:00,41.9796329,-93.839538,70.7,,,,,,,,
2026-03-19 14:38:54.439221-05:00,41.9796291,-93.8386495,70.5,,,,,,,,
2026-03-19 14:38:59.171205-05:00,41.9796263,-93.8376697,67.5,,,,,,,,
2026-03-19 14:39:03.899815-05:00,41.9796238,-93.836801,70.6,,,,,,,,
2026-03-19 14:39:08.631609-05:00,41.9796147,-93.8356319,67.0,,,,,,,,
2026-03-19 14:39:13.359873-05:00,41.9796109,-93.8343718,76.8,,,,,,,,
2026-03-19 14:39:18.097115-05:00,41.9796095,-93.8330468,70.0,,,,,,,,
2026-03-19 14:39:22.827694-05:00,41.9796091,-93.8319654,71.5,,,,,,,,
2026-03-19 14:39:27.560409-05:00,41.9796125,-93.8305762,69.4,,,,,,,,
2026-03-19 14:39:32.291164-05:00,41.979613,-93.8292025,75.6,,,,,,,,
2026-03-19 14:39:37.027722-05:00,41.9795959,-93.8270328,,,,,,,,,
2026-03-19 14:39:45.943631-05:00,41.9796022,-93.8256593,289.0,,,,,,,,
2026-03-19 14:39:50.894424-05:00,41.9796022,-93.8242494,65.6,,,,,,,,
2026-03-19 14:39:55.620423-05:00,41.9796049,-93.8228846,69.0,,,,,,,,
2026-03-19 14:40:00.350692-05:00,41.979592,-93.8215676,,,,,,,,,
2026-03-19 14:40:06.011702-05:00,41.9795933,-93.8204127,72.7,,,,,,,,
2026-03-19 14:40:10.745728-05:00,41.9796019,-93.8193086,51.8,,,,,,,,
2026-03-19 14:40:15.458664-05:00,41.9796107,-93.8181631,61.3,mid-band,00019C01F,630720.0,-105.0,-8,-11,,
2026-03-19 14:40:18.078546-05:00,41.9796117,-93.8174973,81.9,mid-band,00019C01F,630720.0,-100.0,-5,-11,,
2026-03-19 14:40:20.719092-05:00,41.9796124,-93.8170783,60.3,mid-band,00019C01F,630720.0,-108.0,-8,-18,,
2026-03-19 14:40:23.337984-05:00,41.97961,-93.8164947,871.0,mid-band,00019C01F,630720.0,-105.0,-5,-15,,
2026-03-19 17:14:24.384845-05:00,42.0212494,-93.7739434,10.3,mid-band,00019C01F,630720.0,-50.0,20,-10,,
2026-03-19 17:14:26.954017-05:00,42.0212496,-93.773943,16.4,mid-band,00019C01F,630720.0,-50.0,20,-10,,
2026-03-19 17:14:29.529052-05:00,42.0212496,-93.7739441,11.2,mid-band,00019C01F,630720.0,-50.0,20,-10,,
2026-03-19 17:14:32.099012-05:00,42.0212487,-93.7739449,21.4,mid-band,00019C01F,630720.0,-50.0,19,-10,,
2026-03-19 17:14:34.679140-05:00,42.0212486,-93.7739451,20.6,mid-band,00019C01F,630720.0,-50.0,19,-10,,
2026-03-19 17:14:37.258503-05:00,42.0212485,-93.7739438,26.9,mid-band,00019C01F,630720.0,-50.0,13,-10,,
2026-03-19 17:14:39.844281-05:00,42.0212487,-93.7739434,18.7,mid-band,00019C01F,630720.0,-50.0,19,-10,40.4,259.0
2026-03-19 17:14:42.421973-05:00,42.0212489,-93.773944,18.1,mid-band,00019C01F,630720.0,-50.0,20,-10,33.1,239.0
2026-03-19 17:14:44.998859-05:00,42.0212487,-93.7739443,19.1,mid-band,00019C01F,630720.0,-50.0,19,-10,41.4,251.0
2026-03-19 17:14:47.576638-05:00,42.021249,-93.7739443,14.6,mid-band,00019C01F,630720.0,-50.0,19,-10,62.1,259.0
2026-03-19 17:14:50.149944-05:00,42.0212499,-93.7739465,24.3,mid-band,00019C01F,630720.0,-51.0,19,-10,51.2,260.0
2026-03-19 17:14:52.733107-05:00,42.0212506,-93.7739481,30.1,mid-band,00019C01F,630720.0,-50.0,19,-10,62.6,253.0
2026-03-19 17:14:55.321789-05:00,42.0212507,-93.7739498,18.3,mid-band,00019C01F,630720.0,-50.0,19,-10,50.2,198.0
2026-03-19 17:14:57.898884-05:00,42.0212507,-93.7739507,41.5,mid-band,00019C01F,630720.0,-50.0,19,-10,47.6,278.0
2026-03-19 17:15:00.499182-05:00,42.0212516,-93.77395,24.4,mid-band,00019C01F,630720.0,-50.0,19,-10,51.2,247.0
2026-03-19 17:15:03.081931-05:00,42.0212525,-93.7739497,27.5,mid-band,00019C01F,630720.0,-50.0,19,-10,58.0,247.0
2026-03-19 17:15:05.668116-05:00,42.021253,-93.7739512,28.9,mid-band,00019C01F,630720.0,-50.0,19,-10,70.4,253.0
2026-03-19 17:15:08.255821-05:00,42.0212515,-93.7739524,23.8,mid-band,00019C01F,630720.0,-50.0,19,-10,74.5,256.0
2026-03-19 17:15:10.837738-05:00,42.021251,-93.7739517,16.3,mid-band,00019C01F,630720.0,-50.0,19,-10,82.8,238.0
2026-03-19 17:15:13.412730-05:00,42.0212518,-93.773952,12.6,mid-band,00019C01F,630720.0,-50.0,19,-10,60.0,167.0
2026-03-19 17:15:15.983910-05:00,42.0212523,-93.7739528,15.6,mid-band,00019C01F,630720.0,-50.0,19,-10,60.0,214.0
2026-03-19 17:15:18.557772-05:00,42.0212521,-93.7739536,15.8,mid-band,00019C01F,630720.0,-50.0,19,-10,68.8,247.0
2026-03-19 17:15:21.132418-05:00,42.0212518,-93.7739543,17.7,mid-band,00019C01F,630720.0,-50.0,19,-10,75.6,250.0
2026-03-19 17:15:23.708800-05:00,42.0212513,-93.7739543,21.2,mid-band,00019C01F,630720.0,-50.0,19,-10,84.4,216.0
2026-03-19 17:15:26.288805-05:00,42.021249,-93.7739552,21.6,mid-band,00019C01F,630720.0,-50.0,19,-10,84.4,239.0
2026-03-19 17:15:32.874808-05:00,42.0212481,-93.7739551,23.6,mid-band,00019C01F,630720.0,-50.0,20,-10,94.4,235.0
2026-03-19 17:15:35.457279-05:00,42.0212484,-93.773955,24.0,mid-band,00019C01F,630720.0,-50.0,19,-10,83.9,251.0
2026-03-19 17:15:38.040259-05:00,42.0212494,-93.7739536,24.7,mid-band,00019C01F,630720.0,-50.0,19,-10,83.9,244.0
2026-03-19 17:15:40.623728-05:00,42.0212501,-93.7739532,24.7,mid-band,00019C01F,630720.0,-50.0,19,-10,83.9,244.0
2026-03-19 17:15:43.207170-05:00,42.0212501,-93.773953,20.9,mid-band,00019C01F,630720.0,-50.0,19,-10,62.9,258.0
2026-03-19 17:15:45.787028-05:00,42.0212498,-93.7739527,17.2,mid-band,00019C01F,630720.0,-50.0,19,-10,52.4,209.0
2026-03-19 17:15:48.363053-05:00,42.0212497,-93.7739537,17.0,mid-band,00019C01F,630720.0,-50.0,19,-10,73.4,220.0
2026-03-19 17:15:50.938772-05:00,42.0212495,-93.7739541,16.5,mid-band,00019C01F,630720.0,-50.0,19,-10,73.4,233.0
2026-03-19 17:15:53.513782-05:00,42.0212488,-93.7739557,23.9,mid-band,00019C01F,630720.0,-50.0,19,-10,73.4,231.0
2026-03-19 17:15:56.096569-05:00,42.0212477,-93.7739563,24.3,mid-band,00019C01F,630720.0,-50.0,19,-10,83.9,225.0
2026-03-19 17:15:58.679459-05:00,42.0212477,-93.7739573,22.5,mid-band,00019C01F,630720.0,-50.0,19,-10,94.4,225.0
2026-03-19 17:16:01.260915-05:00,42.0212476,-93.7739585,49.2,mid-band,00019C01F,630720.0,-50.0,19,-10,94.4,237.0
2026-03-19 17:16:03.868836-05:00,42.0212486,-93.7739589,15.8,mid-band,00019C01F,630720.0,-50.0,19,-10,31.5,144.0
2026-03-19 17:16:06.443372-05:00,42.0212484,-93.7739598,18.5,mid-band,00019C01F,630720.0,-50.0,19,-10,41.9,243.0
2026-03-19 17:16:09.020669-05:00,42.021248,-93.7739608,22.1,mid-band,00019C01F,630720.0,-50.0,19,-10,62.9,243.0
2026-03-19 17:16:11.601746-05:00,42.0212496,-93.7739614,24.5,mid-band,00019C01F,630720.0,-50.0,19,-10,62.9,229.0
2026-03-19 17:16:14.184696-05:00,42.021251,-93.7739609,69.5,mid-band,00019C01F,630720.0,-50.0,19,-10,83.9,247.0
2026-03-19 17:16:16.813266-05:00,42.0212517,-93.773959,78.3,mid-band,00019C01F,630720.0,-50.0,19,-10,62.9,267.0
2026-03-19 17:16:19.449789-05:00,42.0212527,-93.7739571,29.4,mid-band,00019C01F,630720.0,-50.0,19,-10,52.4,262.0
2026-03-19 17:16:22.038010-05:00,42.021253,-93.7739567,25.8,mid-band,00019C01F,630720.0,-50.0,20,-10,41.9,283.0
2026-03-19 17:16:24.622381-05:00,42.0212542,-93.7739551,20.0,mid-band,00019C01F,630720.0,-51.0,19,-10,52.4,270.0
2026-03-19 17:16:27.201213-05:00,42.0212549,-93.773955,16.6,mid-band,00019C01F,630720.0,-50.0,19,-10,41.9,258.0
2026-03-19 17:16:29.776656-05:00,42.0212546,-93.7739547,17.2,mid-band,00019C01F,630720.0,-51.0,19,-10,62.9,254.0
2026-03-19 17:16:32.352530-05:00,42.0212661,-93.7740127,24.0,mid-band,00019C01F,630720.0,-64.0,4,-10,52.4,249.0
2026-03-19 17:16:43.879639-05:00,42.0213005,-93.774042,31.1,mid-band,00019C01F,630720.0,-64.0,2,-11,126.0,204.0
2026-03-19 17:16:46.469673-05:00,42.0212951,-93.7740395,31.7,mid-band,00019C01F,630720.0,-61.0,2,-11,157.0,186.0
2026-03-19 17:16:49.060293-05:00,42.0212647,-93.7740418,42.0,mid-band,00019C01F,630720.0,-62.0,2,-11,83.9,249.0
2026-03-19 17:16:51.661314-05:00,42.0211759,-93.7740375,41.8,mid-band,00019C01F,630720.0,-52.0,15,-10,62.9,271.0
2026-03-19 17:16:54.262043-05:00,42.0210114,-93.7740388,9.44,mid-band,00019C01F,630720.0,-62.0,9,-10,73.4,227.0
2026-03-19 17:16:56.830359-05:00,42.0208907,-93.7740388,14.8,mid-band,00019C01F,630720.0,-54.0,16,-10,52.4,250.0
2026-03-19 17:16:59.403640-05:00,42.020715,-93.7740939,11.3,mid-band,00019C01F,630720.0,-56.0,15,-10,62.9,246.0
2026-03-19 17:17:01.973404-05:00,42.0206422,-93.7742186,18.1,mid-band,00019C01F,630720.0,-52.0,19,-10,62.9,236.0
2026-03-19 17:17:04.549770-05:00,42.0206193,-93.7744849,19.0,mid-band,00019C01F,630720.0,-56.0,13,-10,73.4,254.0
2026-03-19 17:17:07.127752-05:00,42.0206201,-93.7748137,16.7,mid-band,00019C01F,630720.0,-47.0,18,-10,83.9,235.0
2026-03-19 17:17:09.703342-05:00,42.0206155,-93.7750697,17.7,mid-band,00019C01F,630720.0,-49.0,22,-10,62.9,219.0
2026-03-19 17:17:12.279897-05:00,42.0206053,-93.7754806,14.6,mid-band,00019C01F,630720.0,-54.0,21,-10,31.5,124.0
2026-03-19 17:17:14.853569-05:00,42.020604,-93.7757724,17.6,mid-band,00019C01F,630720.0,-53.0,24,-10,62.9,231.0
2026-03-19 17:17:17.429821-05:00,42.0206035,-93.7762255,19.7,mid-band,00019C01F,630720.0,-54.0,19,-10,83.9,241.0
2026-03-19 17:17:20.008535-05:00,42.0206027,-93.7764714,16.1,mid-band,00019C01F,630720.0,-52.0,18,-10,83.9,226.0
2026-03-19 17:17:22.583340-05:00,42.0205499,-93.7766907,24.5,mid-band,00019C01F,630720.0,-54.0,22,-10,105.0,218.0
2026-03-19 17:17:25.166735-05:00,42.0203714,-93.7767638,27.0,mid-band,00019C01F,630720.0,-58.0,18,-10,105.0,210.0
2026-03-19 17:17:27.752622-05:00,42.0202011,-93.776762,24.8,mid-band,00019C01F,630720.0,-49.0,21,-10,73.4,192.0
2026-03-19 17:17:30.336254-05:00,42.0199051,-93.7767565,19.0,mid-band,00019C01F,630720.0,-50.0,21,-10,52.4,210.0
2026-03-19 17:17:32.914092-05:00,42.0196802,-93.7767491,21.4,mid-band,00019C01F,630720.0,-55.0,21,-10,73.4,238.0
2026-03-19 17:17:35.494254-05:00,42.0193027,-93.7767409,19.2,mid-band,00019C01F,630720.0,-53.0,18,-10,83.9,249.0
2026-03-19 17:17:38.072266-05:00,42.0190282,-93.7767356,34.0,mid-band,00019C01F,630720.0,-51.0,21,-10,73.4,255.0
2026-03-19 17:17:40.665263-05:00,42.0185827,-93.7767228,53.9,mid-band,00019C01F,630720.0,-57.0,14,-10,62.9,266.0
2026-03-19 17:17:43.277807-05:00,42.0170285,-93.7766852,23.9,mid-band,00019C01F,630720.0,-61.0,14,-10,62.9,268.0
2026-03-19 17:17:53.885866-05:00,42.0165133,-93.776679,26.3,mid-band,00019C01F,630720.0,-59.0,11,-10,73.4,225.0
2026-03-19 17:17:56.471048-05:00,42.015976,-93.7766791,28.0,mid-band,00019C01F,630720.0,-57.0,20,-10,105.0,231.0
2026-03-19 17:17:59.057957-05:00,42.0156095,-93.7766768,13.9,mid-band,00019C01F,630720.0,-60.0,18,-10,105.0,225.0
2026-03-19 17:18:01.630701-05:00,42.0150271,-93.7766691,12.3,mid-band,00019C01F,630720.0,-62.0,17,-10,31.5,175.0
2026-03-19 17:18:04.201753-05:00,42.0144109,-93.7766581,21.2,mid-band,00019C01F,630720.0,-62.0,17,-10,31.5,212.0
2026-03-19 17:18:06.781899-05:00,42.0139907,-93.7766501,40.4,mid-band,00019C01F,630720.0,-62.0,13,-10,126.0,156.0
2026-03-19 17:18:09.381383-05:00,42.0133517,-93.7766439,21.4,mid-band,00019C01F,630720.0,-72.0,8,-10,105.0,204.0
2026-03-19 17:18:11.961779-05:00,42.0129177,-93.7766403,22.7,mid-band,00019C01F,630720.0,-73.0,11,-10,115.0,199.0
2026-03-19 17:18:14.543249-05:00,42.0122608,-93.7766359,23.8,mid-band,00019C01F,630720.0,-65.0,12,-10,105.0,223.0
2026-03-19 17:18:17.126010-05:00,42.0116105,-93.7766257,25.5,mid-band,00019C01F,630720.0,-69.0,14,-10,83.9,243.0
2026-03-19 17:18:19.710654-05:00,42.0111863,-93.7766199,22.2,mid-band,00019C01F,630720.0,-80.0,7,-10,62.9,142.0
2026-03-19 17:18:22.292002-05:00,42.0105846,-93.7766133,25.3,mid-band,00019C01F,630720.0,-68.0,11,-10,115.0,219.0
2026-03-19 17:18:24.876267-05:00,42.0102304,-93.7766104,19.0,mid-band,00019C01F,630720.0,-68.0,13,-10,94.4,215.0
2026-03-19 17:18:27.453945-05:00,42.0097704,-93.7766061,20.8,mid-band,00019C01F,630720.0,-70.0,13,-10,115.0,204.0
2026-03-19 17:18:30.033624-05:00,42.0094993,-93.7766003,18.4,mid-band,00019C01F,630720.0,-71.0,11,-10,105.0,216.0
2026-03-19 17:18:32.610864-05:00,42.0091654,-93.7765872,26.2,mid-band,00019C01F,630720.0,-70.0,4,-11,73.4,228.0
2026-03-19 17:18:35.195915-05:00,42.0089623,-93.7766094,33.0,mid-band,00019C01F,630720.0,-72.0,2,-11,83.9,231.0
2026-03-19 17:18:37.787986-05:00,42.0089024,-93.7767025,23.4,mid-band,00019C01F,630720.0,-76.0,5,-10,52.4,207.0
2026-03-19 17:18:40.370344-05:00,42.0088934,-93.7769164,20.4,mid-band,00019C01F,630720.0,-75.0,4,-11,52.4,206.0
2026-03-19 17:18:42.949812-05:00,42.0088906,-93.7771063,23.2,mid-band,00019C01F,630720.0,-71.0,15,-10,41.9,249.0
2026-03-19 17:18:45.532106-05:00,42.0088819,-93.7774664,21.8,mid-band,00019C01F,630720.0,-68.0,8,-11,52.4,269.0
2026-03-19 17:18:48.112908-05:00,42.0088726,-93.7779156,22.1,mid-band,00019C01F,630720.0,-72.0,9,-11,62.9,249.0
2026-03-19 17:18:50.693892-05:00,42.0088668,-93.7782592,24.4,mid-band,00019C01F,630720.0,-71.0,8,-11,62.9,250.0
2026-03-19 17:18:53.277381-05:00,42.008839,-93.7803992,25.1,mid-band,00019C01F,630720.0,-63.0,13,-10,62.9,243.0
2026-03-19 17:19:03.894267-05:00,42.0088269,-93.7811225,25.3,mid-band,00019C01F,630720.0,-63.0,13,-10,94.4,228.0
2026-03-19 17:19:06.478576-05:00,42.0088143,-93.7818711,29.9,mid-band,00019C01F,630720.0,-67.0,12,-10,62.9,238.0
2026-03-19 17:19:09.067427-05:00,42.0088057,-93.7823776,23.2,mid-band,00019C01F,630720.0,-68.0,7,-11,52.4,242.0
2026-03-19 17:19:11.649725-05:00,42.0087932,-93.7831435,35.5,mid-band,00019C01F,630720.0,-63.0,9,-10,52.4,128.0
2026-03-19 17:19:14.244122-05:00,42.0087693,-93.7839149,52.5,mid-band,00019C01F,630720.0,-87.0,-2,-11,31.5,239.0
2026-03-19 17:19:16.855548-05:00,42.0087544,-93.7844331,24.4,mid-band,00019C01F,630720.0,-66.0,9,-10,41.9,216.0
2026-03-19 17:19:19.438892-05:00,42.0087383,-93.7852103,36.4,mid-band,00019C01F,630720.0,-69.0,12,-10,52.4,220.0
2026-03-19 17:19:22.034219-05:00,42.0087252,-93.7857355,22.9,mid-band,00019C01F,630720.0,-72.0,20,-10,52.4,150.0
2026-03-19 17:19:24.616138-05:00,42.008701,-93.7865339,22.3,mid-band,00019C01F,630720.0,-71.0,14,-10,73.4,257.0
2026-03-19 17:19:27.197332-05:00,42.0086789,-93.7873371,112.0,mid-band,00019C01F,630720.0,-80.0,6,-10,73.4,212.0
2026-03-19 17:19:29.868293-05:00,42.0086642,-93.7878629,17.3,mid-band,00019C01F,630720.0,-91.0,0,-11,62.9,135.0
2026-03-19 17:19:32.444226-05:00,42.0086471,-93.788648,11.3,mid-band,00019C01F,630720.0,-92.0,5,-10,31.5,197.0
2026-03-19 17:19:35.013794-05:00,42.0086359,-93.7891719,14.8,mid-band,00019C01F,630720.0,-91.0,7,-10,10.5,187.0
2026-03-19 17:19:37.587318-05:00,42.0086317,-93.7899554,40.1,mid-band,00019C01F,630720.0,-87.0,7,-10,21.0,220.0
2026-03-19 17:19:40.186316-05:00,42.0086237,-93.7907221,18.9,mid-band,00019C01F,630720.0,-95.0,9,-10,21.0,233.0
2026-03-19 17:19:42.763973-05:00,42.0086153,-93.7912515,17.0,mid-band,00019C01F,630720.0,-80.0,14,-10,10.5,174.0
2026-03-19 17:19:45.339362-05:00,42.0086055,-93.792065,15.3,mid-band,00019C01F,630720.0,-73.0,26,-10,21.0,131.0
2026-03-19 17:19:47.913299-05:00,42.0086001,-93.7926046,16.2,mid-band,00019C01F,630720.0,-67.0,28,-10,41.9,212.0
2026-03-19 17:19:50.488346-05:00,42.008588,-93.7934058,23.3,mid-band,00019C01F,630720.0,-67.0,21,-10,52.4,250.0
2026-03-19 17:19:53.070614-05:00,42.0085792,-93.7939329,19.3,mid-band,00019C01F,630720.0,-73.0,12,-10,52.4,203.0
2026-03-19 17:19:55.648860-05:00,42.0085702,-93.794688,27.1,mid-band,00019C01F,630720.0,-71.0,18,-10,52.4,186.0
2026-03-19 17:19:58.234943-05:00,42.0085677,-93.7953181,32.4,mid-band,00019C01F,630720.0,-65.0,14,-10,62.9,204.0
2026-03-19 17:20:00.826027-05:00,42.008565,-93.7956188,29.4,mid-band,00019C01F,630720.0,-68.0,16,-10,73.4,248.0
2026-03-19 17:20:03.414298-05:00,42.0089088,-93.7960854,22.6,mid-band,00019C01F,630720.0,-81.0,5,-11,52.4,183.0
2026-03-19 17:20:13.888266-05:00,42.0091811,-93.7960844,11.7,mid-band,00019C01F,630720.0,-75.0,7,-10,52.4,224.0
2026-03-19 17:20:16.457789-05:00,42.0094058,-93.7960899,23.4,mid-band,00019C01F,630720.0,-76.0,6,-10,52.4,224.0
2026-03-19 17:20:19.040379-05:00,42.0095523,-93.7960951,15.8,mid-band,00019C01F,630720.0,-77.0,7,-10,52.4,222.0
2026-03-19 17:20:21.615149-05:00,42.0097826,-93.796104,18.3,mid-band,00019C01F,630720.0,-75.0,9,-10,62.9,196.0
2026-03-19 17:20:24.192296-05:00,42.0100249,-93.7961123,15.6,mid-band,00019C01F,630720.0,-73.0,13,-10,52.4,212.0
2026-03-19 17:20:26.766827-05:00,42.0101923,-93.7961175,19.4,mid-band,00019C01F,630720.0,-77.0,12,-10,62.9,220.0
2026-03-19 17:20:29.344992-05:00,42.0104281,-93.7961201,24.2,mid-band,00019C01F,630720.0,-75.0,6,-10,52.4,238.0
2026-03-19 17:20:31.928268-05:00,42.0105762,-93.7961267,18.2,mid-band,00019C01F,630720.0,-75.0,12,-10,62.9,212.0
2026-03-19 17:20:34.505360-05:00,42.0108005,-93.7961329,29.1,mid-band,00019C01F,630720.0,-76.0,15,-10,73.4,208.0
2026-03-19 17:20:37.093068-05:00,42.0110082,-93.7961385,17.4,mid-band,00019C01F,630720.0,-76.0,11,-10,41.9,157.0
2026-03-19 17:20:39.669286-05:00,42.0111392,-93.7961429,29.1,mid-band,00019C01F,630720.0,-77.0,13,-10,62.9,237.0
2026-03-19 17:20:42.257475-05:00,42.0113417,-93.7961521,20.1,mid-band,00019C01F,630720.0,-75.0,13,-10,62.9,227.0
2026-03-19 17:20:44.836594-05:00,42.0114788,-93.7961561,26.1,mid-band,00019C01F,630720.0,-78.0,10,-10,52.4,250.0
2026-03-19 17:20:47.421754-05:00,42.0116925,-93.7961623,26.1,mid-band,00019C01F,630720.0,-82.0,9,-10,62.9,254.0
2026-03-19 17:20:50.006849-05:00,42.0118372,-93.7961637,35.0,mid-band,00019C01F,630720.0,-78.0,9,-10,52.4,273.0
2026-03-19 17:20:52.600756-05:00,42.0120579,-93.7961654,23.0,mid-band,00019C01F,630720.0,-78.0,12,-10,41.9,232.0
2026-03-19 17:20:55.182838-05:00,42.0122894,-93.7961664,21.6,mid-band,00019C01F,630720.0,-79.0,11,-10,41.9,205.0
2026-03-19 17:20:57.763426-05:00,42.0124434,-93.796166,14.3,mid-band,00019C01F,630720.0,-81.0,12,-10,41.9,276.0
2026-03-19 17:21:00.336311-05:00,42.0126787,-93.7961705,28.8,mid-band,00019C01F,630720.0,-84.0,13,-10,52.4,240.0
2026-03-19 17:21:02.924013-05:00,42.0128395,-93.7961754,28.4,mid-band,00019C01F,630720.0,-80.0,13,-10,41.9,240.0
2026-03-19 17:21:05.511267-05:00,42.0130888,-93.7961806,24.3,mid-band,00019C01F,630720.0,-85.0,11,-10,41.9,225.0
2026-03-19 17:21:08.094681-05:00,42.0133436,-93.7961848,,,,,,,,41.9,235.0
2026-03-19 17:21:13.756135-05:00,42.0143242,-93.7962069,,,,,,,,,
2026-03-19 17:21:26.958694-05:00,42.0147895,-93.7962185,,mid-band,00019C01F,630720.0,-94.0,5,-11,,
2026-03-19 17:21:32.619991-05:00,42.0152134,-93.796231,102.0,mid-band,00019C01F,630720.0,-94.0,1,-11,,
2026-03-19 17:21:35.280830-05:00,42.0154102,-93.7962333,78.0,mid-band,00019C01F,630720.0,-88.0,8,-10,10.5,288.0
2026-03-19 17:21:37.917271-05:00,42.01554,-93.7962343,12.1,mid-band,00019C01F,630720.0,-86.0,5,-11,31.5,239.0
2026-03-19 17:21:40.487945-05:00,42.015746,-93.7962348,14.8,mid-band,00019C01F,630720.0,-89.0,0,-11,31.5,221.0
2026-03-19 17:21:43.061259-05:00,42.0158841,-93.7962361,27.9,mid-band,00019C01F,630720.0,-86.0,5,-11,52.4,264.0
2026-03-19 17:21:45.648051-05:00,42.0161023,-93.7962454,22.0,mid-band,00019C01F,630720.0,-88.0,3,-10,10.5,212.0
2026-03-19 17:21:48.229067-05:00,42.0163281,-93.7962551,56.1,mid-band,00019C01F,630720.0,-86.0,3,-11,41.9,288.0
2026-03-19 17:21:50.844035-05:00,42.0164807,-93.7962595,30.9,mid-band,00019C01F,630720.0,-87.0,3,-11,31.5,189.0
2026-03-19 17:21:53.433792-05:00,42.0167143,-93.7962659,43.1,mid-band,00019C01F,630720.0,-88.0,2,-11,31.5,282.0
2026-03-19 17:21:56.035794-05:00,42.0168743,-93.7962694,41.0,mid-band,00019C01F,630720.0,-87.0,3,-10,41.9,274.0
2026-03-19 17:21:58.635689-05:00,42.0171256,-93.7962785,53.6,mid-band,00019C01F,630720.0,-86.0,3,-11,52.4,248.0
2026-03-19 17:22:01.248264-05:00,42.0173885,-93.7962851,56.9,mid-band,00019C01F,630720.0,-89.0,4,-11,41.9,216.0
2026-03-19 17:22:03.864127-05:00,42.017567,-93.7962872,53.5,mid-band,00019C01F,630720.0,-89.0,1,-11,41.9,212.0
2026-03-19 17:22:06.476613-05:00,42.0178295,-93.7962923,44.1,mid-band,00019C01F,630720.0,-88.0,8,-10,41.9,208.0
2026-03-19 17:22:09.079579-05:00,42.018001,-93.7962972,47.3,mid-band,00019C01F,630720.0,-89.0,7,-10,52.4,279.0
2026-03-19 17:22:11.685809-05:00,42.0182544,-93.796304,49.4,mid-band,00019C01F,630720.0,-86.0,7,-10,31.5,286.0
2026-03-19 17:22:14.293864-05:00,42.0185065,-93.7963107,53.8,mid-band,00019C01F,630720.0,-84.0,3,-11,41.9,287.0
2026-03-19 17:22:16.905809-05:00,42.0186741,-93.7963154,42.8,mid-band,00019C01F,630720.0,-85.0,1,-11,41.9,282.0
2026-03-19 17:22:19.507689-05:00,42.018927,-93.7963217,34.6,mid-band,00019C01F,630720.0,-82.0,1,-11,52.4,269.0
2026-03-19 17:22:22.101528-05:00,42.0191833,-93.7963274,73.0,mid-band,00019C01F,630720.0,-82.0,0,-11,52.4,275.0
2026-03-19 17:22:24.733478-05:00,42.0198922,-93.7963458,35.4,mid-band,00019C01F,630720.0,-88.0,-3,-11,62.9,218.0
2026-03-19 17:22:33.387972-05:00,42.0201659,-93.7963535,27.0,mid-band,00019C01F,630720.0,-82.0,-4,-11,73.4,236.0
2026-03-19 17:22:35.973870-05:00,42.020351,-93.796357,29.5,mid-band,00019C01F,630720.0,-80.0,-4,-11,62.9,253.0
2026-03-19 17:22:38.562051-05:00,42.020633,-93.7963632,28.0,mid-band,00019C01F,630720.0,-87.0,-6,-11,52.4,264.0
2026-03-19 17:22:41.148740-05:00,42.0209164,-93.7963689,14.5,mid-band,00019C01F,630720.0,-91.0,-4,-11,21.0,77.8
2026-03-19 17:22:43.721472-05:00,42.0211022,-93.7963741,35.5,mid-band,00019C01F,630720.0,-85.0,-3,-11,21.0,213.0
2026-03-19 17:22:46.315799-05:00,42.0213751,-93.7963813,31.3,mid-band,00019C01F,630720.0,-90.0,-2,-11,10.5,122.0
2026-03-19 17:22:48.905764-05:00,42.0215544,-93.7963856,87.9,mid-band,00019C01F,630720.0,-86.0,3,-11,10.5,96.6
2026-03-19 17:22:51.552189-05:00,42.0218275,-93.7963915,27.2,mid-band,00019C01F,630720.0,-96.0,-1,-11,21.0,286.0
2026-03-19 17:22:54.137823-05:00,42.0221057,-93.7963953,21.5,mid-band,00019C01F,630720.0,-95.0,-1,-11,21.0,267.0
2026-03-19 17:22:56.717964-05:00,42.022287,-93.7963947,22.6,mid-band,00019C01F,630720.0,-92.0,4,-11,31.5,235.0
2026-03-19 17:22:59.299208-05:00,42.0225495,-93.7963955,21.7,mid-band,00019C01F,630720.0,-94.0,0,-11,21.0,215.0
2026-03-19 17:23:01.879364-05:00,42.0227166,-93.7963955,19.9,mid-band,00019C01F,630720.0,-95.0,-1,-11,21.0,261.0
2026-03-19 17:23:04.457779-05:00,42.0229206,-93.7963932,26.9,mid-band,00019C01F,630720.0,-91.0,0,-11,21.0,218.0
2026-03-19 17:23:07.043416-05:00,42.0229677,-93.7963943,17.5,mid-band,00019C01F,630720.0,-91.0,6,-11,41.9,265.0
2026-03-19 17:23:09.618852-05:00,42.0229695,-93.7963886,20.7,mid-band,00019C01F,630720.0,-91.0,5,-11,41.9,280.0
2026-03-19 17:23:12.198034-05:00,42.022971,-93.7963787,25.2,mid-band,00019C01F,630720.0,-96.0,-2,-11,41.9,270.0
2026-03-19 17:23:14.781971-05:00,42.0229769,-93.7963731,21.0,mid-band,00019C01F,630720.0,-82.0,5,-10,21.0,160.0
2026-03-19 17:23:17.361759-05:00,42.0230487,-93.7964163,20.0,mid-band,00019C01F,630720.0,-81.0,-1,-11,62.9,192.0
2026-03-19 17:23:19.940292-05:00,42.023088,-93.796515,17.4,mid-band,00019C01F,630720.0,-84.0,-3,-11,41.9,177.0
2026-03-19 17:23:22.516209-05:00,42.0231013,-93.796753,24.2,mid-band,00019C01F,630720.0,-83.0,4,-11,52.4,238.0
2026-03-19 17:23:25.099113-05:00,42.0230984,-93.7970534,19.7,mid-band,00019C01F,630720.0,-82.0,7,-10,62.9,228.0
2026-03-19 17:23:27.677682-05:00,42.0230984,-93.7972868,23.2,mid-band,00019C01F,630720.0,-85.0,5,-11,62.9,216.0
2026-03-19 17:23:30.259843-05:00,42.0230982,-93.7976799,65.5,mid-band,00019C01F,630720.0,-85.0,5,-10,73.4,206.0
2026-03-19 17:23:32.884350-05:00,42.0231001,-93.7979625,29.7,mid-band,00019C01F,630720.0,-100.0,-4,-11,31.5,186.0
2026-03-19 17:23:35.473103-05:00,42.0231068,-93.799144,16.3,mid-band,00019C01F,630720.0,-86.0,3,-10,21.0,266.0
2026-03-19 17:23:43.375006-05:00,42.0231045,-93.7995781,18.0,mid-band,00019C01F,630720.0,-95.0,2,-11,31.5,246.0
2026-03-19 17:23:45.951908-05:00,42.0231035,-93.7998704,21.4,mid-band,00019C01F,630720.0,-97.0,-3,-11,31.5,259.0
2026-03-19 17:23:48.531773-05:00,42.0231027,-93.8002809,24.0,mid-band,00019C01F,630720.0,-98.0,-3,-11,21.0,233.0
2026-03-19 17:23:51.114376-05:00,42.0231025,-93.8006572,22.5,mid-band,00019C01F,630720.0,-97.0,-3,-11,31.5,259.0
2026-03-19 17:23:53.695785-05:00,42.0231003,-93.8009009,20.2,mid-band,00019C01F,630720.0,-97.0,2,-11,31.5,270.0
2026-03-19 17:23:56.274926-05:00,42.0230999,-93.8012741,83.4,mid-band,00019C01F,630720.0,-95.0,-1,-11,41.9,241.0
2026-03-19 17:23:58.917325-05:00,42.0230995,-93.801535,23.8,mid-band,00019C01F,630720.0,-96.0,-2,-11,21.0,197.0
2026-03-19 17:24:01.499989-05:00,42.0230966,-93.8019486,37.6,mid-band,00019C01F,630720.0,-96.0,2,-11,31.5,248.0
2026-03-19 17:24:04.096438-05:00,42.0230948,-93.8023782,17.4,mid-band,00019C01F,630720.0,-89.0,3,-11,31.5,247.0
2026-03-19 17:24:06.672562-05:00,42.023094,-93.8026718,18.9,mid-band,00019C01F,630720.0,-87.0,3,-10,31.5,241.0
2026-03-19 17:24:09.250438-05:00,42.023089,-93.8031099,28.5,mid-band,00019C01F,630720.0,-92.0,4,-11,41.9,261.0
2026-03-19 17:24:11.837802-05:00,42.0230888,-93.8033992,23.3,mid-band,00019C01F,630720.0,-98.0,-1,-11,52.4,271.0
2026-03-19 17:24:14.420234-05:00,42.0230853,-93.8038388,25.0,mid-band,00019C01F,630720.0,-88.0,0,-11,31.5,197.0
2026-03-19 17:24:17.004266-05:00,42.0230834,-93.8041363,22.3,mid-band,00019C01F,630720.0,-96.0,-1,-11,41.9,285.0
2026-03-19 17:24:19.585881-05:00,42.0230822,-93.8045779,17.7,mid-band,00019C01F,630720.0,-93.0,-3,-11,21.0,210.0
2026-03-19 17:24:22.162408-05:00,42.023082,-93.8049805,16.6,mid-band,00019C01F,630720.0,-93.0,0,-11,21.0,255.0
2026-03-19 17:24:24.737862-05:00,42.0230803,-93.8052351,18.0,mid-band,00019C01F,630720.0,-96.0,1,-11,52.4,244.0
2026-03-19 17:24:27.314746-05:00,42.0230833,-93.8056091,18.3,mid-band,00019C01F,630720.0,-93.0,1,-11,52.4,232.0
2026-03-19 17:24:29.891888-05:00,42.0230775,-93.8058609,15.1,mid-band,00019C01F,630720.0,-96.0,-1,-11,31.5,213.0
2026-03-19 17:24:32.465803-05:00,42.0230753,-93.806242,21.3,mid-band,00019C01F,630720.0,-99.0,-3,-11,21.0,171.0
2026-03-19 17:24:35.046048-05:00,42.023073,-93.8064944,83.5,mid-band,00019C01F,630720.0,-97.0,-3,-11,21.0,142.0
2026-03-19 17:24:37.688307-05:00,42.0230734,-93.8068716,78.0,mid-band,00019C01F,630720.0,-99.0,-6,-11,,
2026-03-19 17:24:40.325024-05:00,42.0230756,-93.8072451,79.3,mid-band,00019C01F,630720.0,-98.0,-6,-19,,
2026-03-19 17:24:42.963119-05:00,42.0230732,-93.8074962,,,,,,,,10.5,45.3
2026-03-19 17:24:48.623881-05:00,42.0230644,-93.8099383,,,,,,,,,
2026-03-19 17:25:07.976416-05:00,42.0230587,-93.8108527,,,,,,,,,
2026-03-19 17:25:13.637624-05:00,42.0230542,-93.8116375,,,,,,,,,
2026-03-19 17:25:19.298787-05:00,42.0230494,-93.8124537,,,,,,,,,
2026-03-19 17:25:24.960005-05:00,42.0230462,-93.8131188,,,,,,,,,
2026-03-19 17:25:30.621176-05:00,42.0230384,-93.8139068,,,,,,,,,
2026-03-19 17:25:36.282274-05:00,42.0230331,-93.8147208,,,,,,,,,
2026-03-19 17:25:41.943455-05:00,42.0230323,-93.8151909,,,,,,,,,
2026-03-19 17:25:47.604894-05:00,42.0229966,-93.8153458,,,,,,,,,
2026-03-19 17:25:53.266118-05:00,42.0224477,-93.8153973,,,,,,,,,
2026-03-19 17:25:58.927261-05:00,42.0216978,-93.815386,,,,,,,,,
2026-03-19 17:26:04.588346-05:00,42.0194638,-93.8153773,,,,,,,,,
2026-03-19 17:26:16.465556-05:00,42.0182417,-93.8153737,,,,,,,,,
2026-03-19 17:26:22.126871-05:00,42.0170048,-93.8153711,,,,,,,,,
2026-03-19 17:26:27.788099-05:00,42.0159763,-93.8153708,,,,,,,,,
2026-03-19 17:26:33.449399-05:00,42.0147052,-93.8153739,,,,,,,,,
2026-03-19 17:26:39.110536-05:00,42.0134121,-93.8153695,,,,,,,,,
2026-03-19 17:26:44.771773-05:00,42.0123423,-93.815373,,,,,,,,,
2026-03-19 17:26:50.432978-05:00,42.0110432,-93.815371,,,,,,,,,
2026-03-19 17:26:56.093718-05:00,42.0097494,-93.8153697,,,,,,,,,
2026-03-19 17:47:54.460848-05:00,42.0211686,-93.774012,20.7,mid-band,00019C01F,630720.0,-53.0,18,-10,,
2026-03-19 17:47:57.040476-05:00,42.0211694,-93.7740101,21.1,mid-band,00019C01F,630720.0,-52.0,17,-10,,
2026-03-19 17:47:59.620406-05:00,42.0211708,-93.7740041,18.7,mid-band,00019C01F,630720.0,-52.0,17,-10,,
2026-03-19 17:48:10.907009-05:00,42.0211701,-93.7740049,25.8,mid-band,00019C01F,630720.0,-52.0,17,-10,,
2026-03-19 17:48:13.491744-05:00,42.0211702,-93.7740061,11.8,mid-band,00019C01F,630720.0,-53.0,17,-10,,
2026-03-19 17:48:16.062285-05:00,42.0211699,-93.7740069,11.0,mid-band,00019C01F,630720.0,-53.0,18,-10,,
2026-03-19 17:48:18.631990-05:00,42.0211705,-93.774007,12.0,mid-band,00019C01F,630720.0,-53.0,17,-10,,
2026-03-19 17:48:21.202625-05:00,42.0211702,-93.7740087,21.0,mid-band,00019C01F,630720.0,-53.0,17,-10,,
2026-03-19 17:48:23.782250-05:00,42.0211693,-93.7740105,17.0,mid-band,00019C01F,630720.0,-53.0,18,-10,,
2026-03-19 17:48:26.358021-05:00,42.0211679,-93.7740123,69.5,mid-band,00019C01F,630720.0,-52.0,17,-10,88.1,83.4
2026-03-19 17:48:28.986584-05:00,42.0211668,-93.7740138,43.7,mid-band,00019C01F,630720.0,-52.0,17,-10,115.0,197.0
2026-03-19 17:48:31.589655-05:00,42.0211675,-93.774015,37.5,mid-band,00019C01F,630720.0,-52.0,17,-10,126.0,181.0
2026-03-19 17:48:34.186324-05:00,42.0211681,-93.774016,44.0,mid-band,00019C01F,630720.0,-52.0,17,-10,115.0,142.0
2026-03-19 17:48:36.789599-05:00,42.0211679,-93.7740173,26.5,mid-band,00019C01F,630720.0,-52.0,17,-10,94.4,122.0
2026-03-19 17:48:39.375059-05:00,42.0211672,-93.7740181,34.5,mid-band,00019C01F,630720.0,-52.0,16,-10,94.4,186.0
2026-03-19 17:48:41.968605-05:00,42.0211666,-93.7740188,21.3,mid-band,00019C01F,630720.0,-57.0,14,-10,105.0,217.0
2026-03-19 17:48:44.548841-05:00,42.0211651,-93.7740396,35.4,mid-band,00019C01F,630720.0,-64.0,-1,-10,136.0,166.0
2026-03-19 17:48:47.143137-05:00,42.0211887,-93.7740965,35.6,mid-band,00019C01F,630720.0,-57.0,13,-10,136.0,202.0
2026-03-19 17:48:49.737466-05:00,42.0212102,-93.7741066,35.8,mid-band,00019C01F,630720.0,-58.0,12,-10,73.4,254.0
2026-03-19 17:48:52.332206-05:00,42.0212005,-93.7740994,32.2,mid-band,00019C01F,630720.0,-56.0,8,-10,83.9,249.0
2026-03-19 17:48:54.923098-05:00,42.0211453,-93.7740841,37.4,mid-band,00019C01F,630720.0,-51.0,15,-10,73.4,258.0
2026-03-19 17:48:57.519589-05:00,42.0209898,-93.7740724,24.7,mid-band,00019C01F,630720.0,-56.0,12,-10,83.9,187.0
2026-03-19 17:49:00.103365-05:00,42.0208748,-93.7740797,13.2,mid-band,00019C01F,630720.0,-52.0,16,-10,83.9,234.0
2026-03-19 17:49:02.675561-05:00,42.0207287,-93.7741535,23.6,mid-band,00019C01F,630720.0,-54.0,15,-10,52.4,263.0
2026-03-19 17:49:05.258217-05:00,42.0206612,-93.7743105,20.8,mid-band,00019C01F,630720.0,-52.0,19,-10,73.4,259.0
2026-03-19 17:49:07.838180-05:00,42.0206495,-93.7744563,24.2,mid-band,00019C01F,630720.0,-57.0,14,-10,83.9,253.0
2026-03-19 17:49:10.421279-05:00,42.0206334,-93.7755863,24.3,mid-band,00019C01F,630720.0,-49.0,24,-10,62.9,260.0
2026-03-19 17:49:20.923628-05:00,42.020629,-93.7760197,19.0,mid-band,00019C01F,630720.0,-51.0,26,-10,52.4,245.0
2026-03-19 17:49:23.501661-05:00,42.0206242,-93.7763713,24.2,mid-band,00019C01F,630720.0,-53.0,26,-10,52.4,256.0
2026-03-19 17:49:26.084902-05:00,42.0206237,-93.7765347,28.2,mid-band,00019C01F,630720.0,-51.0,24,-10,62.9,254.0
2026-03-19 17:49:28.672101-05:00,42.0205899,-93.7767005,31.2,mid-band,00019C01F,630720.0,-55.0,18,-10,62.9,256.0
2026-03-19 17:49:31.261993-05:00,42.0204326,-93.7767661,78.1,mid-band,00019C01F,630720.0,-57.0,20,-10,31.5,162.0
2026-03-19 17:49:33.899201-05:00,42.0202761,-93.7767713,20.3,mid-band,00019C01F,630720.0,-48.0,22,-10,94.4,233.0
2026-03-19 17:49:36.478680-05:00,42.019978,-93.7767665,23.3,mid-band,00019C01F,630720.0,-48.0,19,-10,73.4,237.0
2026-03-19 17:49:39.061142-05:00,42.0197252,-93.7767643,50.5,mid-band,00019C01F,630720.0,-52.0,21,-10,83.9,228.0
2026-03-19 17:49:41.670857-05:00,42.019287,-93.7767611,34.6,mid-band,00019C01F,630720.0,-50.0,19,-10,105.0,224.0
2026-03-19 17:49:44.264567-05:00,42.0187858,-93.7767573,35.2,mid-band,00019C01F,630720.0,-55.0,19,-10,126.0,214.0
2026-03-19 17:49:46.858871-05:00,42.0184377,-93.7767514,20.6,mid-band,00019C01F,630720.0,-50.0,15,-10,94.4,232.0
2026-03-19 17:49:49.437467-05:00,42.0179313,-93.7767393,25.8,mid-band,00019C01F,630720.0,-52.0,16,-10,62.9,210.0
2026-03-19 17:49:52.022301-05:00,42.017605,-93.77673,31.7,mid-band,00019C01F,630720.0,-53.0,24,-10,83.9,246.0
2026-03-19 17:49:54.613016-05:00,42.0171271,-93.7767226,27.2,mid-band,00019C01F,630720.0,-58.0,17,-10,73.4,234.0
2026-03-19 17:49:57.199130-05:00,42.0166495,-93.7767172,17.8,mid-band,00019C01F,630720.0,-61.0,9,-11,73.4,245.0
2026-03-19 17:49:59.775916-05:00,42.016328,-93.7767112,32.3,mid-band,00019C01F,630720.0,-62.0,12,-10,94.4,231.0
2026-03-19 17:50:02.367314-05:00,42.0158415,-93.7767054,28.2,mid-band,00019C01F,630720.0,-61.0,17,-10,94.4,222.0
2026-03-19 17:50:04.954552-05:00,42.015511,-93.7767067,45.8,mid-band,00019C01F,630720.0,-60.0,18,-10,73.4,193.0
2026-03-19 17:50:07.559344-05:00,42.0150074,-93.7767005,37.5,mid-band,00019C01F,630720.0,-62.0,16,-10,105.0,229.0
2026-03-19 17:50:10.155932-05:00,42.0144913,-93.7766899,36.0,mid-band,00019C01F,630720.0,-62.0,17,-10,94.4,236.0
2026-03-19 17:50:12.750730-05:00,42.0141289,-93.7766844,33.1,mid-band,00019C01F,630720.0,-63.0,17,-10,115.0,223.0
2026-03-19 17:50:15.342996-05:00,42.0135565,-93.776669,28.7,mid-band,00019C01F,630720.0,-67.0,13,-10,136.0,207.0
2026-03-19 17:50:17.930711-05:00,42.0131602,-93.7766628,34.5,mid-band,00019C01F,630720.0,-71.0,9,-10,105.0,231.0
2026-03-19 17:50:20.524177-05:00,42.0110724,-93.776642,44.0,mid-band,00019C01F,630720.0,-72.0,6,-10,94.4,222.0
2026-03-19 17:50:30.926615-05:00,42.0104768,-93.7766304,33.4,mid-band,00019C01F,630720.0,-70.0,9,-10,105.0,120.0
2026-03-19 17:50:33.519207-05:00,42.0099287,-93.7766231,83.1,mid-band,00019C01F,630720.0,-71.0,8,-10,73.4,97.8
2026-03-19 17:50:36.161401-05:00,42.0094653,-93.7766145,,mid-band,00019C01F,630720.0,-72.0,5,-11,62.9,101.0
2026-03-19 17:50:39.720211-05:00,42.0091382,-93.7766046,38.2,mid-band,00019C01F,630720.0,-73.0,6,-11,62.9,86.9
2026-03-19 17:50:42.317608-05:00,42.0089472,-93.7766469,23.9,mid-band,00019C01F,630720.0,-74.0,11,-10,94.4,237.0
2026-03-19 17:50:44.900744-05:00,42.0089017,-93.7767554,12.1,mid-band,00019C01F,630720.0,-75.0,6,-11,73.4,226.0
2026-03-19 17:50:47.471924-05:00,42.0088878,-93.7770012,21.8,mid-band,00019C01F,630720.0,-79.0,5,-10,62.9,228.0
2026-03-19 17:50:50.052453-05:00,42.0088802,-93.7772281,23.7,mid-band,00019C01F,630720.0,-76.0,9,-10,73.4,228.0
2026-03-19 17:50:52.634918-05:00,42.0088734,-93.7776376,65.5,mid-band,00019C01F,630720.0,-70.0,7,-11,105.0,200.0
2026-03-19 17:50:55.258968-05:00,42.0088692,-93.7781043,30.7,mid-band,00019C01F,630720.0,-72.0,7,-11,126.0,210.0
2026-03-19 17:50:57.848440-05:00,42.0088637,-93.7784361,27.7,mid-band,00019C01F,630720.0,-72.0,6,-11,94.4,199.0
2026-03-19 17:51:00.434195-05:00,42.0088602,-93.7789532,40.1,mid-band,00019C01F,630720.0,-78.0,-3,-11,105.0,219.0
2026-03-19 17:51:03.033109-05:00,42.0088552,-93.7793159,48.9,mid-band,00019C01F,630720.0,-71.0,4,-11,83.9,242.0
2026-03-19 17:51:05.641008-05:00,42.0088499,-93.7798788,48.5,mid-band,00019C01F,630720.0,-72.0,10,-10,94.4,239.0
2026-03-19 17:51:08.248445-05:00,42.0088426,-93.7804762,56.9,mid-band,00019C01F,630720.0,-64.0,14,-10,94.4,244.0
2026-03-19 17:51:10.864271-05:00,42.008833,-93.7808899,29.4,mid-band,00019C01F,630720.0,-64.0,15,-10,105.0,215.0
2026-03-19 17:51:13.452288-05:00,42.0088177,-93.7815308,48.1,mid-band,00019C01F,630720.0,-67.0,14,-10,83.9,179.0
2026-03-19 17:51:16.058933-05:00,42.0088104,-93.7819701,32.6,mid-band,00019C01F,630720.0,-68.0,11,-10,31.5,276.0
2026-03-19 17:51:18.649407-05:00,42.0088032,-93.7826395,26.0,mid-band,00019C01F,630720.0,-68.0,8,-10,62.9,194.0
2026-03-19 17:51:21.234304-05:00,42.0087921,-93.7833123,22.5,mid-band,00019C01F,630720.0,-66.0,10,-10,94.4,196.0
2026-03-19 17:51:23.815574-05:00,42.0087823,-93.7837643,39.5,mid-band,00019C01F,630720.0,-90.0,0,-12,52.4,217.0
2026-03-19 17:51:26.413942-05:00,42.0087754,-93.7844536,31.4,mid-band,00019C01F,630720.0,-66.0,9,-10,41.9,223.0
2026-03-19 17:51:29.003948-05:00,42.0087676,-93.7849185,40.1,mid-band,00019C01F,630720.0,-69.0,12,-10,62.9,197.0
2026-03-19 17:51:31.602966-05:00,42.0087213,-93.7870702,65.9,mid-band,00019C01F,630720.0,-82.0,4,-10,41.9,166.0
2026-03-19 17:51:40.453414-05:00,42.0087105,-93.7877226,19.8,mid-band,00019C01F,630720.0,-81.0,6,-10,62.9,218.0
2026-03-19 17:51:43.031906-05:00,42.0087022,-93.7881455,22.6,mid-band,00019C01F,630720.0,-92.0,1,-11,31.5,223.0
2026-03-19 17:51:45.613216-05:00,42.0086913,-93.7888005,19.1,mid-band,00019C01F,630720.0,-94.0,3,-10,21.0,253.0
2026-03-19 17:51:48.190833-05:00,42.008679,-93.789511,21.0,mid-band,00019C01F,630720.0,-93.0,9,-11,10.5,155.0
2026-03-19 17:51:50.770640-05:00,42.0086716,-93.7899939,35.2,mid-band,00019C01F,630720.0,-89.0,9,-10,21.0,281.0
2026-03-19 17:51:53.364539-05:00,42.0086617,-93.7907074,23.3,mid-band,00019C01F,630720.0,-91.0,9,-10,31.5,277.0
2026-03-19 17:51:55.946520-05:00,42.0086496,-93.7912003,19.6,mid-band,00019C01F,630720.0,-86.0,12,-10,10.5,255.0
2026-03-19 17:51:58.524658-05:00,42.008634,-93.7919736,22.1,mid-band,00019C01F,630720.0,-74.0,26,-10,62.9,270.0
2026-03-19 17:52:01.105207-05:00,42.0086278,-93.7924994,26.7,mid-band,00019C01F,630720.0,-69.0,27,-10,62.9,261.0
2026-03-19 17:52:03.690595-05:00,42.0086153,-93.7932953,31.4,mid-band,00019C01F,630720.0,-66.0,24,-10,62.9,210.0
2026-03-19 17:52:06.280731-05:00,42.0086043,-93.7940712,22.5,mid-band,00019C01F,630720.0,-71.0,12,-10,41.9,155.0
2026-03-19 17:52:08.862249-05:00,42.0086004,-93.7945436,34.7,mid-band,00019C01F,630720.0,-69.0,19,-10,83.9,199.0
2026-03-19 17:52:11.455755-05:00,42.0085851,-93.7951579,34.2,mid-band,00019C01F,630720.0,-66.0,11,-10,115.0,218.0
2026-03-19 17:52:14.048767-05:00,42.0085778,-93.7954808,33.2,mid-band,00019C01F,630720.0,-68.0,15,-10,147.0,183.0
2026-03-19 17:52:16.641002-05:00,42.0085751,-93.7958175,30.5,mid-band,00019C01F,630720.0,-69.0,12,-10,147.0,178.0
2026-03-19 17:52:19.229490-05:00,42.0086046,-93.7960094,26.9,mid-band,00019C01F,630720.0,-79.0,7,-11,62.9,244.0
2026-03-19 17:52:21.815292-05:00,42.0086795,-93.7960659,36.9,mid-band,00019C01F,630720.0,-78.0,6,-10,52.4,180.0
2026-03-19 17:52:24.409908-05:00,42.008861,-93.7960799,45.0,mid-band,00019C01F,630720.0,-79.0,7,-10,62.9,260.0
2026-03-19 17:52:27.013480-05:00,42.0090224,-93.7960814,38.1,mid-band,00019C01F,630720.0,-78.0,6,-10,62.9,266.0
2026-03-19 17:52:29.610501-05:00,42.0093221,-93.7960889,51.0,mid-band,00019C01F,630720.0,-78.0,8,-10,83.9,249.0
2026-03-19 17:52:32.220424-05:00,42.0096725,-93.7960947,25.5,mid-band,00019C01F,630720.0,-75.0,12,-10,73.4,234.0
2026-03-19 17:52:34.805069-05:00,42.0099206,-93.7961,22.9,mid-band,00019C01F,630720.0,-75.0,12,-10,73.4,226.0
2026-03-19 17:52:37.386938-05:00,42.0103094,-93.7961104,48.6,mid-band,00019C01F,630720.0,-74.0,10,-10,73.4,250.0
2026-03-19 17:52:39.994218-05:00,42.0105776,-93.7961181,26.9,mid-band,00019C01F,630720.0,-74.0,15,-10,62.9,163.0
2026-03-19 17:52:42.580163-05:00,42.0116953,-93.7961493,29.1,mid-band,00019C01F,630720.0,-78.0,10,-10,62.9,255.0
2026-03-19 17:52:50.416906-05:00,42.0121407,-93.7961571,22.9,mid-band,00019C01F,630720.0,-76.0,10,-10,62.9,272.0
2026-03-19 17:52:52.998763-05:00,42.0124414,-93.7961618,21.5,mid-band,00019C01F,630720.0,-81.0,7,-10,52.4,258.0
2026-03-19 17:52:55.578570-05:00,42.0128895,-93.7961705,29.4,mid-band,00019C01F,630720.0,-83.0,5,-11,31.5,169.0
2026-03-19 17:52:58.166722-05:00,42.0133221,-93.7961801,22.8,mid-band,00019C01F,630720.0,-84.0,3,-11,31.5,227.0
2026-03-19 17:53:00.748135-05:00,42.0136097,-93.7961873,25.7,mid-band,00019C01F,630720.0,-88.0,1,-11,21.0,250.0
2026-03-19 17:53:03.332425-05:00,42.0140459,-93.7961992,34.0,mid-band,00019C01F,630720.0,-90.0,5,-10,10.5,165.0
2026-03-19 17:53:05.925454-05:00,42.0143378,-93.7962069,22.7,mid-band,00019C01F,630720.0,-92.0,6,-10,10.5,202.0
2026-03-19 17:53:08.507134-05:00,42.0147738,-93.7962185,25.6,mid-band,00019C01F,630720.0,-86.0,3,-10,10.5,181.0
2026-03-19 17:53:11.091657-05:00,42.0150639,-93.796225,17.0,mid-band,00019C01F,630720.0,-82.0,4,-10,21.0,218.0
2026-03-19 17:53:13.667552-05:00,42.0154866,-93.7962352,25.4,mid-band,00019C01F,630720.0,-85.0,5,-10,10.5,208.0
2026-03-19 17:53:16.251861-05:00,42.0159017,-93.7962457,62.3,mid-band,00019C01F,630720.0,-85.0,4,-10,31.5,184.0
2026-03-19 17:53:18.873117-05:00,42.0161814,-93.7962518,23.8,mid-band,00019C01F,630720.0,-89.0,1,-11,41.9,277.0
2026-03-19 17:53:21.455743-05:00,42.0166007,-93.7962576,24.5,mid-band,00019C01F,630720.0,-89.0,0,-11,31.5,216.0
2026-03-19 17:53:24.039248-05:00,42.0168759,-93.7962635,23.3,mid-band,00019C01F,630720.0,-87.0,0,-11,41.9,277.0
2026-03-19 17:53:26.621472-05:00,42.0172876,-93.7962761,24.2,mid-band,00019C01F,630720.0,-89.0,2,-11,52.4,274.0
2026-03-19 17:53:29.204553-05:00,42.017701,-93.7962913,26.6,mid-band,00019C01F,630720.0,-85.0,7,-10,41.9,259.0
2026-03-19 17:53:31.789497-05:00,42.0179812,-93.7963008,30.8,mid-band,00019C01F,630720.0,-85.0,10,-10,41.9,266.0
2026-03-19 17:53:34.379329-05:00,42.0184064,-93.7963108,30.0,mid-band,00019C01F,630720.0,-88.0,9,-10,41.9,269.0
2026-03-19 17:53:36.968261-05:00,42.0186928,-93.7963174,,,,,,,,41.9,202.0
2026-03-19 17:53:42.629719-05:00,42.0195776,-93.7963367,,,,,,,,,
2026-03-19 17:53:48.290624-05:00,42.0204507,-93.7963586,,,,,,,,,
2026-03-19 17:53:53.952004-05:00,42.021733,-93.7963894,43.9,mid-band,00019C01F,630720.0,-91.0,0,-11,,
2026-03-19 17:53:59.935790-05:00,42.0220167,-93.7963952,20.0,mid-band,00019C01F,630720.0,-92.0,-2,-11,,
2026-03-19 17:54:02.514446-05:00,42.0224355,-93.7963941,15.5,mid-band,00019C01F,630720.0,-91.0,-1,-11,,
2026-03-19 17:54:05.088778-05:00,42.0226874,-93.7963912,15.9,mid-band,00019C01F,630720.0,-93.0,-2,-11,,
2026-03-19 17:54:07.663299-05:00,42.0229374,-93.7963923,15.5,mid-band,00019C01F,630720.0,-96.0,-1,-11,,
2026-03-19 17:54:10.237276-05:00,42.022992,-93.7963963,14.9,mid-band,00019C01F,630720.0,-89.0,0,-10,,
2026-03-19 17:54:12.810741-05:00,42.023018,-93.7964019,13.1,mid-band,00019C01F,630720.0,-85.0,5,-11,,
2026-03-19 17:54:15.382546-05:00,42.0230933,-93.7964748,25.8,mid-band,00019C01F,630720.0,-83.0,0,-11,,
2026-03-19 17:54:17.966796-05:00,42.0231169,-93.7966017,15.7,mid-band,00019C01F,630720.0,-83.0,5,-11,17.1,253.0
2026-03-19 17:54:20.541404-05:00,42.0231233,-93.796883,20.1,mid-band,00019C01F,630720.0,-83.0,7,-10,37.8,272.0
2026-03-19 17:54:23.120287-05:00,42.0231253,-93.7972347,16.4,mid-band,00019C01F,630720.0,-83.0,6,-10,39.3,220.0
2026-03-19 17:54:25.695325-05:00,42.0231238,-93.7975011,19.4,mid-band,00019C01F,630720.0,-90.0,4,-11,48.1,208.0
2026-03-19 17:54:28.273390-05:00,42.0231219,-93.7979337,15.8,mid-band,00019C01F,630720.0,-96.0,-4,-11,62.6,236.0
2026-03-19 17:54:30.847876-05:00,42.0231221,-93.7982419,18.1,mid-band,00019C01F,630720.0,-92.0,0,-11,28.5,256.0
2026-03-19 17:54:33.424531-05:00,42.0231203,-93.798724,,mid-band,00019C01F,630720.0,-92.0,2,-11,20.2,196.0
2026-03-19 17:54:36.983325-05:00,42.0231163,-93.7992167,18.4,mid-band,00019C01F,630720.0,-94.0,1,-11,13.5,198.0
2026-03-19 17:54:39.560204-05:00,42.0231139,-93.7997195,20.5,mid-band,00019C01F,630720.0,-98.0,0,-11,26.9,258.0
2026-03-19 17:54:42.139299-05:00,42.0231108,-93.800233,21.1,mid-band,00019C01F,630720.0,-100.0,-5,-11,26.9,259.0
2026-03-19 17:54:44.719152-05:00,42.0231077,-93.8005777,37.3,mid-band,00019C01F,630720.0,-97.0,-1,-11,26.9,244.0
2026-03-19 17:54:47.315198-05:00,42.0231047,-93.8010922,27.3,mid-band,00019C01F,630720.0,-96.0,0,-11,33.6,235.0
2026-03-19 17:54:49.901337-05:00,42.0231043,-93.8014329,17.9,mid-band,00019C01F,630720.0,-95.0,-3,-11,26.9,228.0
2026-03-19 17:54:52.477458-05:00,42.0231004,-93.8019478,36.4,mid-band,00019C01F,630720.0,-89.0,0,-11,27.4,239.0
2026-03-19 17:54:55.072729-05:00,42.0230984,-93.8022993,18.8,mid-band,00019C01F,630720.0,-85.0,2,-10,26.9,234.0
2026-03-19 17:54:57.649492-05:00,42.0230939,-93.8028266,18.5,mid-band,00019C01F,630720.0,-88.0,1,-11,40.4,266.0
2026-03-19 17:55:00.226992-05:00,42.0230859,-93.8045851,20.2,mid-band,00019C01F,630720.0,-92.0,0,-10,40.4,273.0
2026-03-19 17:55:10.911424-05:00,42.023088,-93.8051158,23.5,mid-band,00019C01F,630720.0,-87.0,3,-10,21.0,226.0
2026-03-19 17:55:13.493706-05:00,42.0230816,-93.8056512,45.3,mid-band,00019C01F,630720.0,-90.0,4,-11,41.9,277.0
2026-03-19 17:55:16.097884-05:00,42.0230937,-93.8060053,47.5,mid-band,00019C01F,630720.0,-95.0,-2,-11,41.9,222.0
2026-03-19 17:55:18.704361-05:00,42.0230913,-93.8065412,49.7,mid-band,00019C01F,630720.0,-98.0,-6,-11,21.0,237.0
2026-03-19 17:55:21.312500-05:00,42.0230891,-93.8070807,8.06,mid-band,00019C01F,630720.0,-96.0,-6,-14,10.5,65.3
2026-03-19 17:55:23.879356-05:00,42.0230861,-93.8074375,,mid-band,FFFFFFFFF,-1.0,-82.0,0,-10,10.5,64.3
2026-03-19 17:55:28.489505-05:00,42.0230821,-93.8083275,,,,,,,,,
2026-03-19 17:55:34.150828-05:00,42.0230797,-93.8094021,,,,,,,,,
2026-03-19 17:55:39.812250-05:00,42.023079,-93.8103573,,,,,,,,,
2026-03-19 17:55:45.473653-05:00,42.023074,-93.8115334,,,,,,,,,
2026-03-19 17:55:51.134963-05:00,42.0230694,-93.8127144,,,,,,,,,
2026-03-19 17:55:56.795985-05:00,42.0230685,-93.8137102,,,,,,,,,
2026-03-19 17:56:02.457286-05:00,42.0230656,-93.8147799,,,,,,,,,
2026-03-19 17:56:08.118641-05:00,42.0230601,-93.8152382,,,,,,,,,
2026-03-19 17:56:13.779908-05:00,42.0223445,-93.8153859,,,,,,,,,
2026-03-19 17:56:22.988640-05:00,42.0217526,-93.8153937,,,,,,,,,
2026-03-19 17:56:28.650011-05:00,42.020963,-93.8153951,,,,,,,,,
2026-03-19 17:56:34.311321-05:00,42.0201426,-93.8153967,,,,,,,,,
2026-03-19 17:56:39.972608-05:00,42.0194453,-93.8153998,,,,,,,,,
2026-03-19 17:56:45.633897-05:00,42.0185958,-93.8154019,,,,,,,,,
2026-03-19 17:56:51.295159-05:00,42.0177015,-93.815402,,,,,,,,,
2026-03-19 17:56:56.956509-05:00,42.0169044,-93.8154036,,,,,,,,,
2026-03-19 17:57:02.617907-05:00,42.0158928,-93.8154026,,,,,,,,,
2026-03-19 17:57:08.279339-05:00,42.0148912,-93.8154046,,,,,,,,,
2026-03-19 17:57:13.940719-05:00,42.0140732,-93.8154026,,,,,,,,,
2026-03-19 17:57:19.601429-05:00,42.01168,-93.8153977,,,,,,,,,
2026-03-19 17:57:33.992539-05:00,42.0106408,-93.8153945,,,,,,,,,
2026-03-19 17:57:39.653428-05:00,42.0096186,-93.8153941,,,,,,,,,
2026-03-19 17:57:45.314865-05:00,42.0085976,-93.8153919,,,,,,,,,
2026-03-19 17:57:50.976180-05:00,42.0077506,-93.8153916,,,,,,,,,
2026-03-19 17:57:56.637522-05:00,42.0067175,-93.8153937,,,,,,,,,
2026-03-19 17:58:02.298888-05:00,42.0056734,-93.8153936,,,,,,,,,
2026-03-19 17:58:07.960202-05:00,42.0047925,-93.8153919,18.3,mid-band,00019C01F,630720.0,-100.0,-2,-11,,
2026-03-19 17:58:10.537192-05:00,42.0042551,-93.8153926,175.0,mid-band,00019C01F,630720.0,-108.0,-4,-11,,
2026-03-19 17:58:13.271340-05:00,42.0037133,-93.8153965,,mid-band,00019C01F,630720.0,-107.0,-9,-11,,
2026-03-19 17:58:16.829876-05:00,42.0031659,-93.8153998,,,,,,,,,
2026-03-19 17:58:22.491233-05:00,42.0022398,-93.8154233,,,,,,,,,
2026-03-19 17:58:28.152644-05:00,42.0019516,-93.8154333,,mid-band,00019C01F,630720.0,-96.0,3,-11,,
2026-03-19 17:58:31.711369-05:00,42.0019459,-93.8154314,93.6,mid-band,00019C01F,630720.0,-95.0,2,-11,,
2026-03-19 17:58:40.482350-05:00,42.0019442,-93.815431,74.1,mid-band,00019C01F,630720.0,-95.0,2,-11,7.25,78.7
2026-03-19 17:58:43.115377-05:00,42.0019432,-93.8154308,29.2,mid-band,00019C01F,630720.0,-97.0,1,-11,6.73,72.4
2026-03-19 17:58:45.703457-05:00,42.0019198,-93.8154287,45.5,mid-band,00019C01F,630720.0,-98.0,1,-11,6.73,173.0
2026-03-19 17:58:48.308087-05:00,42.0017871,-93.8154087,51.1,mid-band,00019C01F,630720.0,-98.0,1,-11,6.73,67.6
2026-03-19 17:58:50.917608-05:00,42.0016449,-93.8153972,60.8,mid-band,00019C01F,630720.0,-100.0,-4,-11,13.5,107.0
2026-03-19 17:58:53.537186-05:00,42.0013703,-93.8153968,16.0,mid-band,00019C01F,630720.0,-95.0,-2,-11,6.73,83.3
2026-03-19 17:58:56.111836-05:00,42.0011628,-93.8153986,58.5,mid-band,00019C01F,630720.0,-93.0,2,-11,26.9,167.0
2026-03-19 17:58:58.729423-05:00,42.0008255,-93.8153968,20.7,mid-band,00019C01F,630720.0,-82.0,3,-11,26.9,154.0
2026-03-19 17:59:01.308885-05:00,42.0004691,-93.8153977,27.2,mid-band,00019C01F,630720.0,-91.0,3,-11,48.1,225.0
2026-03-19 17:59:03.895061-05:00,42.0002247,-93.8153965,30.6,mid-band,00019C01F,630720.0,-77.0,9,-10,37.3,261.0
2026-03-19 17:59:06.484749-05:00,41.9998528,-93.8153985,25.5,mid-band,00019C01F,630720.0,-76.0,6,-11,47.6,186.0
2026-03-19 17:59:09.069442-05:00,41.9996052,-93.8153991,28.3,mid-band,00019C01F,630720.0,-74.0,8,-10,61.1,255.0
2026-03-19 17:59:11.656783-05:00,41.9992187,-93.8153992,31.0,mid-band,00019C01F,630720.0,-76.0,9,-11,81.8,231.0
2026-03-19 17:59:14.246916-05:00,41.9988185,-93.8154022,37.3,mid-band,00019C01F,630720.0,-78.0,4,-11,91.6,206.0
2026-03-19 17:59:16.843455-05:00,41.9985466,-93.8154037,23.8,mid-band,00019C01F,630720.0,-79.0,3,-11,71.4,219.0
2026-03-19 17:59:19.426302-05:00,41.9981386,-93.8154036,32.6,mid-band,00019C01F,630720.0,-80.0,2,-11,81.8,229.0
2026-03-19 17:59:22.017495-05:00,41.9978701,-93.8154031,62.5,mid-band,00019C01F,630720.0,-82.0,2,-11,52.3,152.0
2026-03-19 17:59:24.638995-05:00,41.9974682,-93.815404,27.3,mid-band,00019C01F,630720.0,-79.0,1,-11,83.9,198.0
2026-03-19 17:59:27.225370-05:00,41.9970678,-93.8154063,31.0,mid-band,00019C01F,630720.0,-74.0,6,-10,94.4,218.0
2026-03-19 17:59:29.815343-05:00,41.9968017,-93.815407,46.1,mid-band,00019C01F,630720.0,-83.0,9,-10,62.9,263.0
2026-03-19 17:59:32.420262-05:00,41.9964015,-93.8154073,62.7,mid-band,00019C01F,630720.0,-89.0,5,-11,62.9,261.0
2026-03-19 17:59:35.042033-05:00,41.9961328,-93.8154083,32.8,mid-band,00019C01F,630720.0,-86.0,0,-11,62.9,259.0
2026-03-19 17:59:37.634088-05:00,41.9957229,-93.8154118,59.5,mid-band,00019C01F,630720.0,-89.0,-1,-11,73.4,253.0
2026-03-19 17:59:40.252605-05:00,41.9943178,-93.8154205,38.7,mid-band,00019C01F,630720.0,-83.0,3,-11,41.9,146.0
2026-03-19 17:59:50.935662-05:00,41.9938895,-93.8154214,39.0,mid-band,00019C01F,630720.0,-80.0,5,-10,94.4,229.0
2026-03-19 17:59:53.533716-05:00,41.993449,-93.8154213,,,,,,,,62.9,223.0
2026-03-19 17:59:59.195399-05:00,41.9925967,-93.8154257,,mid-band,FFFFFFFFF,-1.0,-82.0,0,-12,,
2026-03-19 18:00:02.753485-05:00,41.9921918,-93.815428,,,,,,,,,
2026-03-19 18:00:08.414832-05:00,41.9913789,-93.8154318,,,,,,,,,
2026-03-19 18:00:14.075765-05:00,41.9906798,-93.8154408,,mid-band,00019C01F,630720.0,-94.0,0,-11,,
2026-03-19 18:00:17.634490-05:00,41.990111,-93.8154424,14.2,mid-band,00019C01F,630720.0,-78.0,11,-10,,
2026-03-19 18:00:20.207381-05:00,41.9896761,-93.8154471,86.4,mid-band,00019C01F,630720.0,-85.0,5,-10,31.5,50.2
2026-03-19 18:00:22.852478-05:00,41.989382,-93.8154492,26.8,mid-band,00019C01F,630720.0,-77.0,14,-10,62.9,189.0
2026-03-19 18:00:25.438337-05:00,41.9889526,-93.8154519,39.5,mid-band,00019C01F,630720.0,-79.0,10,-10,73.4,250.0
2026-03-19 18:00:28.037005-05:00,41.9886717,-93.8154543,26.6,mid-band,00019C01F,630720.0,-80.0,5,-10,73.4,240.0
2026-03-19 18:00:30.622522-05:00,41.9882514,-93.8154544,31.1,mid-band,00019C01F,630720.0,-78.0,10,-10,94.4,243.0
2026-03-19 18:00:33.212507-05:00,41.9878368,-93.8154585,31.5,mid-band,00019C01F,630720.0,-79.0,12,-10,94.4,233.0
2026-03-19 18:00:35.802902-05:00,41.9875621,-93.8154601,28.7,mid-band,00019C01F,630720.0,-86.0,10,-10,62.9,199.0
2026-03-19 18:00:38.390520-05:00,41.9871435,-93.8154642,46.2,mid-band,00019C01F,630720.0,-91.0,3,-11,41.9,198.0
2026-03-19 18:00:40.995526-05:00,41.9868611,-93.8154658,26.8,mid-band,00019C01F,630720.0,-93.0,4,-11,31.5,244.0
2026-03-19 18:00:43.581297-05:00,41.9864542,-93.8154696,119.0,mid-band,00019C01F,630720.0,-83.0,5,-11,21.0,172.0
2026-03-19 18:00:46.259694-05:00,41.9860541,-93.8154743,25.0,mid-band,00019C01F,630720.0,-85.0,4,-11,31.5,244.0
2026-03-19 18:00:48.843693-05:00,41.9857861,-93.8154761,23.1,mid-band,00019C01F,630720.0,-88.0,-1,-11,31.5,238.0
2026-03-19 18:00:51.425693-05:00,41.9845634,-93.8154832,22.8,mid-band,00019C01F,630720.0,-92.0,-3,-11,21.0,157.0
2026-03-19 18:01:00.413495-05:00,41.9841392,-93.8154869,41.7,mid-band,00019C01F,630720.0,-96.0,0,-11,10.5,55.8
2026-03-19 18:01:03.014102-05:00,41.983852,-93.8154886,120.0,mid-band,00019C01F,630720.0,-94.0,-2,-11,10.5,21.8
2026-03-19 18:01:05.692745-05:00,41.9834201,-93.8154988,32.6,mid-band,00019C01F,630720.0,-98.0,-7,-20,21.0,28.6
2026-03-19 18:01:08.284112-05:00,41.9829924,-93.8155046,552.0,mid-band,00019C01F,630720.0,-91.0,-13,-12,,
2026-03-19 18:01:11.394871-05:00,41.9826341,-93.8155225,,,,,,,,,
2026-03-19 18:01:17.056134-05:00,41.9823064,-93.8155447,,mid-band,FFFFFFFFF,-1.0,-73.0,21,-10,,
2026-03-19 18:01:20.614730-05:00,41.9822768,-93.8155472,,,,,,,,,
2026-03-19 18:01:26.275721-05:00,41.9822768,-93.8155472,,,,,,,,,
2026-03-19 18:02:25.279509-05:00,41.9744494,-93.8156068,49.8,mid-band,00019C01F,630720.0,-86.0,-1,-11,,
2026-03-19 18:02:41.948815-05:00,41.9739113,-93.8156113,17.1,mid-band,00019C01F,630720.0,-78.0,10,-10,31.5,182.0
2026-03-19 18:02:44.524876-05:00,41.973514,-93.8156166,14.6,mid-band,00019C01F,630720.0,-81.0,7,-10,41.9,211.0
2026-03-19 18:02:47.098193-05:00,41.97325,-93.8156226,23.5,mid-band,00019C01F,630720.0,-81.0,2,-11,52.4,217.0
2026-03-19 18:02:49.680373-05:00,41.9728473,-93.8156225,29.3,mid-band,00019C01F,630720.0,-85.0,4,-11,41.9,178.0
2026-03-19 18:02:52.268147-05:00,41.9724384,-93.81563,89.2,mid-band,00019C01F,630720.0,-82.0,1,-11,31.5,303.0
2026-03-19 18:02:54.916349-05:00,41.9721607,-93.8156337,48.8,mid-band,00019C01F,630720.0,-83.0,2,-11,31.5,203.0
2026-03-19 18:02:57.523883-05:00,41.9717419,-93.8156383,36.4,mid-band,00019C01F,630720.0,-89.0,3,-11,31.5,259.0
2026-03-19 18:03:00.119055-05:00,41.971457,-93.8156391,,mid-band,00019C01F,630720.0,-95.0,-7,-11,21.0,233.0
2026-03-19 18:03:03.677679-05:00,41.9708853,-93.8156451,,mid-band,00019C01F,630720.0,-101.0,-9,-12,10.5,5.65
2026-03-19 18:03:07.236369-05:00,41.9703246,-93.8156524,,,,,,,,,
2026-03-19 18:03:12.896650-05:00,41.9696306,-93.815661,,,,,,,,,
2026-03-19 18:03:18.557410-05:00,41.9688006,-93.8156652,,,,,,,,,
2026-03-19 18:03:24.218637-05:00,41.9679655,-93.8156674,,,,,,,,,
2026-03-19 18:03:29.879829-05:00,41.9672632,-93.8156744,,,,,,,,,
2026-03-19 18:03:35.541110-05:00,41.9664001,-93.8156805,,,,,,,,,
2026-03-19 18:03:41.202565-05:00,41.9651782,-93.8158932,57.2,mid-band,00019C01F,630720.0,-95.0,0,-11,,
2026-03-19 18:03:50.447918-05:00,41.9651751,-93.816103,59.0,mid-band,00019C01F,630720.0,-103.0,-1,-11,,
2026-03-19 18:03:53.065661-05:00,41.9651739,-93.8162619,63.3,mid-band,00019C01F,630720.0,-106.0,-6,-11,,
2026-03-19 18:03:55.687620-05:00,41.9651698,-93.8165255,,mid-band,FFFFFFFFF,-1.0,-110.0,-11,-19,,
2026-03-19 18:03:59.246307-05:00,41.9651678,-93.8168988,,,,,,,,,
2026-03-19 18:04:04.907526-05:00,41.9651656,-93.8174321,,,,,,,,,
2026-03-19 18:04:10.568811-05:00,41.9651647,-93.8181315,,,,,,,,,
2026-03-19 18:04:16.230108-05:00,41.9651634,-93.8188442,,mid-band,00019C01F,630720.0,-113.0,-6,-12,,
2026-03-19 18:04:21.891457-05:00,41.9651648,-93.8194368,17.0,mid-band,00019C01F,630720.0,-114.0,-4,-12,,
2026-03-19 18:04:24.467059-05:00,41.9651647,-93.8197879,43.1,mid-band,00019C01F,630720.0,-109.0,-3,-11,,
2026-03-19 18:04:27.068782-05:00,41.965165,-93.8200202,61.0,mid-band,00019C01F,630720.0,-109.0,-2,-11,,
2026-03-19 18:04:29.688739-05:00,41.9651652,-93.8203661,45.0,mid-band,00019C01F,630720.0,-108.0,-1,-11,,
2026-03-19 18:04:32.292429-05:00,41.9651637,-93.820708,50.4,mid-band,00019C01F,630720.0,-110.0,-3,-11,,
2026-03-19 18:04:34.901448-05:00,41.9651642,-93.8209284,79.1,mid-band,00019C01F,630720.0,-111.0,-6,-11,0.259,17.7
2026-03-19 18:04:37.538690-05:00,41.9651644,-93.8212483,185.0,mid-band,00019C01F,630720.0,-109.0,-4,-12,0.259,63.6
2026-03-19 18:04:40.282428-05:00,41.9651655,-93.8215661,22.2,mid-band,00019C01F,630720.0,-107.0,-2,-11,1.16,74.3
2026-03-19 18:04:42.863400-05:00,41.9651669,-93.821779,12.3,mid-band,00019C01F,630720.0,-104.0,-1,-11,1.42,119.0
2026-03-19 18:04:45.433468-05:00,41.965186,-93.8220394,18.3,mid-band,00019C01F,630720.0,-102.0,1,-11,2.59,135.0
2026-03-19 18:04:48.010344-05:00,41.9651943,-93.8221467,42.4,mid-band,00019C01F,630720.0,-107.0,-1,-11,1.04,130.0
2026-03-19 18:04:50.611349-05:00,41.9651937,-93.8221743,118.0,mid-band,00019C01F,630720.0,-107.0,-1,-11,1.04,126.0
2026-03-19 18:05:01.009048-05:00,41.9651939,-93.8221747,54.0,mid-band,00019C01F,630720.0,-109.0,-2,-11,1.04,156.0
2026-03-19 18:05:03.621476-05:00,41.9651938,-93.8221857,40.5,mid-band,00019C01F,630720.0,-106.0,-3,-11,1.04,168.0
2026-03-19 18:05:06.220666-05:00,41.9651815,-93.8222657,44.1,mid-band,00019C01F,630720.0,-109.0,-2,-11,1.04,99.5
2026-03-19 18:05:08.823605-05:00,41.9651685,-93.8223735,71.1,mid-band,00019C01F,630720.0,-111.0,-2,-11,1.04,115.0
2026-03-19 18:05:11.453386-05:00,41.9651632,-93.8225886,61.3,mid-band,00019C01F,630720.0,-108.0,-4,-11,1.04,84.3
2026-03-19 18:05:14.073365-05:00,41.9651625,-93.8227578,26.1,mid-band,00019C01F,630720.0,-112.0,-1,-11,1.04,134.0
2026-03-19 18:05:16.657956-05:00,41.9651633,-93.8230309,104.0,mid-band,00019C01F,630720.0,-109.0,-6,-11,1.04,122.0
2026-03-19 18:05:19.320738-05:00,41.9651634,-93.8233348,49.3,mid-band,00019C01F,630720.0,-108.0,-6,-11,,
2026-03-19 18:05:21.928796-05:00,41.9651621,-93.8235531,83.4,mid-band,00019C01F,630720.0,-115.0,-5,-11,1.04,101.0
2026-03-19 18:05:24.570903-05:00,41.9651657,-93.8239004,63.5,mid-band,00019C01F,630720.0,-113.0,-6,-11,,
2026-03-19 18:05:27.193188-05:00,41.965167,-93.8242697,59.5,mid-band,00019C01F,630720.0,-108.0,-5,-11,1.04,127.0
2026-03-19 18:05:29.811431-05:00,41.9651684,-93.8245259,,mid-band,FFFFFFFFF,-1.0,-104.0,-20,-20,,
2026-03-19 18:05:33.370139-05:00,41.9651678,-93.8250504,,,,,,,,,
2026-03-19 18:05:39.031590-05:00,41.9651671,-93.8257264,,,,,,,,,
2026-03-19 18:05:44.692979-05:00,41.9651644,-93.8265346,,,,,,,,,
2026-03-19 18:05:50.354229-05:00,41.9651618,-93.8272974,,mid-band,00019C01F,630720.0,-92.0,8,-11,,
2026-03-19 18:05:54.964327-05:00,41.9651582,-93.8278247,14.2,mid-band,00019C01F,630720.0,-86.0,11,-10,,
2026-03-19 18:05:57.537269-05:00,41.9651576,-93.8282337,19.2,mid-band,00019C01F,630720.0,-88.0,11,-10,,
2026-03-19 18:06:00.114979-05:00,41.9651494,-93.8296467,60.7,mid-band,00019C01F,630720.0,-98.0,4,-11,,
2026-03-19 18:06:10.952426-05:00,41.9651488,-93.8300886,20.8,mid-band,00019C01F,630720.0,-99.0,3,-11,6.21,181.0
2026-03-19 18:06:13.532055-05:00,41.9651491,-93.8305219,31.9,mid-band,00019C01F,630720.0,-99.0,4,-11,16.6,257.0
2026-03-19 18:06:16.122575-05:00,41.9651481,-93.8308036,46.4,mid-band,00019C01F,630720.0,-98.0,3,-11,18.1,215.0
2026-03-19 18:06:18.727708-05:00,41.9651454,-93.8312144,40.7,mid-band,00019C01F,630720.0,-97.0,5,-11,23.8,206.0
2026-03-19 18:06:21.327277-05:00,41.9651442,-93.8316169,34.8,mid-band,00019C01F,630720.0,-93.0,8,-10,24.8,299.0
2026-03-19 18:06:23.921110-05:00,41.9651429,-93.8318791,23.7,mid-band,00019C01F,630720.0,-96.0,8,-11,31.5,264.0
2026-03-19 18:06:26.503745-05:00,41.9651413,-93.832264,21.1,mid-band,00019C01F,630720.0,-96.0,9,-10,21.0,259.0
2026-03-19 18:06:29.083666-05:00,41.9651408,-93.8325154,22.7,mid-band,00019C01F,630720.0,-95.0,8,-10,31.5,230.0
2026-03-19 18:06:31.665208-05:00,41.9651406,-93.8328895,13.1,mid-band,00019C01F,630720.0,-92.0,9,-10,21.0,283.0
2026-03-19 18:06:34.237048-05:00,41.9651381,-93.8332701,22.3,mid-band,00019C01F,630720.0,-91.0,10,-10,31.5,287.0
2026-03-19 18:06:36.818308-05:00,41.9651364,-93.8335342,28.6,mid-band,00019C01F,630720.0,-92.0,0,-11,31.5,252.0
2026-03-19 18:06:39.405498-05:00,41.9651347,-93.8339428,113.0,mid-band,00019C01F,630720.0,-101.0,3,-11,21.0,281.0
2026-03-19 18:06:42.077285-05:00,41.965133,-93.8342147,37.4,mid-band,00019C01F,630720.0,-97.0,4,-11,21.0,208.0
2026-03-19 18:06:44.673658-05:00,41.9651302,-93.8346137,10.6,mid-band,00019C01F,630720.0,-92.0,2,-10,21.0,198.0
2026-03-19 18:06:47.243201-05:00,41.9651298,-93.8350112,18.0,mid-band,00019C01F,630720.0,-95.0,-1,-11,31.5,172.0
2026-03-19 18:06:49.819979-05:00,41.9651299,-93.8352815,271.0,mid-band,00019C01F,630720.0,-95.0,-8,-11,31.5,139.0
2026-03-19 18:06:52.650402-05:00,41.9651322,-93.8356925,,mid-band,FFFFFFFFF,-1.0,-86.0,0,-11,21.0,21.8
2026-03-19 18:06:56.209229-05:00,41.9651358,-93.8362477,,,,,,,,,
2026-03-19 18:07:01.870464-05:00,41.9651402,-93.836944,,,,,,,,,
2026-03-19 18:07:07.531591-05:00,41.9651437,-93.8377619,,,,,,,,,
2026-03-19 18:07:13.191988-05:00,41.9651528,-93.8391144,,,,,,,,,
2026-03-19 18:07:22.984143-05:00,41.9651767,-93.8396355,,,,,,,,,
2026-03-19 18:07:28.644711-05:00,41.9651783,-93.8397288,,,,,,,,,
2026-03-19 18:07:34.305408-05:00,41.9651588,-93.8399584,,,,,,,,,
2026-03-19 18:07:39.966183-05:00,41.9651549,-93.8404619,,,,,,,,,
2026-03-19 18:07:45.627195-05:00,41.9651595,-93.8411885,,,,,,,,,
2026-03-19 18:07:51.288217-05:00,41.9651664,-93.8419639,,,,,,,,,
2026-03-19 18:07:56.948725-05:00,41.9651692,-93.8426313,,,,,,,,,
2026-03-19 18:08:02.609419-05:00,41.9651769,-93.8434212,,,,,,,,,
2026-03-19 18:08:08.270472-05:00,41.9651816,-93.8441879,,,,,,,,,
2026-03-19 18:08:13.931433-05:00,41.9651832,-93.8448696,14.2,mid-band,00019C01F,630720.0,-87.0,8,-11,,
2026-03-19 18:08:16.504096-05:00,41.9651871,-93.8452978,14.0,mid-band,00019C01F,630720.0,-88.0,8,-11,,
2026-03-19 18:08:19.076473-05:00,41.9652013,-93.8469172,58.0,mid-band,00019C01F,630720.0,-97.0,5,-11,,
2026-03-19 18:08:31.439974-05:00,41.9652065,-93.847518,660.0,mid-band,00019C01F,630720.0,-109.0,-3,-11,21.2,289.0
2026-03-19 18:08:34.658590-05:00,41.9652162,-93.8479272,15.1,mid-band,00019C01F,630720.0,-97.0,9,-10,,
2026-03-19 18:08:37.232277-05:00,41.9652324,-93.8482033,28.2,mid-band,00019C01F,630720.0,-104.0,2,-11,5.69,169.0
2026-03-19 18:08:39.818856-05:00,41.9652338,-93.8483067,21.0,mid-band,00019C01F,630720.0,-105.0,-1,-11,5.69,183.0
2026-03-19 18:08:42.398414-05:00,41.9652351,-93.8483389,20.5,mid-band,00019C01F,630720.0,-106.0,-2,-11,5.69,168.0
2026-03-19 18:08:44.977394-05:00,41.9652353,-93.8483387,19.9,mid-band,00019C01F,630720.0,-105.0,-1,-11,5.69,191.0
2026-03-19 18:08:47.555791-05:00,41.9652356,-93.8483386,40.5,mid-band,00019C01F,630720.0,-104.0,-1,-11,5.69,223.0
2026-03-19 18:08:50.154805-05:00,41.9652358,-93.8483391,16.6,mid-band,00019C01F,630720.0,-106.0,-1,-11,,
2026-03-19 18:08:52.729770-05:00,41.9652361,-93.8483391,18.4,mid-band,00019C01F,630720.0,-104.0,0,-11,5.69,196.0
2026-03-19 18:08:55.306776-05:00,41.9652364,-93.8483388,25.9,mid-band,00019C01F,630720.0,-105.0,-2,-11,5.69,213.0
2026-03-19 18:08:57.891352-05:00,41.9652367,-93.8483386,19.4,mid-band,00019C01F,630720.0,-103.0,-1,-11,5.69,232.0
2026-03-19 18:09:00.469214-05:00,41.9652366,-93.848368,29.1,mid-band,00019C01F,630720.0,-99.0,4,-11,5.69,212.0
2026-03-19 18:09:03.057014-05:00,41.9652314,-93.8484662,25.3,mid-band,00019C01F,630720.0,-108.0,4,-11,5.69,160.0
2026-03-19 18:09:05.640976-05:00,41.9652159,-93.8486975,46.5,mid-band,00019C01F,630720.0,-106.0,0,-11,,
2026-03-19 18:09:08.245438-05:00,41.965214,-93.8489985,275.0,mid-band,00019C01F,630720.0,-117.0,-7,-11,,
2026-03-19 18:09:11.079179-05:00,41.9652153,-93.849229,,mid-band,FFFFFFFFF,-1.0,-123.0,-8,-17,,
2026-03-19 18:09:14.637458-05:00,41.9652202,-93.8497371,,mid-band,FFFFFFFFF,-1.0,-124.0,-20,-18,,
2026-03-19 18:09:19.247404-05:00,41.9652253,-93.8504104,,,,,,,,,
2026-03-19 18:09:24.908450-05:00,41.9652293,-93.8511075,,,,,,,,,
2026-03-19 18:09:30.568705-05:00,41.9652325,-93.8519605,,,,,,,,,
2026-03-19 18:09:36.229967-05:00,41.9652428,-93.8544383,,,,,,,,,
2026-03-19 18:09:54.974531-05:00,41.9652452,-93.8554592,,,,,,,,,
2026-03-19 18:10:00.635852-05:00,41.9652423,-93.8563044,,,,,,,,,
2026-03-19 18:10:06.297038-05:00,41.9652402,-93.8571636,,,,,,,,,
2026-03-19 18:10:11.957421-05:00,41.9652385,-93.8578851,,,,,,,,,
2026-03-19 18:10:17.618570-05:00,41.9652367,-93.8587648,294.0,mid-band,00019C01F,630720.0,-105.0,-2,-11,,
2026-03-19 18:10:20.471567-05:00,41.9652346,-93.8592031,96.0,mid-band,00019C01F,630720.0,-109.0,-2,-11,,
2026-03-19 18:10:23.126433-05:00,41.9652326,-93.8596438,16.6,mid-band,00019C01F,630720.0,-102.0,-2,-11,,
2026-03-19 18:10:25.701557-05:00,41.965232,-93.8599306,30.8,mid-band,00019C01F,630720.0,-115.0,-11,-12,,
2026-03-19 18:10:28.290902-05:00,41.9652293,-93.8603547,,,,,,,,,
2026-03-19 18:10:33.951731-05:00,41.9652286,-93.8610545,,,,,,,,,
2026-03-19 18:10:39.612712-05:00,41.9652203,-93.8618958,,,,,,,,,
2026-03-19 18:10:45.274008-05:00,41.9652206,-93.8627527,,,,,,,,,
2026-03-19 18:10:50.935198-05:00,41.965217,-93.8634723,,,,,,,,,
2026-03-19 18:10:56.596056-05:00,41.9651834,-93.8657741,11.9,mid-band,00019C01F,630720.0,-107.0,-2,-11,,
2026-03-19 18:11:11.876460-05:00,41.9651706,-93.8662851,,mid-band,FFFFFFFFF,-1.0,-114.0,-2,-14,,
2026-03-19 18:11:16.486419-05:00,41.9651582,-93.8668829,,,,,,,,,
2026-03-19 18:11:22.147683-05:00,41.9651412,-93.8675642,,,,,,,,,
2026-03-19 18:11:27.808878-05:00,41.9651298,-93.8681324,,,,,,,,,
2026-03-19 18:11:33.470042-05:00,41.9651098,-93.8688428,,,,,,,,,
2026-03-19 18:11:39.131264-05:00,41.9650954,-93.8695808,,,,,,,,,
2026-03-19 18:11:44.792056-05:00,41.965088,-93.8701954,,,,,,,,,
2026-03-19 18:11:50.453075-05:00,41.9651061,-93.8708882,,,,,,,,,
2026-03-19 18:11:56.114318-05:00,41.9651495,-93.8714581,,,,,,,,,
2026-03-19 18:12:01.775517-05:00,41.965194,-93.8718969,,,,,,,,,
2026-03-19 18:12:07.436718-05:00,41.9652818,-93.8724818,,,,,,,,,
2026-03-19 18:12:13.097944-05:00,41.9654401,-93.873349,,,,,,,,,
2026-03-19 18:12:22.947144-05:00,41.9653858,-93.8733971,,,,,,,,,
2026-03-19 18:12:28.608224-05:00,41.9654043,-93.8734058,,,,,,,,,
2026-03-19 18:12:34.269370-05:00,41.9654642,-93.8734286,,,,,,,,,
2026-03-19 18:12:39.930500-05:00,41.9654195,-93.8733127,,,,,,,,,
2026-03-19 18:12:45.591636-05:00,41.965307,-93.8727522,,,,,,,,,
2026-03-19 18:12:51.252692-05:00,41.9651823,-93.8719124,,,,,,,,,
2026-03-19 18:12:56.913951-05:00,41.9650922,-93.8711998,,,,,,,,,
2026-03-19 18:13:02.575143-05:00,41.9650533,-93.870849,,,,,,,,,
2026-03-19 18:13:08.235849-05:00,41.9650529,-93.8708484,,,,,,,,,
2026-03-19 18:13:13.896687-05:00,41.9650528,-93.8708482,,,,,,,,,
2026-03-19 18:13:19.557770-05:00,41.9650553,-93.8708508,,,,,,,,,
2026-03-19 18:13:33.952669-05:00,41.9650592,-93.8708549,,,,,,,,,
2026-03-19 18:13:39.613438-05:00,41.9650606,-93.8708235,,,,,,,,,
2026-03-19 18:13:45.274662-05:00,41.9650681,-93.8703617,,,,,,,,,
2026-03-19 18:13:50.935819-05:00,41.9650783,-93.8696918,,mid-band,00019C01F,630720.0,-108.0,1,-11,,
2026-03-19 18:13:54.494478-05:00,41.9650918,-93.8689408,,,,,,,,,
2026-03-19 18:14:00.155772-05:00,41.9651237,-93.8675586,,,,,,,,,
2026-03-19 18:14:05.816898-05:00,41.9651518,-93.8663038,,mid-band,00019C01F,630720.0,-115.0,-4,-11,,
2026-03-19 18:14:11.478177-05:00,41.9651848,-93.8650186,17.7,mid-band,00019C01F,630720.0,-109.0,0,-11,,
2026-03-19 18:14:14.054506-05:00,41.9651893,-93.864752,,,,,,,,,
2026-03-19 18:14:19.715638-05:00,41.9650623,-93.8643859,18.5,mid-band,00019C01F,630720.0,-95.0,4,-10,,
2026-03-19 18:14:22.292740-05:00,41.9648745,-93.8643671,41.9,mid-band,00019C01F,630720.0,-96.0,3,-10,,
2026-03-19 18:14:24.893439-05:00,41.964736,-93.8643673,42.7,mid-band,00019C01F,630720.0,-99.0,5,-10,,
2026-03-19 18:14:27.494705-05:00,41.9645281,-93.8643631,,mid-band,FFFFFFFFF,-1.0,-100.0,0,-14,,
2026-03-19 18:14:31.053379-05:00,41.9638188,-93.8643479,,,,,,,,,
2026-03-19 18:14:43.942606-05:00,41.9634351,-93.8643356,,,,,,,,,
2026-03-19 18:14:49.603665-05:00,41.9630338,-93.864329,,,,,,,,,
2026-03-19 18:14:55.264658-05:00,41.9626471,-93.8643193,,,,,,,,,
2026-03-19 18:15:00.925804-05:00,41.9622884,-93.8643159,,,,,,,,,
2026-03-19 18:15:06.586966-05:00,41.9618369,-93.8643082,,,,,,,,,
2026-03-19 18:15:12.248124-05:00,41.9613489,-93.8642998,,,,,,,,,
2026-03-19 18:15:17.909240-05:00,41.9609236,-93.8642912,,,,,,,,,
2026-03-19 18:15:23.570330-05:00,41.9604056,-93.8642839,,,,,,,,,
2026-03-19 18:15:29.231640-05:00,41.9598819,-93.8642747,,,,,,,,,
2026-03-19 18:15:34.892670-05:00,41.9594475,-93.8642672,,,,,,,,,
2026-03-19 18:15:40.554143-05:00,41.9582954,-93.8642485,,,,,,,,,
2026-03-19 18:15:53.944726-05:00,41.9577528,-93.8642389,,,,,,,,,
2026-03-19 18:15:59.606020-05:00,41.9571641,-93.8642353,,,,,,,,,
2026-03-19 18:16:05.267291-05:00,41.9565464,-93.864217,,,,,,,,,
2026-03-19 18:16:10.928376-05:00,41.9560335,-93.8642097,,,,,,,,,
2026-03-19 18:16:16.589622-05:00,41.9554277,-93.8642002,,,,,,,,,
2026-03-19 18:16:22.250814-05:00,41.9548309,-93.8641886,,,,,,,,,
2026-03-19 18:16:27.912035-05:00,41.9543863,-93.864184,,,,,,,,,
2026-03-19 18:16:33.573115-05:00,41.9538581,-93.8641804,,,,,,,,,
2026-03-19 18:16:39.234240-05:00,41.9532845,-93.8641709,,,,,,,,,
2026-03-19 18:16:44.895317-05:00,41.9527864,-93.8641596,,,,,,,,,
2026-03-19 18:16:50.556560-05:00,41.9515437,-93.8636659,,,,,,,,,
2026-03-19 18:17:03.936823-05:00,41.9510318,-93.8631659,,,,,,,,,
2026-03-19 18:17:09.597985-05:00,41.9507081,-93.8627795,,,,,,,,,
2026-03-19 18:17:15.259250-05:00,41.9506807,-93.8626761,,,,,,,,,
2026-03-19 18:17:20.920568-05:00,41.9507876,-93.8624489,,,,,,,,,
2026-03-19 18:17:26.581573-05:00,41.9508555,-93.8620187,,,,,,,,,
2026-03-19 18:17:32.242829-05:00,41.9507698,-93.8614916,,,,,,,,,
2026-03-19 18:17:37.904082-05:00,41.9506848,-93.8610648,,,,,,,,,
2026-03-19 18:17:43.565404-05:00,41.9506765,-93.8605702,,,,,,,,,
2026-03-19 18:17:49.226530-05:00,41.9506829,-93.8599596,,,,,,,,,
2026-03-19 18:17:54.887822-05:00,41.9506856,-93.8593641,,,,,,,,,
2026-03-19 18:18:00.549080-05:00,41.950686,-93.8576666,,,,,,,,,
2026-03-19 18:18:13.934232-05:00,41.950684,-93.8569523,,,,,,,,,
2026-03-19 18:18:19.595475-05:00,41.9506832,-93.8562876,,,,,,,,,
2026-03-19 18:18:25.256337-05:00,41.9506846,-93.8556076,,,,,,,,,
2026-03-19 18:18:30.916743-05:00,41.9506833,-93.8550982,,,,,,,,,
2026-03-19 18:18:36.578329-05:00,41.9506754,-93.8547122,,,,,,,,,
2026-03-19 18:18:42.239604-05:00,41.9506711,-93.8547071,,,,,,,,,
2026-03-19 18:18:47.900424-05:00,41.9506683,-93.8547075,,,,,,,,,
2026-03-19 18:18:53.561837-05:00,41.9506669,-93.8547041,,,,,,,,,
2026-03-19 18:18:59.223240-05:00,41.950673,-93.8545042,,,,,,,,,
2026-03-19 18:19:04.884662-05:00,41.9506802,-93.8542652,,,,,,,,,
2026-03-19 18:19:10.545947-05:00,41.9506918,-93.8532647,,,,,,,,,
2026-03-19 18:19:23.945775-05:00,41.9506943,-93.8526794,,,,,,,,,
2026-03-19 18:19:29.607056-05:00,41.9506882,-93.8520948,,,,,,,,,
2026-03-19 18:19:35.268357-05:00,41.9506857,-93.8515198,,,,,,,,,
2026-03-19 18:19:40.929441-05:00,41.9506841,-93.8510389,,,,,,,,,
2026-03-19 18:19:46.590746-05:00,41.9506834,-93.8504394,,,,,,,,,
2026-03-19 18:19:52.251480-05:00,41.9506818,-93.8498908,,,,,,,,,
2026-03-19 18:19:57.912634-05:00,41.950681,-93.8494227,,,,,,,,,
2026-03-19 18:20:03.573765-05:00,41.9506698,-93.8488472,,,,,,,,,
2026-03-19 18:20:09.234871-05:00,41.950673,-93.8482304,11.9,mid-band,00019C01F,630720.0,-104.0,8,-10,,
2026-03-19 18:20:11.805454-05:00,41.9506752,-93.8480184,21.3,mid-band,00019C01F,630720.0,-102.0,10,-10,,
2026-03-19 18:20:14.385451-05:00,41.9506784,-93.8477045,20.9,mid-band,00019C01F,630720.0,-108.0,7,-10,,
2026-03-19 18:20:16.964869-05:00,41.950679,-93.84751,26.3,mid-band,00019C01F,630720.0,-104.0,11,-10,,
2026-03-19 18:20:19.549895-05:00,41.9506797,-93.847223,29.2,mid-band,00019C01F,630720.0,-104.0,11,-10,,
2026-03-19 18:20:22.137784-05:00,41.9506566,-93.846491,16.5,mid-band,00019C01F,630720.0,-108.0,0,-11,,
2026-03-19 18:20:30.349444-05:00,41.9506144,-93.846249,11.6,mid-band,00019C01F,630720.0,-100.0,4,-10,7.76,238.0
2026-03-19 18:20:32.919676-05:00,41.9505566,-93.8460965,46.3,mid-band,00019C01F,630720.0,-97.0,4,-10,5.18,203.0
2026-03-19 18:20:35.524711-05:00,41.9504334,-93.8458857,128.0,mid-band,00019C01F,630720.0,-108.0,-1,-11,1.55,65.3
2026-03-19 18:20:38.212042-05:00,41.9502875,-93.8456778,46.0,mid-band,00019C01F,630720.0,-102.0,-1,-11,1.55,46.5
2026-03-19 18:20:40.816778-05:00,41.9501816,-93.8455292,75.5,mid-band,00019C01F,630720.0,-99.0,1,-11,1.55,77.5
2026-03-19 18:20:43.451395-05:00,41.9500185,-93.8453008,23.0,mid-band,00019C01F,630720.0,-100.0,0,-11,1.55,59.7
2026-03-19 18:20:46.032881-05:00,41.9499094,-93.8451496,43.6,mid-band,00019C01F,630720.0,-107.0,0,-12,1.55,66.4
2026-03-19 18:20:48.635261-05:00,41.9497513,-93.8449185,34.1,mid-band,00019C01F,630720.0,-109.0,-6,-11,1.55,57.9
2026-03-19 18:20:51.228022-05:00,41.9495952,-93.8446895,,,,,,,,,
2026-03-19 18:20:56.889230-05:00,41.9493474,-93.8443345,,,,,,,,,
2026-03-19 18:21:02.550392-05:00,41.9490714,-93.8439335,,,,,,,,,
2026-03-19 18:21:08.211843-05:00,41.9488177,-93.8435615,,,,,,,,,
2026-03-19 18:21:13.872696-05:00,41.9485979,-93.8432796,,,,,,,,,
2026-03-19 18:21:19.533454-05:00,41.9482859,-93.8430205,,,,,,,,,
2026-03-19 18:21:25.194660-05:00,41.9479346,-93.8428671,,,,,,,,,
2026-03-19 18:21:30.855640-05:00,41.9471408,-93.8425452,,,,,,,,,
2026-03-19 18:21:43.940711-05:00,41.946901,-93.8422102,,,,,,,,,
2026-03-19 18:21:49.601428-05:00,41.9468726,-93.8417389,,,,,,,,,
2026-03-19 18:21:55.262707-05:00,41.9468856,-93.8412287,,,,,,,,,
2026-03-19 18:22:00.923821-05:00,41.9469001,-93.8407643,,,,,,,,,
2026-03-19 18:22:06.584038-05:00,41.9469154,-93.8402069,,,,,,,,,
2026-03-19 18:22:12.245228-05:00,41.9469271,-93.8396522,,,,,,,,,
2026-03-19 18:22:17.906481-05:00,41.9469433,-93.8391448,,,,,,,,,
2026-03-19 18:22:23.567766-05:00,41.946965,-93.8384758,,,,,,,,,
2026-03-19 18:22:29.229029-05:00,41.9469878,-93.8378002,,,,,,,,,
2026-03-19 18:22:34.890234-05:00,41.9470597,-93.8372892,,,,,,,,,
2026-03-19 18:22:40.551471-05:00,41.9476278,-93.8358409,,,,,,,,,
2026-03-19 18:22:53.940483-05:00,41.9480848,-93.8352964,,,,,,,,,
2026-03-19 18:22:59.601842-05:00,41.9486126,-93.8351871,,,,,,,,,
2026-03-19 18:23:05.263176-05:00,41.9490807,-93.8351577,,,,,,,,,
2026-03-19 18:23:10.924076-05:00,41.9492387,-93.8351435,,,,,,,,,
2026-03-19 18:23:16.585395-05:00,41.9493627,-93.8351368,,,,,,,,,
2026-03-19 18:23:22.246599-05:00,41.9497225,-93.8351242,,,,,,,,,
2026-03-19 18:23:27.907782-05:00,41.9500564,-93.8351241,,,,,,,,,
2026-03-19 18:23:33.569108-05:00,41.9504951,-93.8351182,,,,,,,,,
2026-03-19 18:23:39.230446-05:00,41.9509487,-93.8351161,,,,,,,,,
2026-03-19 18:23:44.891929-05:00,41.9513383,-93.8351199,53.8,mid-band,00019C01F,630720.0,-109.0,0,-11,,
2026-03-19 18:23:47.504482-05:00,41.9515726,-93.8351223,51.9,mid-band,00019C01F,630720.0,-110.0,0,-11,,
2026-03-19 18:23:50.115071-05:00,41.9521789,-93.8351252,42.3,mid-band,00019C01F,630720.0,-112.0,0,-11,,
2026-03-19 18:24:00.888674-05:00,41.9522193,-93.8351248,49.3,mid-band,00019C01F,630720.0,-109.0,-4,-11,0.625,5.01
2026-03-19 18:24:03.496658-05:00,41.9523087,-93.8351243,,mid-band,00019C01F,630720.0,-140.0,-,-,0.517,18.7
2026-03-19 18:24:07.055325-05:00,41.9524554,-93.8351244,88.6,mid-band,00019C01F,630720.0,-113.0,-3,-11,,
2026-03-19 18:24:09.702714-05:00,41.9526327,-93.8351232,,,,,,,,,
2026-03-19 18:24:15.363907-05:00,41.9529645,-93.8351278,,,,,,,,,
2026-03-19 18:24:21.025212-05:00,41.953276,-93.8351265,,mid-band,FFFFFFFFF,-1.0,-127.0,-20,-20,,
2026-03-19 18:24:26.686444-05:00,41.9536771,-93.8351181,,,,,,,,,
2026-03-19 18:24:32.347659-05:00,41.9540916,-93.8351208,,,,,,,,,
2026-03-19 18:24:38.008065-05:00,41.9544582,-93.8351283,,,,,,,,,
2026-03-19 18:24:43.669243-05:00,41.9548987,-93.8351283,,,,,,,,,
2026-03-19 18:24:49.330452-05:00,41.9553298,-93.8351281,,,,,,,,,
2026-03-19 18:24:54.991751-05:00,41.9556922,-93.83513,,,,,,,,,
2026-03-19 18:25:00.652943-05:00,41.9566843,-93.8351351,,,,,,,,,
2026-03-19 18:25:13.954906-05:00,41.9571811,-93.8351384,,,,,,,,,
2026-03-19 18:25:19.616048-05:00,41.9576657,-93.8351159,,,,,,,,,
2026-03-19 18:25:25.277271-05:00,41.9581487,-93.8351146,,,,,,,,,
2026-03-19 18:25:30.938448-05:00,41.9585829,-93.8351137,,,,,,,,,
2026-03-19 18:25:36.599728-05:00,41.959133,-93.8351257,,,,,,,,,
2026-03-19 18:25:42.261123-05:00,41.95968,-93.8351121,,,,,,,,,
2026-03-19 18:25:47.922478-05:00,41.9600964,-93.8351085,,,,,,,,,
2026-03-19 18:25:53.583842-05:00,41.9605832,-93.8351138,,,,,,,,,
2026-03-19 18:25:59.244699-05:00,41.9610861,-93.8351009,,,,,,,,,
2026-03-19 18:26:04.905963-05:00,41.9615149,-93.8350981,,mid-band,00019C01F,630720.0,-96.0,8,-10,,
2026-03-19 18:26:09.515026-05:00,41.9619364,-93.8351063,17.9,mid-band,00019C01F,630720.0,-92.0,9,-10,,
2026-03-19 18:26:12.090894-05:00,41.9626066,-93.8350986,,mid-band,00019C01F,630720.0,-105.0,4,-11,,
2026-03-19 18:26:23.452037-05:00,41.9631259,-93.8350965,60.3,mid-band,00019C01F,630720.0,-114.0,-3,-11,2.75,15.0
2026-03-19 18:26:26.070979-05:00,41.9633059,-93.8350957,139.0,mid-band,00019C01F,630720.0,-108.0,1,-11,0.518,22.6
2026-03-19 18:26:28.769281-05:00,41.9635763,-93.8350998,37.0,mid-band,00019C01F,630720.0,-112.0,-1,-12,0.518,31.3
2026-03-19 18:26:31.364889-05:00,41.9638409,-93.8351062,12.8,mid-band,00019C01F,630720.0,-111.0,-4,-11,0.518,9.57
2026-03-19 18:26:33.936232-05:00,41.9639993,-93.8351163,,,,,,,,,
2026-03-19 18:26:39.597154-05:00,41.9642334,-93.8350502,,,,,,,,,
2026-03-19 18:26:45.258393-05:00,41.964252,-93.83504,,,,,,,,,
2026-03-19 18:26:50.919583-05:00,41.9642534,-93.8351112,,,,,,,,,
2026-03-19 18:26:56.580818-05:00,41.9642548,-93.8351256,,,,,,,,,
2026-03-19 18:27:02.242214-05:00,41.9641524,-93.835091,,,,,,,,,
2026-03-19 18:27:07.903593-05:00,41.9639256,-93.8350979,,,,,,,,,
2026-03-19 18:27:13.564822-05:00,41.9636117,-93.8350949,,mid-band,00019C01F,630720.0,-102.0,-2,-11,,
2026-03-19 18:27:19.226114-05:00,41.9632468,-93.8350947,8.25,mid-band,00019C01F,630720.0,-91.0,8,-11,3.13,27.8
2026-03-19 18:27:21.792978-05:00,41.9626716,-93.8350906,370.0,mid-band,00019C01F,630720.0,-87.0,8,-11,4.66,44.0
2026-03-19 18:27:30.709457-05:00,41.9624446,-93.8350911,13.3,mid-band,00019C01F,630720.0,-86.0,7,-11,3.11,20.6
2026-03-19 18:27:33.281396-05:00,41.9622187,-93.8350894,19.2,mid-band,00019C01F,630720.0,-84.0,6,-10,19.7,68.0
2026-03-19 18:27:35.859176-05:00,41.9620687,-93.83509,18.5,mid-band,00019C01F,630720.0,-87.0,5,-11,38.3,103.0
2026-03-19 18:27:38.436804-05:00,41.9618459,-93.8350919,14.9,mid-band,00019C01F,630720.0,-84.0,7,-10,37.3,118.0
2026-03-19 18:27:41.010321-05:00,41.9616934,-93.8350927,16.6,mid-band,00019C01F,630720.0,-87.0,5,-11,29.0,111.0
2026-03-19 18:27:43.585784-05:00,41.9614591,-93.8350943,73.6,mid-band,00019C01F,630720.0,-87.0,7,-11,22.8,307.0
2026-03-19 18:27:46.217913-05:00,41.9612192,-93.8350967,62.0,mid-band,00019C01F,630720.0,-87.0,4,-11,22.3,268.0
2026-03-19 18:27:48.838694-05:00,41.9610575,-93.8350969,201.0,mid-band,00019C01F,630720.0,-102.0,-4,-11,8.8,111.0
2026-03-19 18:27:51.597470-05:00,41.9608123,-93.8350972,39.9,mid-band,00019C01F,630720.0,-100.0,-4,-11,4.66,86.6
2026-03-19 18:27:54.196026-05:00,41.960558,-93.8351025,29.8,mid-band,00019C01F,630720.0,-98.0,-3,-11,4.66,116.0
2026-03-19 18:27:56.784302-05:00,41.9603845,-93.8351036,27.4,mid-band,00019C01F,630720.0,-99.0,-5,-11,4.66,98.0
2026-03-19 18:27:59.370476-05:00,41.9601251,-93.8351035,43.1,mid-band,00019C01F,630720.0,-103.0,0,-11,4.14,96.2
2026-03-19 18:28:01.972233-05:00,41.9599509,-93.8351032,41.1,mid-band,00019C01F,630720.0,-102.0,0,-11,4.14,123.0
2026-03-19 18:28:04.572050-05:00,41.9596893,-93.8350999,27.7,mid-band,00019C01F,630720.0,-103.0,3,-11,4.66,78.3
2026-03-19 18:28:07.158430-05:00,41.9594259,-93.8351011,16.9,mid-band,00019C01F,630720.0,-103.0,0,-11,8.28,163.0
2026-03-19 18:28:09.733979-05:00,41.9592498,-93.8351035,18.9,mid-band,00019C01F,630720.0,-103.0,-2,-11,4.14,148.0
2026-03-19 18:28:12.311492-05:00,41.9589907,-93.8351053,14.3,mid-band,00019C01F,630720.0,-106.0,-1,-11,4.14,203.0
2026-03-19 18:28:14.884380-05:00,41.9588221,-93.8351058,66.0,mid-band,00019C01F,630720.0,-108.0,-3,-11,4.14,225.0
2026-03-19 18:28:17.509096-05:00,41.9585756,-93.8351061,62.3,mid-band,00019C01F,630720.0,-105.0,0,-10,,
2026-03-19 18:28:20.129852-05:00,41.9583382,-93.8351085,18.1,mid-band,00019C01F,630720.0,-108.0,0,-11,4.14,160.0
2026-03-19 18:28:22.706677-05:00,41.9581834,-93.835108,25.1,mid-band,00019C01F,630720.0,-103.0,0,-10,,
2026-03-19 18:28:25.289987-05:00,41.9579569,-93.835108,19.4,mid-band,00019C01F,630720.0,-108.0,1,-11,4.14,204.0
2026-03-19 18:28:27.868075-05:00,41.9578086,-93.8351085,34.2,mid-band,00019C01F,630720.0,-106.0,1,-11,4.66,181.0
2026-03-19 18:28:30.461042-05:00,41.9570361,-93.8351207,75.8,mid-band,00019C01F,630720.0,-111.0,0,-11,,
2026-03-19 18:28:40.918892-05:00,41.9568026,-93.8351245,70.6,mid-band,00019C01F,630720.0,-111.0,-1,-11,,
2026-03-19 18:28:43.548270-05:00,41.9565777,-93.8351217,103.0,mid-band,00019C01F,630720.0,-111.0,-4,-11,,
2026-03-19 18:28:46.209379-05:00,41.9563533,-93.8351173,159.0,mid-band,00019C01F,630720.0,-114.0,-7,-11,,
2026-03-19 18:28:48.926395-05:00,41.9562038,-93.835116,42.7,mid-band,00019C01F,630720.0,-107.0,0,-11,,
2026-03-19 18:28:51.527622-05:00,41.9559802,-93.8351157,60.3,mid-band,00019C01F,630720.0,-111.0,-3,-11,4.14,46.3
2026-03-19 18:28:54.146523-05:00,41.9557587,-93.8351213,74.9,mid-band,00019C01F,630720.0,-109.0,-4,-11,,
2026-03-19 18:28:56.780156-05:00,41.9556159,-93.8351241,49.6,mid-band,00019C01F,630720.0,-113.0,-8,-12,,
2026-03-19 18:28:59.388236-05:00,41.9554158,-93.8351225,21.0,mid-band,00019C01F,630720.0,-106.0,0,-11,4.14,53.6
2026-03-19 18:29:01.967743-05:00,41.9552933,-93.8351159,36.5,mid-band,00019C01F,630720.0,-112.0,-5,-11,,
2026-03-19 18:29:04.562931-05:00,41.9551116,-93.8351126,31.1,mid-band,00019C01F,630720.0,-109.0,-6,-12,4.66,92.8
2026-03-19 18:29:07.152177-05:00,41.954903,-93.8351177,67.6,mid-band,00019C01F,630720.0,-110.0,-5,-12,4.14,104.0
2026-03-19 18:29:09.778159-05:00,41.9547481,-93.835121,35.5,mid-band,00019C01F,630720.0,-105.0,-5,-11,4.66,65.3
2026-03-19 18:29:12.372426-05:00,41.9545087,-93.8351241,44.7,mid-band,00019C01F,630720.0,-110.0,-4,-11,,
2026-03-19 18:29:14.975437-05:00,41.9543487,-93.8351249,22.8,mid-band,00019C01F,630720.0,-103.0,-4,-11,,
2026-03-19 18:29:17.557003-05:00,41.9541125,-93.8351242,46.9,mid-band,00019C01F,630720.0,-104.0,-5,-11,,
2026-03-19 18:29:20.162368-05:00,41.9538877,-93.8351259,20.7,mid-band,00019C01F,630720.0,-111.0,-4,-11,4.66,53.2
2026-03-19 18:29:22.741734-05:00,41.953743,-93.8351265,92.0,mid-band,00019C01F,630720.0,-102.0,-5,-11,,
2026-03-19 18:29:25.392347-05:00,41.9535312,-93.8351248,35.7,mid-band,00019C01F,630720.0,-106.0,-5,-11,,
2026-03-19 18:29:27.986602-05:00,41.9533929,-93.8351226,55.9,mid-band,00019C01F,630720.0,-105.0,-7,-11,4.14,84.3
2026-03-19 18:29:30.601034-05:00,41.9531882,-93.8351208,24.5,mid-band,00019C01F,630720.0,-107.0,-3,-11,,
2026-03-19 18:29:33.184110-05:00,41.9529806,-93.8351205,33.2,mid-band,00019C01F,630720.0,-103.0,-3,-14,,
2026-03-19 18:29:35.775758-05:00,41.9528376,-93.8351199,,mid-band,FFFFFFFFF,-1.0,-94.0,0,-11,,
2026-03-19 18:29:39.334567-05:00,41.952559,-93.8351179,,,,,,,,,
2026-03-19 18:29:44.995828-05:00,41.9520177,-93.8351081,,mid-band,00019C01F,630720.0,-102.0,0,-11,,
2026-03-19 18:29:51.887473-05:00,41.9517215,-93.8351129,21.5,mid-band,00019C01F,630720.0,-109.0,-4,-11,,
2026-03-19 18:29:54.467661-05:00,41.951495,-93.8351163,11.2,mid-band,00019C01F,630720.0,-96.0,7,-11,9.32,79.5
2026-03-19 18:29:57.036992-05:00,41.9513444,-93.8351169,,mid-band,00019C01F,630720.0,-109.0,-2,-12,4.14,87.4
2026-03-19 18:30:00.595703-05:00,41.9510474,-93.8351253,27.1,mid-band,00019C01F,630720.0,-105.0,-3,-11,,
2026-03-19 18:30:03.181481-05:00,41.9508554,-93.8351267,78.8,mid-band,00019C01F,630720.0,-109.0,-8,-18,,
2026-03-19 18:30:05.818991-05:00,41.9507718,-93.8351251,,mid-band,FFFFFFFFF,-1.0,-96.0,0,-11,4.66,52.9
2026-03-19 18:30:10.428897-05:00,41.9507336,-93.8351234,,,,,,,,,
2026-03-19 18:30:16.090150-05:00,41.950668,-93.8349995,,,,,,,,,
2026-03-19 18:30:21.751446-05:00,41.9506571,-93.8347498,,,,,,,,,
2026-03-19 18:30:27.412425-05:00,41.9506503,-93.8342873,,,,,,,,,
2026-03-19 18:30:33.073699-05:00,41.9506457,-93.8339398,,,,,,,,,
2026-03-19 18:30:38.734942-05:00,41.9506421,-93.8335014,,,,,,,,,
2026-03-19 18:30:44.395811-05:00,41.9506464,-93.8330254,,,,,,,,,
2026-03-19 18:30:50.055976-05:00,41.9506426,-93.8319351,,,,,,,,,
2026-03-19 18:31:03.951878-05:00,41.9506404,-93.8314852,,,,,,,,,
2026-03-19 18:31:09.612710-05:00,41.9506371,-93.8310273,,,,,,,,,
2026-03-19 18:31:15.273982-05:00,41.9506418,-93.8305447,,,,,,,,,
2026-03-19 18:31:20.935102-05:00,41.9506432,-93.8301216,,,,,,,,,
2026-03-19 18:31:26.596268-05:00,41.950644,-93.8296166,,,,,,,,,
2026-03-19 18:31:32.256725-05:00,41.9506341,-93.8290587,,,,,,,,,
2026-03-19 18:31:37.917401-05:00,41.950632,-93.8286104,,,,,,,,,
2026-03-19 18:31:43.578684-05:00,41.9506418,-93.8280733,,,,,,,,,
2026-03-19 18:31:49.239926-05:00,41.9506461,-93.8275233,,,,,,,,,
2026-03-19 18:31:54.901100-05:00,41.9506458,-93.82702,,,,,,,,,
2026-03-19 18:32:00.562294-05:00,41.9506307,-93.8255835,,,,,,,,,
2026-03-19 18:32:13.953975-05:00,41.9506296,-93.8249363,,,,,,,,,
2026-03-19 18:32:19.615147-05:00,41.9506274,-93.8242998,,,,,,,,,
2026-03-19 18:32:25.276396-05:00,41.9506339,-93.8236438,,,,,,,,,
2026-03-19 18:32:30.937665-05:00,41.9506276,-93.8231026,,,,,,,,,
2026-03-19 18:32:36.598881-05:00,41.9506182,-93.8224949,,,,,,,,,
2026-03-19 18:32:42.260151-05:00,41.9506167,-93.8219235,,,,,,,,,
2026-03-19 18:32:47.921326-05:00,41.9506097,-93.8214471,,,,,,,,,
2026-03-19 18:32:53.582602-05:00,41.9506073,-93.8208511,,,,,,,,,
2026-03-19 18:32:59.243774-05:00,41.9506139,-93.8202328,,,,,,,,,
2026-03-19 18:33:04.905062-05:00,41.9506185,-93.8197151,,,,,,,,,
2026-03-19 18:33:10.566317-05:00,41.9506177,-93.8183718,,,,,,,,,
2026-03-19 18:33:23.956677-05:00,41.9506124,-93.8177529,,,,,,,,,
2026-03-19 18:33:29.617928-05:00,41.9506114,-93.8171213,,,,,,,,,
2026-03-19 18:33:35.279295-05:00,41.9506119,-93.816491,,,,,,,,,
2026-03-19 18:33:40.940789-05:00,41.9506161,-93.8160456,,,,,,,,,
2026-03-19 18:33:46.602148-05:00,41.950615,-93.8159422,,,,,,,,,
2026-03-19 18:33:52.263485-05:00,41.9506192,-93.8158566,,,,,,,,,
2026-03-19 18:33:57.924637-05:00,41.950617,-93.8155456,,,,,,,,,
2026-03-19 18:34:03.585887-05:00,41.9506178,-93.8151237,,,,,,,,,
2026-03-19 18:34:09.247066-05:00,41.9506138,-93.8146647,,,,,,,,,
2026-03-19 18:34:14.908307-05:00,41.9506149,-93.8142786,,,,,,,,,
2026-03-19 18:34:20.569653-05:00,41.9506085,-93.8132619,,,,,,,,,
2026-03-19 18:34:33.953423-05:00,41.9506059,-93.8127769,,,,,,,,,
2026-03-19 18:34:39.614651-05:00,41.9506018,-93.8122718,,,,,,,,,
2026-03-19 18:34:45.275353-05:00,41.9506053,-93.8117249,,,,,,,,,
2026-03-19 18:34:50.935947-05:00,41.9506089,-93.811214,,,,,,,,,
2026-03-19 18:34:56.596687-05:00,41.950607,-93.8106201,,,,,,,,,
2026-03-19 18:35:02.257899-05:00,41.9506019,-93.8100507,,,,,,,,,
2026-03-19 18:35:07.918995-05:00,41.9506044,-93.8095783,,,,,,,,,
2026-03-19 18:35:13.580681-05:00,41.9506069,-93.8090578,,,,,,,,,
2026-03-19 18:35:19.241936-05:00,41.9506023,-93.8084968,,,,,,,,,
2026-03-19 18:35:24.903281-05:00,41.950604,-93.8080683,,,,,,,,,
2026-03-19 18:35:30.564480-05:00,41.9505955,-93.8071715,,,,,,,,,
2026-03-19 18:35:43.950594-05:00,41.9505953,-93.806683,,,,,,,,,
2026-03-19 18:35:49.612177-05:00,41.9505941,-93.8061819,,,,,,,,,
2026-03-19 18:35:55.273435-05:00,41.9505913,-93.8056167,,,,,,,,,
2026-03-19 18:36:00.934647-05:00,41.9505905,-93.8051075,,,,,,,,,
2026-03-19 18:36:06.595737-05:00,41.9505868,-93.8044986,,,,,,,,,
2026-03-19 18:36:12.257033-05:00,41.9505917,-93.8039153,,,,,,,,,
2026-03-19 18:36:17.917406-05:00,41.9505994,-93.8034168,,,,,,,,,
2026-03-19 18:36:23.578558-05:00,41.9505952,-93.802832,,,,,,,,,
2026-03-19 18:36:29.239796-05:00,41.9505961,-93.8022639,,,,,,,,,
2026-03-19 18:36:34.901063-05:00,41.9505912,-93.8017861,,,,,,,,,
2026-03-19 18:36:40.562465-05:00,41.9505927,-93.8005618,,,,,,,,,
2026-03-19 18:36:53.957414-05:00,41.9505923,-93.799994,,,,,,,,,
2026-03-19 18:36:59.618635-05:00,41.9505925,-93.7993581,,,,,,,,,
2026-03-19 18:37:05.279812-05:00,41.9505992,-93.7987241,,,,,,,,,
2026-03-19 18:37:10.941115-05:00,41.9505979,-93.7982091,,,,,,,,,
2026-03-19 18:37:16.601408-05:00,41.9505883,-93.7976119,,,,,,,,,
2026-03-19 18:37:22.262587-05:00,41.9505877,-93.797035,,,,,,,,,
2026-03-19 18:37:27.923883-05:00,41.9505833,-93.7965335,,,,,,,,,
2026-03-19 18:37:33.585039-05:00,41.9505813,-93.7959148,,,,,,,,,
2026-03-19 18:37:39.246427-05:00,41.9506465,-93.7954795,,,,,,,,,
2026-03-19 18:37:44.907377-05:00,41.9508814,-93.795403,,,,,,,,,
2026-03-19 18:37:50.568740-05:00,41.9518138,-93.7954095,,,,,,,,,
2026-03-19 18:38:03.947893-05:00,41.9523222,-93.7954198,,,,,,,,,
2026-03-19 18:38:09.609146-05:00,41.9528301,-93.7954239,,,,,,,,,
2026-03-19 18:38:15.270460-05:00,41.9533841,-93.7954177,,,,,,,,,
2026-03-19 18:38:20.931694-05:00,41.9538344,-93.795415,,,,,,,,,
2026-03-19 18:38:26.592901-05:00,41.9543402,-93.7954127,,,,,,,,,
2026-03-19 18:38:32.253430-05:00,41.9548463,-93.7954153,,,,,,,,,
2026-03-19 18:38:37.914732-05:00,41.9552512,-93.7954182,,,,,,,,,
2026-03-19 18:38:43.575653-05:00,41.9557342,-93.79542,,,,,,,,,
2026-03-19 18:38:49.236680-05:00,41.956246,-93.7954133,,,,,,,,,
2026-03-19 18:38:54.897408-05:00,41.956665,-93.7954187,,,,,,,,,
2026-03-19 18:39:00.558541-05:00,41.9577364,-93.7954115,,,,,,,,,
2026-03-19 18:39:13.947096-05:00,41.9581615,-93.7954189,,,,,,,,,
2026-03-19 18:39:19.608332-05:00,41.9586135,-93.7954202,,,,,,,,,
2026-03-19 18:39:25.268687-05:00,41.9590532,-93.7954209,,,,,,,,,
2026-03-19 18:39:30.929473-05:00,41.959399,-93.7954225,,,,,,,,,
2026-03-19 18:39:36.590733-05:00,41.9598441,-93.7954275,,,,,,,,,
2026-03-19 18:39:42.251969-05:00,41.9603278,-93.7954254,,,,,,,,,
2026-03-19 18:39:47.913364-05:00,41.9607292,-93.7954293,,,,,,,,,
2026-03-19 18:39:53.574561-05:00,41.9611937,-93.795432,,,,,,,,,
2026-03-19 18:39:59.235984-05:00,41.9616474,-93.7954343,,,,,,,,,
2026-03-19 18:40:04.896684-05:00,41.9620009,-93.7954327,,,,,,,,,
2026-03-19 18:40:10.558006-05:00,41.9628676,-93.795433,,,,,,,,,
2026-03-19 18:40:23.950302-05:00,41.9633086,-93.7954364,,,,,,,,,
2026-03-19 18:40:29.611625-05:00,41.963782,-93.7954407,,,,,,,,,
2026-03-19 18:40:35.273002-05:00,41.9642478,-93.7954322,,,,,,,,,
2026-03-19 18:40:40.934465-05:00,41.9646031,-93.7954339,,,,,,,,,
2026-03-19 18:40:46.595703-05:00,41.9649468,-93.7954261,,,,,,,,,
2026-03-19 18:40:52.257053-05:00,41.965016,-93.7954282,,,,,,,,,
2026-03-19 18:40:57.918390-05:00,41.9651256,-93.7956186,,,,,,,,,
2026-03-19 18:41:03.579623-05:00,41.9651283,-93.7962405,,,,,,,,,
2026-03-19 18:41:09.240014-05:00,41.9651333,-93.7971555,,,,,,,,,
2026-03-19 18:41:14.900693-05:00,41.9651358,-93.7980686,,,,,,,,,
2026-03-19 18:41:20.561410-05:00,41.9651411,-93.8003173,,,,,,,,,
2026-03-19 18:41:33.951737-05:00,41.9651434,-93.8013492,,,,,,,,,
2026-03-19 18:41:39.612904-05:00,41.9651458,-93.8025115,,mid-band,00019C01F,630720.0,-91.0,5,-10,,
2026-03-19 18:41:44.223056-05:00,41.9651452,-93.803594,18.8,mid-band,00019C01F,630720.0,-99.0,-5,-11,4.66,108.0
2026-03-19 18:41:46.800688-05:00,41.9651457,-93.8040487,16.7,mid-band,00019C01F,630720.0,-102.0,-5,-11,8.8,155.0
2026-03-19 18:41:49.376169-05:00,41.9651489,-93.8047361,32.7,mid-band,00019C01F,630720.0,-103.0,-8,-17,15.5,179.0
2026-03-19 18:41:51.967618-05:00,41.9651488,-93.8051742,19.8,mid-band,00019C01F,630720.0,-107.0,-5,-12,,
2026-03-19 18:41:54.545468-05:00,41.9651489,-93.805812,45.3,mid-band,00019C01F,630720.0,-96.0,-4,-11,6.21,170.0
2026-03-19 18:41:57.149579-05:00,41.965149,-93.8064671,,,,,,,,7.76,172.0
2026-03-19 18:42:02.810922-05:00,41.9651522,-93.8076088,,,,,,,,,
2026-03-19 18:42:08.472201-05:00,41.9651524,-93.8089994,,,,,,,,,
2026-03-19 18:42:14.133478-05:00,41.9651532,-93.8104078,,,,,,,,,
2026-03-19 18:42:19.794605-05:00,41.9651574,-93.8115975,,,,,,,,,
2026-03-19 18:42:25.455840-05:00,41.9651575,-93.8130299,,,,,,,,,
2026-03-19 18:42:31.117134-05:00,41.965159,-93.8151557,,,,,,,,,
2026-03-19 18:42:43.444741-05:00,41.9651563,-93.8154466,,,,,,,,,
2026-03-19 18:42:49.105943-05:00,41.9651454,-93.8155358,,,,,,,,,
2026-03-19 18:42:54.767218-05:00,41.9648383,-93.8156684,,,,,,,,,
2026-03-19 18:43:00.428038-05:00,41.9642322,-93.8156673,,mid-band,00019C01F,630720.0,-96.0,3,-11,,
2026-03-19 18:43:05.038031-05:00,41.9637379,-93.8156646,,mid-band,FFFFFFFFF,-1.0,-100.0,0,-13,,
2026-03-19 18:43:08.596815-05:00,41.9631912,-93.8156694,40.4,mid-band,00019C01F,630720.0,-104.0,-14,-12,,
2026-03-19 18:43:11.195959-05:00,41.9627359,-93.8156662,,,,,,,,,
2026-03-19 18:43:16.857155-05:00,41.9619352,-93.8156699,,,,,,,,,
2026-03-19 18:43:22.518329-05:00,41.9609617,-93.8156711,,,,,,,,,
2026-03-19 18:43:28.179618-05:00,41.9599479,-93.8156711,,,,,,,,,
2026-03-19 18:43:33.840433-05:00,41.9590809,-93.8156753,,,,,,,,,
2026-03-19 18:43:39.501738-05:00,41.958038,-93.8156818,,,,,,,,,
2026-03-19 18:43:45.163176-05:00,41.9546111,-93.8157052,,,,,,,,,
2026-03-19 18:44:04.952720-05:00,41.9531882,-93.8157167,,,,,,,,,
2026-03-19 18:44:10.613915-05:00,41.9520051,-93.8157267,,,,,,,,,
2026-03-19 18:44:16.275103-05:00,41.9510519,-93.8157366,,,,,,,,,
2026-03-19 18:44:21.936318-05:00,41.950643,-93.8156027,,,,,,,,,
2026-03-19 18:44:27.596707-05:00,41.9506123,-93.8151026,,,,,,,,,
2026-03-19 18:44:33.257933-05:00,41.9506169,-93.8144506,,,,,,,,,
2026-03-19 18:44:38.919022-05:00,41.9506193,-93.8137579,,,,,,,,,
2026-03-19 18:44:44.580125-05:00,41.9506183,-93.8127692,,,,,,,,,
2026-03-19 18:44:50.241249-05:00,41.9506185,-93.8115654,,,,,,,,,
2026-03-19 18:44:55.902580-05:00,41.950617,-93.8103904,,,,,,,,,
2026-03-19 18:45:01.563743-05:00,41.9506183,-93.8072749,,,,,,,,,
2026-03-19 18:45:13.438509-05:00,41.9506194,-93.8056137,,,,,,,,,
2026-03-19 18:45:19.099752-05:00,41.9506179,-93.8039017,,,,,,,,,
2026-03-19 18:45:24.761061-05:00,41.9506181,-93.8024065,,,,,,,,,
2026-03-19 18:45:30.422286-05:00,41.9506136,-93.8007385,,,,,,,,,
2026-03-19 18:45:36.083609-05:00,41.9506218,-93.7993284,,,,,,,,,
2026-03-19 18:45:41.745082-05:00,41.9506185,-93.7981486,,,,,,,,,
2026-03-19 18:45:47.406382-05:00,41.9506169,-93.7967554,,,,,,,,,
2026-03-19 18:45:53.067607-05:00,41.9506142,-93.7957253,,,,,,,,,
2026-03-19 18:45:58.728010-05:00,41.9506935,-93.7954082,,,,,,,,,
2026-03-19 18:46:04.389255-05:00,41.9509266,-93.7953749,,,,,,,,,
2026-03-19 18:46:10.050473-05:00,41.951104,-93.7953612,,,,,,,,,
2026-03-19 18:46:23.941957-05:00,41.9514199,-93.795363,,,,,,,,,
2026-03-19 18:46:29.603226-05:00,41.9517965,-93.7953593,,,,,,,,,
2026-03-19 18:46:35.264052-05:00,41.952188,-93.7953554,,,,,,,,,
2026-03-19 18:46:40.925217-05:00,41.952559,-93.7953525,,,,,,,,,
2026-03-19 18:46:46.586394-05:00,41.9530315,-93.795354,,,,,,,,,
2026-03-19 18:46:52.247602-05:00,41.9535091,-93.7953584,,,,,,,,,
2026-03-19 18:46:57.908972-05:00,41.9539111,-93.7953595,,,,,,,,,
2026-03-19 18:47:03.570277-05:00,41.954418,-93.7953608,,,,,,,,,
2026-03-19 18:47:09.231716-05:00,41.9549407,-93.7953603,,,,,,,,,
2026-03-19 18:47:14.892717-05:00,41.9553685,-93.7953632,,,,,,,,,
2026-03-19 18:47:20.553406-05:00,41.9564648,-93.7953667,19.4,mid-band,00019C01F,630720.0,-97.0,4,-11,,
2026-03-19 18:47:30.862488-05:00,41.9567165,-93.7953716,35.3,mid-band,00019C01F,630720.0,-95.0,5,-11,,
2026-03-19 18:47:33.456494-05:00,41.9569763,-93.7953762,22.3,mid-band,00019C01F,630720.0,-95.0,3,-11,,
2026-03-19 18:47:36.037493-05:00,41.9571545,-93.7953778,25.7,mid-band,00019C01F,630720.0,-95.0,3,-11,,
2026-03-19 18:47:38.622020-05:00,41.9574178,-93.7953786,16.6,mid-band,00019C01F,630720.0,-94.0,2,-11,,
2026-03-19 18:47:41.197352-05:00,41.9576677,-93.7953804,25.9,mid-band,00019C01F,630720.0,-95.0,-3,-11,,
2026-03-19 18:47:43.781451-05:00,41.9578347,-93.7953795,27.2,mid-band,00019C01F,630720.0,-97.0,1,-11,,
2026-03-19 18:47:46.367369-05:00,41.9580895,-93.7953757,11.4,mid-band,00019C01F,630720.0,-95.0,2,-11,,
2026-03-19 18:47:48.937415-05:00,41.9582632,-93.7953748,36.3,mid-band,00019C01F,630720.0,-98.0,0,-11,,
2026-03-19 18:47:51.532333-05:00,41.9585151,-93.7953761,15.9,mid-band,00019C01F,630720.0,-101.0,-1,-11,,
2026-03-19 18:47:54.106833-05:00,41.9587531,-93.7953795,99.6,mid-band,00019C01F,630720.0,-107.0,-8,-11,,
2026-03-19 18:47:56.765236-05:00,41.9589106,-93.7953832,,,,,,,,,
2026-03-19 18:48:02.426479-05:00,41.9593688,-93.7953875,,,,,,,,,
2026-03-19 18:48:08.087570-05:00,41.9597978,-93.7953857,,,,,,,,,
2026-03-19 18:48:13.748893-05:00,41.960134,-93.7953876,,,,,,,,,
2026-03-19 18:48:19.410354-05:00,41.9605553,-93.7953909,,,,,,,,,
2026-03-19 18:48:25.071594-05:00,41.9609225,-93.7953929,,,,,,,,,
2026-03-19 18:48:30.732976-05:00,41.9618784,-93.7953883,,,,,,,,,
2026-03-19 18:48:43.947269-05:00,41.9623191,-93.7953885,,,,,,,,,
2026-03-19 18:48:49.608032-05:00,41.96277,-93.7953928,,,,,,,,,
2026-03-19 18:48:55.269329-05:00,41.9632116,-93.795395,,,,,,,,,
2026-03-19 18:49:00.930510-05:00,41.9635809,-93.7953954,,,,,,,,,
2026-03-19 18:49:06.591670-05:00,41.9640148,-93.7954022,,,,,,,,,
2026-03-19 18:49:12.252940-05:00,41.9644241,-93.7954082,,,,,,,,,
2026-03-19 18:49:17.914320-05:00,41.9647418,-93.795403,,,,,,,,,
2026-03-19 18:49:23.575545-05:00,41.9649447,-93.7953954,,,,,,,,,
2026-03-19 18:49:29.236774-05:00,41.9649987,-93.7953927,,,,,,,,,
2026-03-19 18:49:34.897403-05:00,41.9652325,-93.7953974,,,,,,,,,
2026-03-19 18:49:40.558642-05:00,41.9658015,-93.7954092,,mid-band,00019C01F,630720.0,-103.0,0,-12,,
2026-03-19 18:49:53.959491-05:00,41.9658006,-93.7954069,88.2,mid-band,00019C01F,630720.0,-102.0,0,-14,5.18,101.0
2026-03-19 18:49:56.606506-05:00,41.9658007,-93.7954064,76.3,mid-band,00019C01F,630720.0,-103.0,0,-13,6.21,233.0
2026-03-19 18:49:59.241490-05:00,41.965802,-93.7954058,33.0,mid-band,00019C01F,630720.0,-103.0,0,-11,9.83,206.0
2026-03-19 18:50:01.832771-05:00,41.9658044,-93.7954062,10.9,mid-band,00019C01F,630720.0,-98.0,0,-11,8.8,237.0
2026-03-19 18:50:04.402530-05:00,41.9658354,-93.7954073,28.2,mid-band,00019C01F,630720.0,-94.0,7,-10,9.32,233.0
2026-03-19 18:50:06.989297-05:00,41.9658921,-93.7954076,17.0,mid-band,00019C01F,630720.0,-95.0,5,-11,14.0,245.0
2026-03-19 18:50:09.564775-05:00,41.9660085,-93.7954068,24.6,mid-band,00019C01F,630720.0,-94.0,4,-11,8.8,172.0
2026-03-19 18:50:12.147782-05:00,41.9661424,-93.7954072,22.0,mid-band,00019C01F,630720.0,-94.0,7,-11,17.6,264.0
2026-03-19 18:50:14.728196-05:00,41.9662445,-93.7954076,18.6,mid-band,00019C01F,630720.0,-93.0,7,-11,17.6,280.0
2026-03-19 18:50:17.305075-05:00,41.966414,-93.7954089,23.3,mid-band,00019C01F,630720.0,-92.0,5,-11,15.0,274.0
2026-03-19 18:50:19.886848-05:00,41.9665321,-93.7954105,14.5,mid-band,00019C01F,630720.0,-93.0,6,-11,28.5,268.0
2026-03-19 18:50:22.459678-05:00,41.966721,-93.7954116,19.2,mid-band,00019C01F,630720.0,-91.0,2,-11,21.0,251.0
2026-03-19 18:50:25.036954-05:00,41.9668539,-93.7954098,17.0,mid-band,00019C01F,630720.0,-91.0,1,-11,31.5,275.0
2026-03-19 18:50:27.612665-05:00,41.9670537,-93.7954109,19.4,mid-band,00019C01F,630720.0,-86.0,7,-10,41.9,191.0
2026-03-19 18:50:30.190616-05:00,41.9672526,-93.7954149,21.8,mid-band,00019C01F,630720.0,-96.0,6,-10,62.9,268.0
2026-03-19 18:50:32.771302-05:00,41.967387,-93.7954198,29.4,mid-band,00019C01F,630720.0,-80.0,13,-10,62.9,271.0
2026-03-19 18:50:35.359276-05:00,41.9675914,-93.7954276,23.6,mid-band,00019C01F,630720.0,-83.0,11,-10,73.4,254.0
2026-03-19 18:50:37.941979-05:00,41.96773,-93.795431,28.6,mid-band,00019C01F,630720.0,-81.0,11,-10,62.9,265.0
2026-03-19 18:50:40.529660-05:00,41.9679393,-93.7954326,16.7,mid-band,00019C01F,630720.0,-92.0,4,-11,31.5,241.0
2026-03-19 18:50:43.105331-05:00,41.9681422,-93.7954344,19.5,mid-band,00019C01F,630720.0,-99.0,-3,-11,10.5,174.0
2026-03-19 18:50:45.683631-05:00,41.9682669,-93.7954359,13.3,mid-band,00019C01F,630720.0,-100.0,-1,-11,10.5,216.0
2026-03-19 18:50:48.255288-05:00,41.9684695,-93.7954369,177.0,mid-band,00019C01F,630720.0,-99.0,1,-11,10.5,98.5
2026-03-19 18:50:50.990557-05:00,41.9691215,-93.7954375,12.1,mid-band,00019C01F,630720.0,-101.0,-6,-11,10.5,63.0
2026-03-19 18:51:00.861405-05:00,41.9693182,-93.795436,,mid-band,00019C01F,630720.0,-101.0,-3,-11,10.5,43.3
2026-03-19 18:51:04.420182-05:00,41.9695725,-93.7954336,,,,,,,,,
2026-03-19 18:51:10.081144-05:00,41.9699593,-93.7954412,,,,,,,,,
2026-03-19 18:51:15.742504-05:00,41.9702901,-93.7954432,,,,,,,,,
2026-03-19 18:51:21.403467-05:00,41.9707243,-93.7954438,,,,,,,,,
2026-03-19 18:51:27.064629-05:00,41.9710902,-93.7954435,,,,,,,,,
2026-03-19 18:51:32.725869-05:00,41.9714855,-93.7954498,,,,,,,,,
2026-03-19 18:51:38.387018-05:00,41.971893,-93.795449,,,,,,,,,
2026-03-19 18:51:44.048603-05:00,41.9722694,-93.7954492,,,,,,,,,
2026-03-19 18:51:49.709910-05:00,41.9727393,-93.7954561,,,,,,,,,
2026-03-19 18:51:55.371213-05:00,41.9731993,-93.7954627,,,,,,,,,
2026-03-19 18:52:01.031978-05:00,41.9740823,-93.7954731,,mid-band,00019C01F,630720.0,-44.0,0,-3,,
2026-03-19 18:52:11.852648-05:00,41.9743901,-93.795471,,,,,,,,,
2026-03-19 18:52:17.514085-05:00,41.9748524,-93.7954792,,,,,,,,,
2026-03-19 18:52:23.175375-05:00,41.9753053,-93.795482,,,,,,,,,
2026-03-19 18:52:28.836675-05:00,41.975677,-93.7954845,,,,,,,,,
2026-03-19 18:52:34.497966-05:00,41.9761247,-93.795482,,,,,,,,,
2026-03-19 18:52:40.159246-05:00,41.9765933,-93.7954901,,,,,,,,,
2026-03-19 18:52:45.820066-05:00,41.9769872,-93.7954904,18.8,mid-band,00019C01F,630720.0,-90.0,3,-11,,
2026-03-19 18:52:48.397455-05:00,41.9772226,-93.79549,16.3,mid-band,00019C01F,630720.0,-89.0,5,-10,,
2026-03-19 18:52:50.972380-05:00,41.9773791,-93.7954888,17.3,mid-band,00019C01F,630720.0,-86.0,9,-10,,
2026-03-19 18:52:53.548352-05:00,41.977614,-93.7954899,9.88,mid-band,00019C01F,630720.0,-87.0,10,-10,,
2026-03-19 18:52:56.116933-05:00,41.977854,-93.7954931,25.9,mid-band,00019C01F,630720.0,-85.0,9,-10,41.4,86.0
2026-03-19 18:52:58.701775-05:00,41.9780187,-93.7954981,16.6,mid-band,00019C01F,630720.0,-88.0,7,-10,39.0,297.0
2026-03-19 18:53:01.277197-05:00,41.9782707,-93.7955024,16.1,mid-band,00019C01F,630720.0,-87.0,3,-11,31.5,245.0
2026-03-19 18:53:03.852337-05:00,41.9784402,-93.7955015,17.3,mid-band,00019C01F,630720.0,-89.0,5,-11,21.0,193.0
2026-03-19 18:53:06.428263-05:00,41.9786909,-93.7954989,22.7,mid-band,00019C01F,630720.0,-88.0,1,-11,31.5,274.0
2026-03-19 18:53:09.009487-05:00,41.9788496,-93.7954964,21.5,mid-band,00019C01F,630720.0,-89.0,3,-11,31.5,248.0
2026-03-19 18:53:11.589951-05:00,41.9795118,-93.7954905,,mid-band,FFFFFFFFF,-1.0,-103.0,-20,-20,21.0,235.0
2026-03-19 18:53:22.404572-05:00,41.9798578,-93.7954988,,mid-band,FFFFFFFFF,-1.0,-97.0,0,-11,,
2026-03-19 18:53:25.963337-05:00,41.9800804,-93.7954971,,,,,,,,,
2026-03-19 18:53:31.624660-05:00,41.9805293,-93.7955007,,,,,,,,,
2026-03-19 18:53:37.286012-05:00,41.9809458,-93.7955134,,,,,,,,,
2026-03-19 18:53:42.947601-05:00,41.9812778,-93.7955109,,,,,,,,,
2026-03-19 18:53:48.608960-05:00,41.9817129,-93.795521,,,,,,,,,
2026-03-19 18:53:54.270328-05:00,41.9821707,-93.7955233,,,,,,,,,
2026-03-19 18:53:59.931616-05:00,41.9825432,-93.7955211,,,,,,,,,
2026-03-19 18:54:05.592919-05:00,41.9830014,-93.7955194,,,,,,,,,
2026-03-19 18:54:11.254282-05:00,41.9834753,-93.7955226,,,,,,,,,
2026-03-19 18:54:16.915350-05:00,41.9838676,-93.7955257,,,,,,,,,
2026-03-19 18:54:22.576692-05:00,41.9848273,-93.7955479,,,,,,,,,
2026-03-19 18:54:33.461810-05:00,41.9853817,-93.7955517,,,,,,,,,
2026-03-19 18:54:39.123026-05:00,41.9859252,-93.7955546,,,,,,,,,
2026-03-19 18:54:44.784031-05:00,41.9863895,-93.7955672,,,,,,,,,
2026-03-19 18:54:50.445432-05:00,41.986936,-93.7955794,,,,,,,,,
2026-03-19 18:54:56.106648-05:00,41.9874674,-93.7955942,,,,,,,,,
2026-03-19 18:55:01.767959-05:00,41.9879375,-93.7955996,,,,,,,,,
2026-03-19 18:55:07.428694-05:00,41.9884743,-93.7956041,,mid-band,00019C01F,630720.0,-99.0,6,-10,,
2026-03-19 18:55:10.987394-05:00,41.9887399,-93.7956047,16.1,mid-band,00019C01F,630720.0,-101.0,2,-11,,
2026-03-19 18:55:13.562040-05:00,41.9890027,-93.7956057,23.4,mid-band,00019C01F,630720.0,-103.0,1,-11,,
2026-03-19 18:55:16.143900-05:00,41.9892601,-93.7956062,33.1,mid-band,00019C01F,630720.0,-104.0,1,-11,,
2026-03-19 18:55:18.735693-05:00,41.9894281,-93.7956094,9.06,mid-band,00019C01F,630720.0,-105.0,1,-11,,
2026-03-19 18:55:21.303567-05:00,41.9896669,-93.7956169,78.3,mid-band,00019C01F,630720.0,-102.0,3,-11,4.14,143.0
2026-03-19 18:55:23.940699-05:00,41.9898185,-93.7956189,24.0,mid-band,00019C01F,630720.0,-92.0,8,-10,3.11,150.0
2026-03-19 18:55:26.523558-05:00,41.9900369,-93.7956213,22.1,mid-band,00019C01F,630720.0,-95.0,6,-10,9.84,187.0
2026-03-19 18:55:29.103994-05:00,41.9902541,-93.7956266,16.4,mid-band,00019C01F,630720.0,-97.0,3,-11,9.32,199.0
2026-03-19 18:55:31.678704-05:00,41.990855,-93.7956462,18.8,mid-band,00019C01F,630720.0,-88.0,6,-10,33.6,273.0
2026-03-19 18:55:40.377321-05:00,41.9911048,-93.7956497,,mid-band,00019C01F,630720.0,-95.0,0,-11,41.9,248.0
2026-03-19 18:55:43.936275-05:00,41.9913747,-93.7956533,11.2,mid-band,00019C01F,630720.0,-94.0,2,-11,10.5,65.3
2026-03-19 18:55:46.505733-05:00,41.9916603,-93.7956477,72.2,mid-band,00019C01F,630720.0,-91.0,0,-10,21.0,162.0
2026-03-19 18:55:49.136833-05:00,41.991941,-93.7956468,,,,,,,,,
2026-03-19 18:55:54.797414-05:00,41.9923963,-93.7956489,251.0,mid-band,00019C01F,630720.0,-97.0,-2,-11,,
2026-03-19 18:55:57.607011-05:00,41.9926541,-93.7956504,11.4,mid-band,00019C01F,630720.0,-97.0,-3,-11,,
2026-03-19 18:56:00.177047-05:00,41.9929062,-93.7956533,13.9,mid-band,00019C01F,630720.0,-92.0,5,-10,10.5,17.7
2026-03-19 18:56:02.748932-05:00,41.9930775,-93.7956556,17.9,mid-band,00019C01F,630720.0,-89.0,6,-10,21.0,36.0
2026-03-19 18:56:05.325612-05:00,41.9933417,-93.7956568,17.1,mid-band,00019C01F,630720.0,-83.0,8,-10,21.0,60.2
2026-03-19 18:56:07.901357-05:00,41.9935184,-93.7956569,15.8,mid-band,00019C01F,630720.0,-80.0,10,-10,41.9,103.0
2026-03-19 18:56:10.475813-05:00,41.9937629,-93.7956603,15.8,mid-band,00019C01F,630720.0,-82.0,9,-10,52.4,108.0
2026-03-19 18:56:13.050404-05:00,41.9939035,-93.795665,80.8,mid-band,00019C01F,630720.0,-80.0,4,-10,52.4,218.0
2026-03-19 18:56:15.689471-05:00,41.9940987,-93.7956706,31.2,mid-band,00019C01F,630720.0,-80.0,7,-10,62.9,212.0
2026-03-19 18:56:18.279800-05:00,41.9942995,-93.795676,25.0,mid-band,00019C01F,630720.0,-81.0,8,-10,62.9,246.0
2026-03-19 18:56:20.863839-05:00,41.9944422,-93.7956789,27.8,mid-band,00019C01F,630720.0,-80.0,6,-10,52.4,257.0
2026-03-19 18:56:23.450741-05:00,41.9946578,-93.7956814,24.9,mid-band,00019C01F,630720.0,-81.0,6,-10,52.4,235.0
2026-03-19 18:56:26.034704-05:00,41.9948082,-93.795682,30.3,mid-band,00019C01F,630720.0,-79.0,8,-10,62.9,247.0
2026-03-19 18:56:28.623579-05:00,41.9950462,-93.7956883,25.4,mid-band,00019C01F,630720.0,-78.0,9,-10,73.4,252.0
2026-03-19 18:56:31.207539-05:00,41.9952885,-93.7956961,20.6,mid-band,00019C01F,630720.0,-76.0,11,-10,52.4,189.0
2026-03-19 18:56:33.787222-05:00,41.9954542,-93.7956997,27.7,mid-band,00019C01F,630720.0,-76.0,8,-10,73.4,258.0
2026-03-19 18:56:36.373484-05:00,41.995705,-93.795706,30.3,mid-band,00019C01F,630720.0,-72.0,14,-10,83.9,247.0
2026-03-19 18:56:38.963002-05:00,41.9958722,-93.7957119,26.7,mid-band,00019C01F,630720.0,-77.0,10,-10,94.4,233.0
2026-03-19 18:56:41.548834-05:00,41.9966209,-93.7957293,43.9,mid-band,00019C01F,630720.0,-80.0,5,-10,73.4,246.0
2026-03-19 18:56:50.399053-05:00,41.9968684,-93.7957341,35.1,mid-band,00019C01F,630720.0,-78.0,9,-10,52.4,183.0
2026-03-19 18:56:52.993423-05:00,41.9970314,-93.7957358,39.5,mid-band,00019C01F,630720.0,-77.0,13,-10,94.4,246.0
2026-03-19 18:56:55.592020-05:00,41.997271,-93.7957387,40.3,mid-band,00019C01F,630720.0,-78.0,12,-10,83.9,254.0
2026-03-19 18:56:58.191283-05:00,41.9975067,-93.7957457,39.1,mid-band,00019C01F,630720.0,-79.0,10,-10,83.9,254.0
2026-03-19 18:57:00.789486-05:00,41.997663,-93.7957502,35.6,mid-band,00019C01F,630720.0,-78.0,9,-10,73.4,255.0
2026-03-19 18:57:03.384223-05:00,41.9978966,-93.7957562,32.3,mid-band,00019C01F,630720.0,-80.0,9,-10,73.4,261.0
2026-03-19 18:57:05.975682-05:00,41.9980555,-93.79576,23.9,mid-band,00019C01F,630720.0,-78.0,10,-10,41.9,162.0
2026-03-19 18:57:08.558636-05:00,41.998299,-93.7957624,20.6,mid-band,00019C01F,630720.0,-77.0,10,-10,83.9,254.0
2026-03-19 18:57:11.138265-05:00,41.9985476,-93.7957682,27.3,mid-band,00019C01F,630720.0,-79.0,9,-10,62.9,253.0
2026-03-19 18:57:13.723781-05:00,41.9987176,-93.7957769,21.1,mid-band,00019C01F,630720.0,-79.0,10,-10,52.4,164.0
2026-03-19 18:57:16.303075-05:00,41.9989753,-93.7957915,27.0,mid-band,00019C01F,630720.0,-79.0,6,-10,94.4,240.0
2026-03-19 18:57:18.888928-05:00,41.9991447,-93.795799,33.7,mid-band,00019C01F,630720.0,-80.0,6,-10,73.4,256.0
2026-03-19 18:57:21.481618-05:00,41.999399,-93.7958068,46.0,mid-band,00019C01F,630720.0,-79.0,9,-10,52.4,187.0
2026-03-19 18:57:24.086373-05:00,41.9995673,-93.7958087,21.1,mid-band,00019C01F,630720.0,-79.0,9,-10,41.9,188.0
2026-03-19 18:57:26.665391-05:00,41.9998259,-93.7958115,26.2,mid-band,00019C01F,630720.0,-79.0,10,-10,41.9,221.0
2026-03-19 18:57:29.250202-05:00,42.0000866,-93.7958157,26.3,mid-band,00019C01F,630720.0,-77.0,12,-10,41.9,204.0
2026-03-19 18:57:31.835146-05:00,42.0002536,-93.7958193,20.0,mid-band,00019C01F,630720.0,-76.0,11,-10,62.9,205.0
2026-03-19 18:57:34.413391-05:00,42.0005006,-93.7958274,21.8,mid-band,00019C01F,630720.0,-77.0,11,-10,83.9,224.0
2026-03-19 18:57:36.993799-05:00,42.0006664,-93.7958346,25.0,mid-band,00019C01F,630720.0,-79.0,11,-10,62.9,173.0
2026-03-19 18:57:39.577419-05:00,42.0009209,-93.7958411,23.7,mid-band,00019C01F,630720.0,-82.0,5,-11,52.4,172.0
2026-03-19 18:57:42.159840-05:00,42.0011758,-93.7958421,327.0,mid-band,00019C01F,630720.0,-79.0,6,-10,73.4,214.0
2026-03-19 18:57:45.045407-05:00,42.0013461,-93.7958456,11.9,mid-band,00019C01F,630720.0,-71.0,13,-10,73.4,75.0
2026-03-19 18:57:47.615996-05:00,42.001612,-93.7958519,,mid-band,00019C01F,630720.0,-87.0,-1,-11,62.9,93.7
2026-03-19 18:57:51.174782-05:00,42.0025098,-93.7958709,183.0,mid-band,00019C01F,630720.0,-78.0,1,-11,,
2026-03-19 18:58:00.537416-05:00,42.0027674,-93.795877,126.0,mid-band,00019C01F,630720.0,-79.0,0,-11,,
2026-03-19 18:58:03.221475-05:00,42.0030152,-93.7958842,208.0,mid-band,00019C01F,630720.0,-79.0,6,-11,,
2026-03-19 18:58:05.988052-05:00,42.003181,-93.7958889,,mid-band,00019C01F,630720.0,-75.0,8,-10,,
2026-03-19 18:58:09.546765-05:00,42.0035183,-93.7958979,,mid-band,00019C01F,630720.0,-78.0,6,-10,,
2026-03-19 18:58:13.105455-05:00,42.0038443,-93.7959042,594.0,mid-band,00019C01F,630720.0,-86.0,2,-11,,
2026-03-19 18:58:16.257460-05:00,42.0040751,-93.7959098,,mid-band,00019C01F,630720.0,-77.0,9,-11,,
2026-03-19 18:58:19.816037-05:00,42.0043105,-93.7959198,,mid-band,00019C01F,630720.0,-83.0,-1,-11,,
2026-03-19 18:58:23.374566-05:00,42.0046172,-93.7959295,13.8,mid-band,00019C01F,630720.0,-85.0,1,-11,,
2026-03-19 18:58:25.946769-05:00,42.0047673,-93.7959327,741.0,mid-band,00019C01F,630720.0,-89.0,-2,-11,,
2026-03-19 18:58:29.245437-05:00,42.0050727,-93.7959428,22.4,mid-band,00019C01F,630720.0,-83.0,4,-11,,
2026-03-19 18:58:31.825465-05:00,42.0052282,-93.7959488,512.0,mid-band,00019C01F,630720.0,-89.0,-5,-11,,
2026-03-19 18:58:34.895966-05:00,42.0054646,-93.7959589,22.5,mid-band,00019C01F,630720.0,-82.0,-2,-11,,
2026-03-19 18:58:37.477143-05:00,42.0056824,-93.7959673,15.1,mid-band,00019C01F,630720.0,-82.0,1,-11,10.5,86.5
2026-03-19 18:58:40.050579-05:00,42.005824,-93.7959742,12.5,mid-band,00019C01F,630720.0,-81.0,5,-11,10.5,96.2
2026-03-19 18:58:42.621457-05:00,42.0060417,-93.7959845,33.1,mid-band,00019C01F,630720.0,-79.0,7,-11,10.5,116.0
2026-03-19 18:58:45.213228-05:00,42.0062629,-93.7959923,9.12,mid-band,00019C01F,630720.0,-80.0,9,-10,10.5,99.9
2026-03-19 18:58:47.781006-05:00,42.0064107,-93.7959964,68.7,mid-band,00019C01F,630720.0,-78.0,9,-10,10.5,166.0
2026-03-19 18:58:50.408163-05:00,42.0066349,-93.7960014,22.9,mid-band,00019C01F,630720.0,-81.0,8,-10,21.0,205.0
2026-03-19 18:58:52.989402-05:00,42.0067862,-93.7960028,39.5,mid-band,00019C01F,630720.0,-80.0,5,-11,31.5,287.0
2026-03-19 18:58:55.587365-05:00,42.007014,-93.7960066,,mid-band,00019C01F,630720.0,-99.0,-4,-11,10.5,60.6
2026-03-19 18:58:59.146092-05:00,42.0073109,-93.7960124,,,,,,,,,
2026-03-19 18:59:04.807609-05:00,42.0079158,-93.7960302,,,,,,,,,
2026-03-19 18:59:12.970527-05:00,42.0082968,-93.7960372,10.5,mid-band,00019C01F,630720.0,-82.0,6,-11,,
2026-03-19 18:59:15.539447-05:00,42.008487,-93.7960419,69.4,mid-band,00019C01F,630720.0,-79.0,5,-11,,
2026-03-19 18:59:18.166503-05:00,42.0086533,-93.7960458,20.5,mid-band,00019C01F,630720.0,-80.0,7,-10,10.5,309.0
2026-03-19 18:59:20.745838-05:00,42.0087746,-93.7960512,20.8,mid-band,00019C01F,630720.0,-87.0,0,-11,62.9,245.0
2026-03-19 18:59:23.325540-05:00,42.0089795,-93.7960596,10.1,mid-band,00019C01F,630720.0,-79.0,10,-10,41.9,245.0
2026-03-19 18:59:25.894374-05:00,42.0091263,-93.7960647,17.7,mid-band,00019C01F,630720.0,-75.0,9,-10,52.4,240.0
2026-03-19 18:59:28.470785-05:00,42.009362,-93.7960725,24.0,mid-band,00019C01F,630720.0,-73.0,11,-10,52.4,243.0
2026-03-19 18:59:31.053663-05:00,42.0095249,-93.7960784,22.5,mid-band,00019C01F,630720.0,-72.0,12,-10,62.9,179.0
2026-03-19 18:59:33.634904-05:00,42.0097654,-93.7960817,21.9,mid-band,00019C01F,630720.0,-75.0,14,-10,73.4,250.0
2026-03-19 18:59:36.215498-05:00,42.0100016,-93.7960884,8.42,mid-band,00019C01F,630720.0,-76.0,11,-10,105.0,214.0
2026-03-19 18:59:38.782793-05:00,42.0101617,-93.7960918,21.8,mid-band,00019C01F,630720.0,-81.0,3,-11,83.9,226.0
2026-03-19 18:59:41.363468-05:00,42.0104128,-93.7960927,24.8,mid-band,00019C01F,630720.0,-75.0,6,-10,73.4,237.0
2026-03-19 18:59:43.946971-05:00,42.0105824,-93.7960953,28.6,mid-band,00019C01F,630720.0,-74.0,15,-10,94.4,219.0
2026-03-19 18:59:46.533428-05:00,42.0108381,-93.7960988,19.0,mid-band,00019C01F,630720.0,-78.0,10,-10,83.9,215.0
2026-03-19 18:59:49.111198-05:00,42.0110916,-93.7961054,24.6,mid-band,00019C01F,630720.0,-75.0,11,-10,52.4,192.0
2026-03-19 18:59:51.694525-05:00,42.0112678,-93.7961123,27.8,mid-band,00019C01F,630720.0,-78.0,9,-10,73.4,254.0
2026-03-19 18:59:54.281459-05:00,42.0115443,-93.7961256,28.5,mid-band,00019C01F,630720.0,-76.0,9,-10,52.4,259.0
2026-03-19 18:59:56.868931-05:00,42.0117269,-93.7961318,27.2,mid-band,00019C01F,630720.0,-76.0,11,-10,62.9,267.0
2026-03-19 18:59:59.455225-05:00,42.0119953,-93.7961369,32.5,mid-band,00019C01F,630720.0,-80.0,9,-11,73.4,258.0
2026-03-19 19:00:02.046780-05:00,42.0121672,-93.796139,28.4,mid-band,00019C01F,630720.0,-78.0,6,-11,62.9,241.0
2026-03-19 19:00:04.634079-05:00,42.0124158,-93.7961438,37.7,mid-band,00019C01F,630720.0,-78.0,7,-10,62.9,231.0
2026-03-19 19:00:07.230661-05:00,42.0126575,-93.7961496,26.0,mid-band,00019C01F,630720.0,-78.0,7,-10,52.4,207.0
2026-03-19 19:00:09.815718-05:00,42.0134211,-93.7961681,51.5,mid-band,00019C01F,630720.0,-82.0,2,-11,41.9,237.0
2026-03-19 19:00:20.909336-05:00,42.0136538,-93.7961698,63.0,mid-band,00019C01F,630720.0,-82.0,4,-11,52.4,269.0
2026-03-19 19:00:23.531451-05:00,42.013885,-93.7961708,37.1,mid-band,00019C01F,630720.0,-90.0,0,-11,21.0,172.0
2026-03-19 19:00:26.127650-05:00,42.0141073,-93.7961805,32.7,mid-band,00019C01F,630720.0,-88.0,0,-11,31.5,293.0
2026-03-19 19:00:28.719392-05:00,42.0142545,-93.7961849,34.2,mid-band,00019C01F,630720.0,-89.0,0,-11,21.0,298.0
2026-03-19 19:00:31.312562-05:00,42.01448,-93.7961908,27.1,mid-band,00019C01F,630720.0,-86.0,4,-11,31.5,274.0
2026-03-19 19:00:33.898840-05:00,42.0146294,-93.7961972,29.6,mid-band,00019C01F,630720.0,-90.0,2,-11,21.0,274.0
2026-03-19 19:00:36.487502-05:00,42.0148524,-93.7962064,26.4,mid-band,00019C01F,630720.0,-90.0,0,-11,21.0,301.0
2026-03-19 19:00:39.072491-05:00,42.0150019,-93.7962092,39.9,mid-band,00019C01F,630720.0,-81.0,15,-10,21.0,210.0
2026-03-19 19:00:41.671250-05:00,42.0152273,-93.7962125,24.0,mid-band,00019C01F,630720.0,-92.0,3,-11,31.5,258.0
2026-03-19 19:00:44.254369-05:00,42.0154466,-93.7962113,21.5,mid-band,00019C01F,630720.0,-85.0,5,-10,31.5,273.0
2026-03-19 19:00:46.834958-05:00,42.0155914,-93.7962115,20.7,mid-band,00019C01F,630720.0,-85.0,5,-10,41.9,268.0
2026-03-19 19:00:49.414468-05:00,42.0158055,-93.7962161,23.0,mid-band,00019C01F,630720.0,-83.0,4,-11,52.4,269.0
2026-03-19 19:00:51.996313-05:00,42.015951,-93.7962193,28.1,mid-band,00019C01F,630720.0,-81.0,4,-10,73.4,252.0
2026-03-19 19:00:54.583200-05:00,42.0161741,-93.7962261,64.9,mid-band,00019C01F,630720.0,-84.0,1,-11,62.9,258.0
2026-03-19 19:00:57.206954-05:00,42.0164017,-93.7962316,19.1,mid-band,00019C01F,630720.0,-87.0,1,-11,41.9,155.0
2026-03-19 19:00:59.785119-05:00,42.0165534,-93.7962377,17.3,mid-band,00019C01F,630720.0,-85.0,3,-11,62.9,255.0
2026-03-19 19:01:02.361208-05:00,42.0167809,-93.79625,24.0,mid-band,00019C01F,630720.0,-83.0,2,-11,52.4,246.0
2026-03-19 19:01:04.944182-05:00,42.0169369,-93.796254,21.8,mid-band,00019C01F,630720.0,-83.0,3,-11,52.4,253.0
2026-03-19 19:01:07.524530-05:00,42.0171811,-93.7962586,,,,,,,,41.9,204.0
2026-03-19 19:01:13.185937-05:00,42.0176811,-93.7962672,,mid-band,FFFFFFFFF,-1.0,-73.0,0,-10,,
2026-03-19 19:01:16.744641-05:00,42.0179418,-93.7962718,,,,,,,,,
2026-03-19 19:01:22.405921-05:00,42.0189312,-93.7963028,,,,,,,,,
2026-03-19 19:01:33.462954-05:00,42.0194854,-93.7963188,,,,,,,,,
2026-03-19 19:01:39.124148-05:00,42.0200268,-93.7963325,,,,,,,,,
2026-03-19 19:01:44.785413-05:00,42.0204596,-93.7963404,,,,,,,,,
2026-03-19 19:01:50.446635-05:00,42.020986,-93.7963516,,,,,,,,,
2026-03-19 19:01:56.107810-05:00,42.0215069,-93.796363,,,,,,,,,
2026-03-19 19:02:01.768669-05:00,42.0219413,-93.7963687,,,,,,,,,
2026-03-19 19:02:07.429949-05:00,42.0224521,-93.7963857,,,,,,,,,
2026-03-19 19:02:13.091233-05:00,42.0229052,-93.7963865,,,,,,,,,
2026-03-19 19:02:18.752069-05:00,42.0229052,-93.7963865,,,,,,,,,
2026-03-19 19:03:18.245508-05:00,42.0235627,-93.7865967,25.8,mid-band,00019C01F,630720.0,-79.0,0,-11,,
2026-03-19 19:03:31.378189-05:00,42.0235755,-93.7865689,16.8,mid-band,00019C01F,630720.0,-79.0,0,-11,,
2026-03-19 19:03:33.953439-05:00,42.0235859,-93.7865443,22.4,mid-band,00019C01F,630720.0,-83.0,-1,-11,,
2026-03-19 19:03:36.534565-05:00,42.0236235,-93.786397,20.9,mid-band,00019C01F,630720.0,-85.0,-2,-11,61.7,75.6
2026-03-19 19:03:39.114430-05:00,42.0235831,-93.786126,47.4,mid-band,00019C01F,630720.0,-86.0,-4,-11,62.9,264.0
2026-03-19 19:03:41.721019-05:00,42.0235289,-93.785885,35.1,mid-band,00019C01F,630720.0,-90.0,-4,-11,62.9,272.0
2026-03-19 19:03:44.315232-05:00,42.023433,-93.7854323,,mid-band,00019C01F,630720.0,-89.0,-2,-11,,
2026-03-19 19:03:48.925559-05:00,42.023306,-93.7846608,22.9,mid-band,00019C01F,630720.0,-83.0,0,-11,52.4,226.0
2026-03-19 19:03:51.507611-05:00,42.0232249,-93.7840451,22.4,mid-band,00019C01F,630720.0,-76.0,1,-11,62.9,231.0
2026-03-19 19:03:54.089139-05:00,42.0231619,-93.7834058,23.7,mid-band,00019C01F,630720.0,-70.0,2,-11,83.9,241.0
2026-03-19 19:03:56.671838-05:00,42.0231324,-93.7829611,14.3,mid-band,00019C01F,630720.0,-81.0,1,-11,83.9,240.0
2026-03-19 19:03:59.245091-05:00,42.0231043,-93.7822816,18.5,mid-band,00019C01F,630720.0,-82.0,-2,-14,31.5,96.7
2026-03-19 19:04:01.822613-05:00,42.0231005,-93.7818241,26.1,mid-band,00019C01F,630720.0,-83.0,-4,-11,62.9,243.0
2026-03-19 19:04:04.407062-05:00,42.0231053,-93.7811359,21.4,mid-band,00019C01F,630720.0,-85.0,-5,-11,52.4,174.0
2026-03-19 19:04:06.987390-05:00,42.0231099,-93.7806768,20.6,mid-band,00019C01F,630720.0,-77.0,-3,-11,41.9,203.0
2026-03-19 19:04:09.566922-05:00,42.0231186,-93.7799792,20.6,mid-band,00019C01F,630720.0,-78.0,-3,-11,62.9,235.0
2026-03-19 19:04:12.146570-05:00,42.0231269,-93.779257,14.9,mid-band,00019C00B,630720.0,-73.0,0,-11,31.5,130.0
2026-03-19 19:04:14.720318-05:00,42.0231331,-93.7787659,13.6,mid-band,00019C00B,630720.0,-71.0,3,-11,41.9,222.0
2026-03-19 19:04:17.292785-05:00,42.0231429,-93.7780568,16.5,mid-band,00019C00B,630720.0,-75.0,3,-11,52.4,214.0
2026-03-19 19:04:19.868240-05:00,42.0231502,-93.7776588,20.3,mid-band,00019C00B,630720.0,-66.0,9,-10,52.4,238.0
2026-03-19 19:04:22.447656-05:00,42.0231532,-93.7773437,25.7,mid-band,00019C01F,630720.0,-60.0,9,-10,73.4,245.0
2026-03-19 19:05:23.168845-05:00,42.0211159,-93.7739802,24.8,mid-band,00019C01F,630720.0,-59.0,10,-10,62.9,265.0
2026-03-19 19:05:29.875014-05:00,42.0211161,-93.7739799,19.3,mid-band,00019C01F,630720.0,-59.0,10,-10,41.9,256.0
2026-03-19 19:05:32.453445-05:00,42.0211165,-93.7739799,23.4,mid-band,00019C01F,630720.0,-60.0,9,-10,31.5,266.0
2026-03-19 19:05:35.035816-05:00,42.0211165,-93.7739803,31.0,mid-band,00019C01F,630720.0,-60.0,9,-10,41.9,260.0
2026-03-19 19:05:37.625266-05:00,42.0211157,-93.773981,23.1,mid-band,00019C01F,630720.0,-60.0,8,-10,52.4,275.0
2026-03-19 19:05:40.207423-05:00,42.0211159,-93.7739818,13.5,mid-band,00019C01F,630720.0,-61.0,8,-10,52.4,232.0
2026-03-19 19:05:42.780118-05:00,42.0211169,-93.7739816,15.4,mid-band,00019C01F,630720.0,-59.0,9,-10,52.4,181.0
2026-03-19 19:05:45.354525-05:00,42.0211181,-93.7739818,11.4,mid-band,00019C01F,630720.0,-60.0,10,-10,52.4,226.0
2026-03-19 19:05:47.924930-05:00,42.0211188,-93.7739819,12.0,mid-band,00019C01F,630720.0,-59.0,9,-10,62.9,229.0
2026-03-19 19:05:50.495854-05:00,42.0211195,-93.7739819,18.9,mid-band,00019C01F,630720.0,-59.0,9,-10,62.9,237.0
2026-03-19 19:05:53.073842-05:00,42.0211199,-93.7739819,133.0,mid-band,00019C01F,630720.0,-61.0,10,-10,41.9,174.0
2026-03-19 19:05:55.765621-05:00,42.0211206,-93.7739819,25.0,mid-band,00019C01F,630720.0,-60.0,10,-10,52.4,267.0
2026-03-19 19:05:58.349664-05:00,42.0211212,-93.7739829,23.0,mid-band,00019C01F,630720.0,-59.0,9,-10,52.4,281.0
2026-03-19 19:06:00.931768-05:00,42.0211213,-93.7739838,31.6,mid-band,00019C01F,630720.0,-59.0,9,-10,52.4,276.0
2026-03-19 19:06:03.522544-05:00,42.021122,-93.7739845,15.8,mid-band,00019C01F,630720.0,-60.0,9,-10,52.4,235.0
2026-03-19 19:06:06.097311-05:00,42.0211224,-93.7739849,22.9,mid-band,00019C01F,630720.0,-60.0,9,-10,52.4,253.0
2026-03-19 19:06:08.679288-05:00,42.0211228,-93.7739854,43.8,mid-band,00019C01F,630720.0,-61.0,9,-10,52.4,255.0
2026-03-19 19:06:11.281457-05:00,42.0211226,-93.7739862,16.1,mid-band,00019C01F,630720.0,-58.0,9,-10,31.5,143.0
2026-03-19 19:06:13.856653-05:00,42.021122,-93.7739865,22.4,mid-band,00019C01F,630720.0,-60.0,9,-10,52.4,255.0
2026-03-19 19:06:16.438170-05:00,42.0211219,-93.7739871,14.2,mid-band,00019C01F,630720.0,-60.0,9,-10,52.4,228.0
2026-03-19 19:06:19.011241-05:00,42.021122,-93.7739878,17.4,mid-band,00019C01F,630720.0,-60.0,9,-10,52.4,215.0
2026-03-19 19:06:21.587116-05:00,42.0211198,-93.7739899,10.5,mid-band,00019C01F,630720.0,-59.0,9,-10,41.9,227.0
2026-03-19 19:06:24.156511-05:00,42.0211166,-93.7739926,64.1,mid-band,00019C01F,630720.0,-59.0,9,-10,41.9,235.0
2026-03-19 19:06:26.779560-05:00,42.021115,-93.7739939,14.2,mid-band,00019C01F,630720.0,-59.0,9,-10,41.9,228.0
2026-03-19 19:06:29.352743-05:00,42.0211114,-93.7739926,20.0,mid-band,00019C01F,630720.0,-60.0,9,-10,41.9,226.0
2026-03-19 19:06:40.880218-05:00,42.0211106,-93.7739923,16.5,mid-band,00019C01F,630720.0,-60.0,9,-10,41.9,275.0
2026-03-19 19:06:43.455306-05:00,42.0211103,-93.7739915,30.0,mid-band,00019C01F,630720.0,-59.0,9,-10,52.4,277.0
2026-03-19 19:06:46.044166-05:00,42.021111,-93.7739914,26.8,mid-band,00019C01F,630720.0,-60.0,8,-10,52.4,256.0
2026-03-19 19:06:48.630025-05:00,42.0211117,-93.773991,24.4,mid-band,00019C01F,630720.0,-60.0,9,-10,41.9,281.0
2026-03-19 19:06:51.213187-05:00,42.0211113,-93.7739914,27.0,mid-band,00019C01F,630720.0,-60.0,8,-10,52.4,274.0
2026-03-19 19:06:53.799168-05:00,42.021111,-93.7739909,22.7,mid-band,00019C01F,630720.0,-61.0,8,-10,73.4,253.0
2026-03-19 19:06:56.380877-05:00,42.0211098,-93.7739894,26.5,mid-band,00019C01F,630720.0,-62.0,4,-10,62.9,263.0
2026-03-19 19:06:58.966564-05:00,42.0211094,-93.7739863,29.3,mid-band,00019C01F,630720.0,-60.0,7,-10,62.9,263.0
2026-03-19 19:07:01.554928-05:00,42.0211078,-93.7739816,16.8,mid-band,00019C01F,630720.0,-60.0,7,-10,31.5,147.0
2026-03-19 19:07:04.130765-05:00,42.0211065,-93.773981,22.0,mid-band,00019C01F,630720.0,-61.0,8,-10,41.9,283.0
2026-03-19 19:07:06.711508-05:00,42.0211059,-93.773981,23.4,mid-band,00019C01F,630720.0,-61.0,8,-10,62.9,272.0
2026-03-19 19:07:09.293551-05:00,42.0211056,-93.7739811,21.9,mid-band,00019C01F,630720.0,-59.0,8,-10,62.9,265.0
2026-03-19 19:07:11.874398-05:00,42.0211052,-93.7739814,24.2,mid-band,00019C01F,630720.0,-60.0,8,-10,62.9,268.0
2026-03-19 19:07:14.457486-05:00,42.0211054,-93.7739804,37.5,mid-band,00019C01F,630720.0,-61.0,7,-10,52.4,279.0
2026-03-19 19:07:17.053927-05:00,42.0211053,-93.7739792,67.5,mid-band,00019C01F,630720.0,-59.0,8,-10,52.4,269.0
2026-03-19 19:07:19.680233-05:00,42.0211064,-93.7739807,20.9,mid-band,00019C01F,630720.0,-60.0,8,-10,31.5,244.0
2026-03-19 19:07:22.259892-05:00,42.0211069,-93.7739827,21.5,mid-band,00019C01F,630720.0,-60.0,8,-10,52.4,277.0
2026-03-19 19:07:24.840309-05:00,42.0211075,-93.7739833,22.2,mid-band,00019C01F,630720.0,-61.0,8,-10,41.9,252.0
2026-03-19 19:07:27.421633-05:00,42.0211086,-93.7739826,15.2,mid-band,00019C01F,630720.0,-61.0,8,-10,52.4,268.0
2026-03-19 19:07:29.995820-05:00,42.0211094,-93.7739823,21.7,mid-band,00019C01F,630720.0,-60.0,7,-10,52.4,276.0
2026-03-19 19:07:32.576679-05:00,42.02111,-93.7739813,64.8,mid-band,00019C01F,630720.0,-61.0,7,-10,52.4,252.0
2026-03-19 19:07:35.200572-05:00,42.0211105,-93.7739808,14.8,mid-band,00019C01F,630720.0,-62.0,8,-10,31.5,211.0
2026-03-19 19:07:37.774538-05:00,42.0211103,-93.7739808,19.6,mid-band,00019C01F,630720.0,-60.0,8,-10,52.4,267.0
2026-03-19 19:07:40.353383-05:00,42.0211113,-93.7739805,24.9,mid-band,00019C01F,630720.0,-61.0,8,-10,62.9,266.0
2026-03-19 19:07:50.884480-05:00,42.0211114,-93.7739805,22.2,mid-band,00019C01F,630720.0,-60.0,8,-10,62.9,256.0
2026-03-19 19:07:53.465477-05:00,42.0211121,-93.7739811,23.4,mid-band,00019C01F,630720.0,-62.0,8,-10,41.9,198.0
2026-03-19 19:07:56.047851-05:00,42.0211129,-93.7739817,24.7,mid-band,00019C01F,630720.0,-60.0,8,-10,31.5,290.0
2026-03-19 19:07:58.631661-05:00,42.0211137,-93.773982,24.0,mid-band,00019C01F,630720.0,-61.0,8,-10,41.9,270.0
2026-03-19 19:08:01.214538-05:00,42.0211147,-93.773981,26.1,mid-band,00019C01F,630720.0,-61.0,8,-10,52.4,252.0
2026-03-19 19:08:03.799827-05:00,42.0211162,-93.7739814,28.7,mid-band,00019C01F,630720.0,-61.0,8,-10,41.9,286.0
2026-03-19 19:08:06.387049-05:00,42.0211193,-93.7739853,25.9,mid-band,00019C01F,630720.0,-61.0,8,-10,41.9,274.0
2026-03-19 19:08:08.972020-05:00,42.0211214,-93.7739878,19.7,mid-band,00019C01F,630720.0,-59.0,8,-10,41.9,247.0
2026-03-19 19:08:11.550827-05:00,42.0211242,-93.7739904,19.3,mid-band,00019C01F,630720.0,-61.0,8,-10,31.5,274.0
2026-03-19 19:08:14.129230-05:00,42.0211266,-93.7739917,22.5,mid-band,00019C01F,630720.0,-59.0,9,-10,31.5,291.0
2026-03-19 19:08:16.710711-05:00,42.0211282,-93.7739924,22.3,mid-band,00019C01F,630720.0,-60.0,8,-10,31.5,240.0
2026-03-19 19:08:19.291992-05:00,42.0211297,-93.7739928,17.0,mid-band,00019C01F,630720.0,-60.0,8,-10,52.4,251.0
2026-03-19 19:08:21.867943-05:00,42.0211316,-93.7739928,19.9,mid-band,00019C01F,630720.0,-61.0,8,-10,73.4,255.0
2026-03-19 19:08:24.446890-05:00,42.0211323,-93.7739932,20.7,mid-band,00019C01F,630720.0,-61.0,8,-10,73.4,231.0
2026-03-19 19:08:27.026677-05:00,42.0211327,-93.7739946,24.5,mid-band,00019C01F,630720.0,-62.0,2,-10,31.5,260.0
2026-03-19 19:08:29.610170-05:00,42.0211348,-93.7739985,23.1,mid-band,00019C01F,630720.0,-62.0,1,-10,62.9,262.0
2026-03-19 19:08:32.192333-05:00,42.0211367,-93.774001,19.5,mid-band,00019C01F,630720.0,-61.0,4,-10,62.9,265.0
2026-03-19 19:08:34.770722-05:00,42.0211366,-93.7740006,35.3,mid-band,00019C01F,630720.0,-61.0,4,-10,41.9,282.0
2026-03-19 19:08:37.365143-05:00,42.0211345,-93.7739975,33.5,mid-band,00019C01F,630720.0,-61.0,4,-10,41.9,291.0
2026-03-19 19:08:39.957822-05:00,42.021134,-93.7739959,43.6,mid-band,00019C01F,630720.0,-61.0,5,-10,41.9,289.0
2026-03-19 19:08:42.560534-05:00,42.0211353,-93.7739956,12.8,mid-band,00019C01F,630720.0,-59.0,10,-10,73.4,220.0
2026-03-19 19:08:45.132393-05:00,42.0211352,-93.7739943,12.6,mid-band,00019C01F,630720.0,-60.0,9,-10,62.9,181.0
2026-03-19 19:08:47.703882-05:00,42.0211344,-93.7739931,39.0,mid-band,00019C01F,630720.0,-60.0,8,-10,73.4,230.0
2026-03-19 19:08:50.301957-05:00,42.0211364,-93.7739877,14.5,mid-band,00019C01F,630720.0,-60.0,5,-10,73.4,243.0
2026-03-19 19:09:00.866530-05:00,42.0211358,-93.7739825,26.3,mid-band,00019C01F,630720.0,-60.0,5,-10,,
2026-03-19 19:09:03.451475-05:00,42.0211346,-93.7739818,21.3,mid-band,00019C01F,630720.0,-61.0,6,-10,,
2026-03-19 19:09:06.031473-05:00,42.0211341,-93.7739815,21.0,mid-band,00019C01F,630720.0,-61.0,5,-10,,
2026-03-19 19:09:08.610846-05:00,42.0211349,-93.7739801,11.9,mid-band,00019C01F,630720.0,-60.0,5,-10,,
2026-03-19 19:09:11.181483-05:00,42.0211352,-93.7739798,21.2,mid-band,00019C01F,630720.0,-61.0,4,-10,,
2026-03-19 19:09:13.761306-05:00,42.0211368,-93.7739805,16.4,mid-band,00019C01F,630720.0,-60.0,9,-10,,
2026-03-19 19:09:16.336229-05:00,42.0211399,-93.7739824,21.1,mid-band,00019C01F,630720.0,-60.0,5,-10,,
2026-03-19 19:09:18.915632-05:00,42.0211416,-93.7739827,17.4,mid-band,00019C01F,630720.0,-60.0,5,-10,,
2026-03-19 19:09:21.491113-05:00,42.0211435,-93.7739814,15.8,mid-band,00019C01F,630720.0,-60.0,5,-10,,
2026-03-19 19:09:24.065424-05:00,42.0211439,-93.7739804,21.9,mid-band,00019C01F,630720.0,-60.0,5,-10,,
2026-03-19 19:09:26.646003-05:00,42.021145,-93.7739799,6.35,mid-band,00019C01F,630720.0,-60.0,5,-10,,
2026-03-19 19:09:29.210921-05:00,42.0211443,-93.7739794,20.9,mid-band,00019C01F,630720.0,-59.0,5,-10,,
2026-03-19 19:09:31.790464-05:00,42.0211439,-93.7739793,16.3,mid-band,00019C01F,630720.0,-61.0,5,-10,,
2026-03-19 19:09:34.365327-05:00,42.0211431,-93.7739799,16.7,mid-band,00019C01F,630720.0,-61.0,6,-10,,
2026-03-19 19:09:36.940771-05:00,42.0211417,-93.7739797,21.1,mid-band,00019C01F,630720.0,-61.0,6,-10,,
2026-03-19 19:09:39.520793-05:00,42.0211408,-93.773977,10.6,mid-band,00019C01F,630720.0,-60.0,6,-10,,
2026-03-19 19:09:42.089440-05:00,42.0211406,-93.7739758,17.1,mid-band,00019C01F,630720.0,-61.0,5,-10,,
2026-03-19 19:09:44.666010-05:00,42.0211396,-93.7739757,15.3,mid-band,00019C01F,630720.0,-61.0,4,-10,,
2026-03-19 19:09:47.240293-05:00,42.021138,-93.7739752,11.4,mid-band,00019C01F,630720.0,-60.0,6,-10,,
2026-03-19 19:09:49.809488-05:00,42.0211372,-93.7739745,7.2,mid-band,00019C01F,630720.0,-61.0,5,-10,,
2026-03-19 19:09:52.375510-05:00,42.0211352,-93.773972,12.0,mid-band,00019C01F,630720.0,-60.0,5,-10,,
2026-03-19 19:09:54.945872-05:00,42.0211348,-93.773972,16.5,mid-band,00019C01F,630720.0,-61.0,6,-10,,
2026-03-19 19:09:57.521119-05:00,42.0211367,-93.7739744,15.8,mid-band,00019C01F,630720.0,-61.0,5,-10,,
2026-03-19 19:10:00.095523-05:00,42.0211379,-93.7739793,14.1,mid-band,00019C01F,630720.0,-60.0,4,-10,,
2026-03-19 19:10:10.866265-05:00,42.0211382,-93.7739788,16.4,mid-band,00019C01F,630720.0,-60.0,5,-10,,
2026-03-19 19:10:13.441439-05:00,42.0211367,-93.7739792,21.2,mid-band,00019C01F,630720.0,-60.0,6,-10,,
2026-03-19 19:10:16.021448-05:00,42.021136,-93.77398,21.3,mid-band,00019C01F,630720.0,-60.0,5,-10,,
2026-03-19 19:10:18.601578-05:00,42.0211361,-93.773981,20.8,mid-band,00019C01F,630720.0,-61.0,6,-10,,
2026-03-19 19:10:21.181095-05:00,42.0211351,-93.7739793,21.8,mid-band,00019C01F,630720.0,-60.0,5,-10,,
2026-03-19 19:10:23.761645-05:00,42.0211337,-93.7739785,16.4,mid-band,00019C01F,630720.0,-61.0,6,-10,,
2026-03-19 19:10:26.336732-05:00,42.021132,-93.7739784,33.7,mid-band,00019C01F,630720.0,-60.0,5,-10,,
2026-03-19 19:10:28.929366-05:00,42.0211318,-93.7739794,18.2,mid-band,00019C01F,630720.0,-61.0,6,-10,,
2026-03-19 19:10:31.506338-05:00,42.0211321,-93.7739794,16.7,mid-band,00019C01F,630720.0,-60.0,9,-10,,
2026-03-19 19:10:34.081863-05:00,42.0211323,-93.7739786,20.9,mid-band,00019C01F,630720.0,-61.0,5,-10,,
2026-03-19 19:10:36.661552-05:00,42.0211313,-93.7739773,11.7,mid-band,00019C01F,630720.0,-61.0,6,-10,,
2026-03-19 19:10:39.231921-05:00,42.0211302,-93.7739759,10.8,mid-band,00019C01F,630720.0,-60.0,6,-10,,
2026-03-19 19:10:41.801438-05:00,42.0211297,-93.7739745,21.3,mid-band,00019C01F,630720.0,-60.0,5,-10,,
2026-03-19 19:10:44.381605-05:00,42.0211291,-93.7739728,21.7,mid-band,00019C01F,630720.0,-60.0,5,-10,,
2026-03-19 19:10:46.961429-05:00,42.0211289,-93.7739707,21.8,mid-band,00019C01F,630720.0,-61.0,5,-10,,
2026-03-19 19:10:49.541686-05:00,42.0211284,-93.7739678,29.3,mid-band,00019C01F,630720.0,-60.0,5,-10,,
2026-03-19 19:10:52.129452-05:00,42.0211284,-93.7739648,14.0,mid-band,00019C01F,630720.0,-60.0,6,-10,,
2026-03-19 19:10:54.702181-05:00,42.0211285,-93.7739642,6.27,mid-band,00019C01F,630720.0,-61.0,4,-10,,
2026-03-19 19:10:57.267242-05:00,42.0211284,-93.7739632,20.7,mid-band,00019C01F,630720.0,-60.0,5,-10,,
2026-03-19 19:10:59.846796-05:00,42.0211293,-93.7739628,16.7,mid-band,00019C01F,630720.0,-60.0,4,-10,,
2026-03-19 19:11:02.422209-05:00,42.0211311,-93.7739636,21.4,mid-band,00019C01F,630720.0,-60.0,5,-10,,
2026-03-19 19:11:05.002343-05:00,42.0211341,-93.773966,11.3,mid-band,00019C01F,630720.0,-60.0,5,-10,,
2026-03-19 19:11:07.572336-05:00,42.0211377,-93.7739683,12.1,mid-band,00019C01F,630720.0,-60.0,4,-10,,
2026-03-19 19:11:10.142869-05:00,42.0211404,-93.7739711,12.4,mid-band,00019C01F,630720.0,-61.0,3,-10,,
2026-03-19 19:11:20.872319-05:00,42.0211419,-93.7739718,16.5,mid-band,00019C01F,630720.0,-61.0,5,-10,,
2026-03-19 19:11:23.447533-05:00,42.0211424,-93.7739722,21.3,mid-band,00019C01F,630720.0,-61.0,3,-10,,
2026-03-19 19:11:26.027654-05:00,42.0211424,-93.7739724,16.2,mid-band,00019C01F,630720.0,-60.0,9,-10,,
2026-03-19 19:11:28.602540-05:00,42.0211424,-93.773972,16.4,mid-band,00019C01F,630720.0,-60.0,9,-10,,
2026-03-19 19:11:31.177431-05:00,42.0211419,-93.77397,11.6,mid-band,00019C01F,630720.0,-60.0,8,-10,,
2026-03-19 19:11:33.747665-05:00,42.0211412,-93.773969,20.8,mid-band,00019C01F,630720.0,-60.0,5,-10,,
2026-03-19 19:11:36.327196-05:00,42.0211402,-93.7739684,21.7,mid-band,00019C01F,630720.0,-61.0,6,-10,,
2026-03-19 19:11:38.907689-05:00,42.0211398,-93.7739686,6.15,mid-band,00019C01F,630720.0,-60.0,4,-10,,
2026-03-19 19:11:41.472864-05:00,42.0211393,-93.7739694,41.2,mid-band,00019C01F,630720.0,-60.0,4,-10,,
2026-03-19 19:11:44.072882-05:00,42.0211386,-93.7739693,21.2,mid-band,00019C01F,630720.0,-60.0,5,-10,,
2026-03-19 19:11:46.652975-05:00,42.0211373,-93.7739696,10.8,mid-band,00019C01F,630720.0,-61.0,6,-10,,
2026-03-19 19:11:49.222331-05:00,42.0211354,-93.7739694,16.9,mid-band,00019C01F,630720.0,-60.0,5,-10,,
2026-03-19 19:11:51.797435-05:00,42.0211346,-93.7739689,21.3,mid-band,00019C01F,630720.0,-61.0,4,-10,,
2026-03-19 19:11:54.377233-05:00,42.0211337,-93.7739694,16.6,mid-band,00019C01F,630720.0,-61.0,8,-10,,
2026-03-19 19:11:56.952399-05:00,42.0211328,-93.7739697,21.5,mid-band,00019C01F,630720.0,-60.0,9,-10,,
2026-03-19 19:11:59.532448-05:00,42.0211317,-93.7739691,16.4,mid-band,00019C01F,630720.0,-60.0,5,-10,,
2026-03-19 19:12:02.107466-05:00,42.0211294,-93.7739678,16.9,mid-band,00019C01F,630720.0,-59.0,4,-10,,
2026-03-19 19:12:04.682939-05:00,42.0211287,-93.7739674,11.5,mid-band,00019C01F,630720.0,-60.0,4,-10,,
2026-03-19 19:12:07.253041-05:00,42.0211273,-93.7739671,11.3,mid-band,00019C01F,630720.0,-61.0,5,-10,,
2026-03-19 19:12:09.822998-05:00,42.0211265,-93.7739666,16.3,mid-band,00019C01F,630720.0,-60.0,5,-10,,
2026-03-19 19:12:12.397883-05:00,42.021125,-93.7739652,21.6,mid-band,00019C01F,630720.0,-60.0,6,-10,,
2026-03-19 19:12:14.978109-05:00,42.0211243,-93.7739642,15.9,mid-band,00019C01F,630720.0,-60.0,6,-10,,
2026-03-19 19:12:17.552635-05:00,42.0211237,-93.773964,11.4,mid-band,00019C01F,630720.0,-61.0,5,-10,,
2026-03-19 19:12:20.122610-05:00,42.0211348,-93.773974,6.42,mid-band,00019C01F,630720.0,-60.0,5,-10,,
2026-03-19 19:12:30.857809-05:00,42.0211358,-93.7739748,11.9,mid-band,00019C01F,630720.0,-60.0,6,-10,,
2026-03-19 19:12:33.428331-05:00,42.0211357,-93.7739739,25.9,mid-band,00019C01F,630720.0,-61.0,6,-10,,
2026-03-19 19:12:36.012903-05:00,42.0211354,-93.7739732,11.9,mid-band,00019C01F,630720.0,-59.0,10,-10,,
2026-03-19 19:12:38.583359-05:00,42.0211356,-93.7739729,16.0,mid-band,00019C01F,630720.0,-61.0,6,-10,,
2026-03-19 19:12:41.157445-05:00,42.0211364,-93.7739736,37.4,mid-band,00019C01F,630720.0,-61.0,8,-10,,
2026-03-19 19:12:43.753417-05:00,42.0211367,-93.7739736,16.4,mid-band,00019C01F,630720.0,-60.0,3,-10,,
2026-03-19 19:12:46.328325-05:00,42.0211374,-93.773975,21.4,mid-band,00019C01F,630720.0,-59.0,10,-10,,
2026-03-19 19:12:48.908016-05:00,42.0211364,-93.7739743,6.44,mid-band,00019C01F,630720.0,-59.0,4,-10,,
2026-03-19 19:12:51.473045-05:00,42.0211354,-93.7739737,16.8,mid-band,00019C01F,630720.0,-59.0,4,-10,,
2026-03-19 19:12:54.048430-05:00,42.0211348,-93.7739728,16.5,mid-band,00019C01F,630720.0,-60.0,5,-10,,
2026-03-19 19:12:56.623449-05:00,42.0211339,-93.7739729,21.8,mid-band,00019C01F,630720.0,-61.0,4,-10,,
2026-03-19 19:12:59.203600-05:00,42.0211324,-93.7739724,16.7,mid-band,00019C01F,630720.0,-59.0,3,-10,,
2026-03-19 19:13:01.778567-05:00,42.0211318,-93.7739717,26.3,mid-band,00019C01F,630720.0,-59.0,4,-10,,
2026-03-19 19:13:04.363659-05:00,42.0211308,-93.7739712,16.8,mid-band,00019C01F,630720.0,-59.0,3,-10,,
2026-03-19 19:13:06.938641-05:00,42.02113,-93.7739695,15.9,mid-band,00019C01F,630720.0,-61.0,5,-10,,
2026-03-19 19:13:09.513202-05:00,42.0211286,-93.7739672,21.8,mid-band,00019C01F,630720.0,-60.0,4,-10,,
2026-03-19 19:13:12.093595-05:00,42.0211272,-93.7739659,21.5,mid-band,00019C01F,630720.0,-59.0,5,-10,,
2026-03-19 19:13:14.673435-05:00,42.021126,-93.7739645,12.2,mid-band,00019C01F,630720.0,-60.0,6,-10,,
2026-03-19 19:13:17.244228-05:00,42.0211244,-93.7739627,20.4,mid-band,00019C01F,630720.0,-60.0,5,-10,,
2026-03-19 19:13:19.823143-05:00,42.0211231,-93.7739613,16.5,mid-band,00019C01F,630720.0,-61.0,6,-10,,
2026-03-19 19:13:22.398308-05:00,42.0211208,-93.7739594,16.9,mid-band,00019C01F,630720.0,-59.0,6,-10,,
2026-03-19 19:13:24.973788-05:00,42.0211196,-93.7739585,16.4,mid-band,00019C01F,630720.0,-59.0,5,-10,,
2026-03-19 19:13:27.548738-05:00,42.0211189,-93.7739576,11.0,mid-band,00019C01F,630720.0,-59.0,5,-10,,
2026-03-19 19:13:30.117473-05:00,42.0211165,-93.7739566,12.8,mid-band,00019C01F,630720.0,-59.0,6,-10,,
2026-03-19 19:13:40.863493-05:00,42.0211191,-93.7739582,11.7,mid-band,00019C01F,630720.0,-61.0,7,-10,,
2026-03-19 19:13:43.433929-05:00,42.0211224,-93.7739613,16.0,mid-band,00019C01F,630720.0,-60.0,6,-10,,
2026-03-19 19:13:46.008486-05:00,42.0211237,-93.7739631,6.44,mid-band,00019C01F,630720.0,-61.0,5,-10,,
2026-03-19 19:13:48.573593-05:00,42.0211258,-93.773965,6.83,mid-band,00019C01F,630720.0,-60.0,5,-10,,
2026-03-19 19:13:51.139054-05:00,42.0211268,-93.7739652,34.2,mid-band,00019C01F,630720.0,-61.0,5,-10,,
2026-03-19 19:13:53.731986-05:00,42.0211266,-93.7739651,13.5,mid-band,00019C01F,630720.0,-62.0,6,-10,,
2026-03-19 19:13:56.304069-05:00,42.0211251,-93.7739652,11.5,mid-band,00019C01F,630720.0,-59.0,5,-10,,
2026-03-19 19:13:58.873447-05:00,42.0211248,-93.7739655,17.1,mid-band,00019C01F,630720.0,-60.0,5,-10,,
2026-03-19 19:14:01.449191-05:00,42.0211242,-93.7739662,16.3,mid-band,00019C01F,630720.0,-61.0,6,-10,,
2026-03-19 19:14:04.024092-05:00,42.0211238,-93.7739667,11.6,mid-band,00019C01F,630720.0,-61.0,6,-10,,
2026-03-19 19:14:06.594179-05:00,42.0211231,-93.7739672,16.4,mid-band,00019C01F,630720.0,-61.0,6,-10,,
2026-03-19 19:14:09.169232-05:00,42.0211224,-93.7739656,16.3,mid-band,00019C01F,630720.0,-61.0,6,-10,,
2026-03-19 19:14:11.744104-05:00,42.0211215,-93.7739643,21.5,mid-band,00019C01F,630720.0,-61.0,6,-10,,
2026-03-19 19:14:14.324246-05:00,42.0211199,-93.7739627,16.4,mid-band,00019C01F,630720.0,-61.0,6,-10,,
2026-03-19 19:14:16.899301-05:00,42.0211188,-93.7739621,20.8,mid-band,00019C01F,630720.0,-61.0,5,-10,,
2026-03-19 19:14:19.478772-05:00,42.0211182,-93.7739619,21.5,mid-band,00019C01F,630720.0,-61.0,6,-10,,
2026-03-19 19:14:22.058798-05:00,42.0211177,-93.7739618,12.0,mid-band,00019C01F,630720.0,-60.0,6,-10,,
2026-03-19 19:14:24.629281-05:00,42.0211174,-93.7739618,21.5,mid-band,00019C01F,630720.0,-61.0,6,-10,,
2026-03-19 19:14:27.209401-05:00,42.0211175,-93.7739625,21.4,mid-band,00019C01F,630720.0,-60.0,6,-10,,
2026-03-19 19:14:29.789472-05:00,42.0211179,-93.773963,21.3,mid-band,00019C01F,630720.0,-60.0,5,-10,,
2026-03-19 19:14:32.369310-05:00,42.0211199,-93.7739643,16.5,mid-band,00019C01F,630720.0,-60.0,6,-10,,
2026-03-19 19:14:34.944276-05:00,42.0211224,-93.7739672,21.5,mid-band,00019C01F,630720.0,-60.0,6,-10,,
2026-03-19 19:14:37.524384-05:00,42.0211238,-93.7739696,41.0,mid-band,00019C01F,630720.0,-60.0,4,-10,,
2026-03-19 19:14:40.123458-05:00,42.0211208,-93.7739702,14.3,mid-band,00019C01F,630720.0,-60.0,5,-10,,
2026-03-19 19:14:50.864252-05:00,42.0211195,-93.7739703,16.9,mid-band,00019C01F,630720.0,-61.0,5,-10,,
2026-03-19 19:14:53.439482-05:00,42.0211196,-93.7739717,21.4,mid-band,00019C01F,630720.0,-60.0,5,-10,,
2026-03-19 19:14:56.019498-05:00,42.0211194,-93.7739723,15.8,mid-band,00019C01F,630720.0,-61.0,4,-10,,
2026-03-19 19:14:58.594012-05:00,42.0211191,-93.7739725,26.5,mid-band,00019C01F,630720.0,-60.0,6,-10,,
2026-03-19 19:15:01.179096-05:00,42.0211188,-93.7739728,11.7,mid-band,00019C01F,630720.0,-60.0,4,-10,,
2026-03-19 19:15:03.749520-05:00,42.0211187,-93.7739726,16.5,mid-band,00019C01F,630720.0,-61.0,5,-10,,
2026-03-19 19:15:06.324388-05:00,42.0211214,-93.7739751,6.5,mid-band,00019C01F,630720.0,-60.0,9,-10,,
2026-03-19 19:15:08.889630-05:00,42.0211226,-93.7739772,21.3,mid-band,00019C01F,630720.0,-60.0,6,-10,,
2026-03-19 19:15:11.469663-05:00,42.0211239,-93.7739789,25.9,mid-band,00019C01F,630720.0,-60.0,9,-10,,
2026-03-19 19:15:14.054212-05:00,42.0211244,-93.7739796,11.8,mid-band,00019C01F,630720.0,-60.0,5,-10,,
2026-03-19 19:15:16.624719-05:00,42.0211253,-93.7739795,16.2,mid-band,00019C01F,630720.0,-60.0,9,-10,,
2026-03-19 19:15:19.199498-05:00,42.0211267,-93.7739796,21.6,mid-band,00019C01F,630720.0,-60.0,5,-10,,
2026-03-19 19:15:21.779672-05:00,42.0211281,-93.7739811,16.9,mid-band,00019C01F,630720.0,-62.0,5,-10,,
2026-03-19 19:15:24.354723-05:00,42.0211305,-93.7739831,20.9,mid-band,00019C01F,630720.0,-61.0,6,-10,,
2026-03-19 19:15:26.934215-05:00,42.0211313,-93.7739841,11.8,mid-band,00019C01F,630720.0,-61.0,5,-10,,
2026-03-19 19:15:29.504762-05:00,42.0211315,-93.7739843,21.4,mid-band,00019C01F,630720.0,-61.0,5,-10,,
2026-03-19 19:15:32.084769-05:00,42.0211317,-93.7739832,21.4,mid-band,00019C01F,630720.0,-61.0,6,-10,,
2026-03-19 19:15:34.664692-05:00,42.0211316,-93.7739827,20.9,mid-band,00019C01F,630720.0,-61.0,4,-10,,
2026-03-19 19:15:37.244193-05:00,42.0211307,-93.7739817,17.0,mid-band,00019C01F,630720.0,-61.0,5,-10,,
2026-03-19 19:15:39.819676-05:00,42.0211302,-93.7739816,11.4,mid-band,00019C01F,630720.0,-61.0,6,-10,,
2026-03-19 19:15:42.389803-05:00,42.0211298,-93.7739812,21.4,mid-band,00019C01F,630720.0,-61.0,5,-10,,
2026-03-19 19:15:44.969984-05:00,42.0211297,-93.7739813,21.2,mid-band,00019C01F,630720.0,-61.0,5,-10,,
2026-03-19 19:15:47.549443-05:00,42.0211292,-93.7739811,21.4,mid-band,00019C01F,630720.0,-61.0,6,-10,,
2026-03-19 19:15:50.129599-05:00,42.0211266,-93.773977,12.0,mid-band,00019C01F,630720.0,-60.0,6,-10,,
2026-03-19 19:16:00.859870-05:00,42.0211249,-93.773976,6.46,mid-band,00019C01F,630720.0,-60.0,5,-10,,
2026-03-19 19:16:03.425062-05:00,42.0211242,-93.7739759,21.3,mid-band,00019C01F,630720.0,-59.0,7,-10,,
2026-03-19 19:16:06.005103-05:00,42.0211243,-93.7739754,20.8,mid-band,00019C01F,630720.0,-60.0,7,-10,,
2026-03-19 19:16:08.584490-05:00,42.0211253,-93.7739754,29.3,mid-band,00019C01F,630720.0,-60.0,6,-10,,
2026-03-19 19:16:11.172414-05:00,42.0211256,-93.7739751,14.0,mid-band,00019C01F,630720.0,-60.0,5,-10,,
2026-03-19 19:16:13.744985-05:00,42.021126,-93.7739748,11.5,mid-band,00019C01F,630720.0,-60.0,6,-10,,
2026-03-19 19:16:16.315024-05:00,42.0211265,-93.7739739,10.9,mid-band,00019C01F,630720.0,-59.0,5,-10,,
2026-03-19 19:16:18.884438-05:00,42.0211265,-93.7739738,22.0,mid-band,00019C01F,630720.0,-60.0,6,-10,,
2026-03-19 19:16:21.464660-05:00,42.0211262,-93.7739733,16.8,mid-band,00019C01F,630720.0,-59.0,5,-10,,
2026-03-19 19:16:24.040062-05:00,42.0211254,-93.7739728,11.5,mid-band,00019C01F,630720.0,-59.0,6,-10,,
2026-03-19 19:16:26.609451-05:00,42.0211255,-93.7739728,96.5,mid-band,00019C01F,630720.0,-60.0,4,-10,,
2026-03-19 19:16:29.264583-05:00,42.0211259,-93.7739738,21.4,mid-band,00019C01F,630720.0,-60.0,5,-10,,
2026-03-19 19:16:31.844700-05:00,42.0211253,-93.7739737,26.6,mid-band,00019C01F,630720.0,-59.0,4,-10,,
2026-03-19 19:16:34.430126-05:00,42.0211238,-93.7739734,21.5,mid-band,00019C01F,630720.0,-60.0,5,-10,,
2026-03-19 19:16:37.010162-05:00,42.0211249,-93.773975,15.9,mid-band,00019C01F,630720.0,-60.0,6,-10,,
2026-03-19 19:16:39.584701-05:00,42.0211251,-93.7739747,6.81,mid-band,00019C01F,630720.0,-60.0,5,-10,,
2026-03-19 19:16:42.150238-05:00,42.0211252,-93.7739736,16.2,mid-band,00019C01F,630720.0,-61.0,6,-10,,
2026-03-19 19:16:44.725079-05:00,42.0211252,-93.7739736,16.1,mid-band,00019C01F,630720.0,-60.0,7,-10,,
2026-03-19 19:16:47.299711-05:00,42.0211252,-93.7739728,11.8,mid-band,00019C01F,630720.0,-61.0,7,-10,,
2026-03-19 19:16:49.870063-05:00,42.0211252,-93.7739717,11.5,mid-band,00019C01F,630720.0,-61.0,7,-10,,
2026-03-19 19:16:52.440259-05:00,42.0211249,-93.7739715,20.9,mid-band,00019C01F,630720.0,-61.0,6,-10,,
2026-03-19 19:16:55.019808-05:00,42.0211248,-93.7739712,11.3,mid-band,00019C01F,630720.0,-60.0,5,-10,,
2026-03-19 19:16:57.589702-05:00,42.0211243,-93.7739703,12.0,mid-band,00019C01F,630720.0,-60.0,4,-10,,
2026-03-19 19:17:00.160248-05:00,42.0211213,-93.7739719,9.94,mid-band,00019C01F,630720.0,-59.0,5,-10,,
2026-03-19 19:17:10.860303-05:00,42.0211201,-93.7739708,16.9,mid-band,00019C01F,630720.0,-60.0,5,-10,,
2026-03-19 19:17:13.435274-05:00,42.0211195,-93.773971,16.4,mid-band,00019C01F,630720.0,-61.0,6,-10,,
2026-03-19 19:17:16.010266-05:00,42.0211189,-93.7739707,21.0,mid-band,00019C01F,630720.0,-61.0,5,-10,,
2026-03-19 19:17:18.589875-05:00,42.0211178,-93.7739699,6.8,mid-band,00019C01F,630720.0,-61.0,8,-10,,
2026-03-19 19:17:21.155385-05:00,42.0211177,-93.7739687,16.6,mid-band,00019C01F,630720.0,-61.0,5,-10,,
2026-03-19 19:17:23.730395-05:00,42.0211176,-93.7739686,16.4,mid-band,00019C01F,630720.0,-61.0,6,-10,,
2026-03-19 19:17:26.305401-05:00,42.021118,-93.7739692,16.3,mid-band,00019C01F,630720.0,-60.0,6,-10,,
2026-03-19 19:17:28.880305-05:00,42.0211193,-93.7739709,11.9,mid-band,00019C01F,630720.0,-61.0,5,-10,,
2026-03-19 19:17:31.450414-05:00,42.021121,-93.7739722,16.4,mid-band,00019C01F,630720.0,-61.0,7,-10,,
2026-03-19 19:17:34.025363-05:00,42.0211221,-93.7739722,20.9,mid-band,00019C01F,630720.0,-61.0,4,-10,,
2026-03-19 19:17:36.604760-05:00,42.0211257,-93.7739717,12.9,mid-band,00019C01F,630720.0,-60.0,6,-10,,
2026-03-19 19:17:39.175248-05:00,42.0211291,-93.773972,11.4,mid-band,00019C01F,630720.0,-60.0,8,-10,,
2026-03-19 19:17:41.745284-05:00,42.0211296,-93.7739717,11.5,mid-band,00019C01F,630720.0,-61.0,6,-10,,
2026-03-19 19:17:44.315385-05:00,42.0211304,-93.7739715,26.4,mid-band,00019C01F,630720.0,-61.0,7,-10,,
2026-03-19 19:17:46.900437-05:00,42.0211315,-93.7739716,21.3,mid-band,00019C01F,630720.0,-60.0,5,-10,,
2026-03-19 19:17:49.479858-05:00,42.0211328,-93.7739731,16.9,mid-band,00019C01F,630720.0,-60.0,7,-10,,
2026-03-19 19:17:52.055304-05:00,42.0211335,-93.7739741,11.4,mid-band,00019C01F,630720.0,-60.0,6,-10,,
2026-03-19 19:17:54.625275-05:00,42.0211339,-93.773974,21.5,mid-band,00019C01F,630720.0,-61.0,6,-10,,
2026-03-19 19:17:57.205349-05:00,42.021135,-93.7739737,21.5,mid-band,00019C01F,630720.0,-61.0,7,-10,,
2026-03-19 19:17:59.785389-05:00,42.0211357,-93.7739735,16.5,mid-band,00019C01F,630720.0,-60.0,9,-10,,
2026-03-19 19:18:02.360380-05:00,42.0211366,-93.773973,16.4,mid-band,00019C01F,630720.0,-60.0,9,-10,,
2026-03-19 19:18:04.935388-05:00,42.0211368,-93.7739722,10.9,mid-band,00019C01F,630720.0,-61.0,6,-10,,
2026-03-19 19:18:07.504744-05:00,42.0211373,-93.7739712,6.95,mid-band,00019C01F,630720.0,-61.0,6,-10,,
2026-03-19 19:18:10.070314-05:00,42.0211367,-93.7739694,10.2,mid-band,00019C01F,630720.0,-61.0,6,-10,,
2026-03-19 19:18:20.865302-05:00,42.0211351,-93.7739688,16.5,mid-band,00019C01F,630720.0,-60.0,7,-10,,
2026-03-19 19:18:23.440280-05:00,42.0211343,-93.7739688,16.4,mid-band,00019C01F,630720.0,-60.0,7,-10,,
2026-03-19 19:18:26.015308-05:00,42.0211339,-93.7739688,16.3,mid-band,00019C01F,630720.0,-59.0,4,-10,,
2026-03-19 19:18:28.590298-05:00,42.0211334,-93.7739685,6.0,mid-band,00019C01F,630720.0,-60.0,7,-10,,
2026-03-19 19:18:31.154871-05:00,42.0211328,-93.7739684,16.8,mid-band,00019C01F,630720.0,-60.0,7,-10,,
2026-03-19 19:18:33.730395-05:00,42.0211331,-93.7739687,15.9,mid-band,00019C01F,630720.0,-61.0,6,-10,,
2026-03-19 19:18:36.304947-05:00,42.0211327,-93.77397,11.2,mid-band,00019C01F,630720.0,-60.0,6,-10,,
2026-03-19 19:18:38.874825-05:00,42.0211323,-93.7739709,16.8,mid-band,00019C01F,630720.0,-60.0,5,-10,,
2026-03-19 19:18:41.449937-05:00,42.0211312,-93.7739712,16.8,mid-band,00019C01F,630720.0,-60.0,5,-10,,
2026-03-19 19:18:44.025292-05:00,42.0211308,-93.7739715,16.0,mid-band,00019C01F,630720.0,-60.0,10,-10,,
2026-03-19 19:18:46.599877-05:00,42.0211295,-93.7739722,6.84,mid-band,00019C01F,630720.0,-60.0,6,-10,,
2026-03-19 19:18:49.165321-05:00,42.0211278,-93.7739742,16.5,mid-band,00019C01F,630720.0,-60.0,7,-10,,
2026-03-19 19:18:51.740357-05:00,42.0211272,-93.773976,10.9,mid-band,00019C01F,630720.0,-60.0,5,-10,,
2026-03-19 19:18:54.309846-05:00,42.0211265,-93.7739773,11.4,mid-band,00019C01F,630720.0,-60.0,6,-10,,
2026-03-19 19:18:56.879824-05:00,42.0211263,-93.7739773,6.94,mid-band,00019C01F,630720.0,-60.0,5,-10,,
2026-03-19 19:18:59.445353-05:00,42.0211263,-93.773976,16.4,mid-band,00019C01F,630720.0,-60.0,6,-10,,
2026-03-19 19:19:02.020277-05:00,42.0211259,-93.7739751,21.4,mid-band,00019C01F,630720.0,-60.0,6,-10,,
2026-03-19 19:19:04.599945-05:00,42.0211247,-93.7739751,6.94,mid-band,00019C01F,630720.0,-60.0,6,-10,,
2026-03-19 19:19:07.165369-05:00,42.021124,-93.7739742,16.5,mid-band,00019C01F,630720.0,-60.0,6,-10,,
2026-03-19 19:19:09.740324-05:00,42.0211237,-93.7739745,10.9,mid-band,00019C01F,630720.0,-60.0,10,-10,,
2026-03-19 19:19:12.309826-05:00,42.0211231,-93.7739734,6.85,mid-band,00019C01F,630720.0,-60.0,6,-10,,
2026-03-19 19:19:14.875346-05:00,42.0211232,-93.7739733,11.4,mid-band,00019C01F,630720.0,-60.0,6,-10,,
2026-03-19 19:19:17.445266-05:00,42.0211226,-93.773975,16.4,mid-band,00019C01F,630720.0,-60.0,6,-10,,
2026-03-19 19:19:20.020275-05:00,42.0211231,-93.7739765,168.0,mid-band,00019C01F,630720.0,-67.0,2,-11,,
2026-03-19 19:19:31.019482-05:00,42.0211276,-93.7740122,248.0,mid-band,00019C01F,630720.0,-61.0,11,-10,,
2026-03-19 19:19:33.825752-05:00,42.0211604,-93.774063,15.9,mid-band,00019C01F,630720.0,-61.0,10,-10,,
2026-03-19 19:19:36.400297-05:00,42.0211889,-93.7740738,16.3,mid-band,00019C01F,630720.0,-61.0,0,-10,,
2026-03-19 19:19:38.975387-05:00,42.0211889,-93.7740739,20.7,mid-band,00019C01F,630720.0,-60.0,1,-10,,
2026-03-19 19:19:41.554923-05:00,42.0211853,-93.7740736,107.0,mid-band,00019C01F,630720.0,-57.0,10,-10,,
2026-03-19 19:19:44.220419-05:00,42.0211212,-93.7740595,16.3,mid-band,00019C01F,630720.0,-51.0,15,-10,,
2026-03-19 19:19:46.795297-05:00,42.0210368,-93.7740451,219.0,mid-band,00019C01F,630720.0,-61.0,8,-11,,
2026-03-19 19:19:49.572984-05:00,42.020877,-93.7740394,13.7,mid-band,00019C01F,630720.0,-53.0,21,-10,,
2026-03-19 19:19:52.145450-05:00,42.020727,-93.7741252,16.2,mid-band,00019C01F,630720.0,-53.0,13,-10,,
2026-03-19 19:19:54.720263-05:00,42.0206621,-93.774251,6.01,mid-band,00019C01F,630720.0,-52.0,22,-10,,
2026-03-19 19:19:57.284936-05:00,42.0206333,-93.7745135,21.3,mid-band,00019C01F,630720.0,-53.0,18,-10,,
2026-03-19 19:19:59.864826-05:00,42.0206279,-93.7747152,16.4,mid-band,00019C01F,630720.0,-48.0,20,-10,,
2026-03-19 19:20:02.439884-05:00,42.020622,-93.7750527,21.8,mid-band,00019C01F,630720.0,-44.0,21,-10,,
2026-03-19 19:20:05.020369-05:00,42.0206186,-93.7753037,11.3,mid-band,00019C01F,630720.0,-49.0,21,-10,,
2026-03-19 19:20:07.590304-05:00,42.0206156,-93.7757049,20.8,mid-band,00019C01F,630720.0,-54.0,11,-10,,
2026-03-19 19:20:10.169672-05:00,42.0206102,-93.7760795,17.0,mid-band,00019C01F,630720.0,-53.0,24,-10,,
2026-03-19 19:20:12.745255-05:00,42.0206107,-93.7762326,21.0,mid-band,00019C01F,630720.0,-51.0,27,-10,,
2026-03-19 19:20:15.325013-05:00,42.0206093,-93.7764032,6.62,mid-band,00019C01F,630720.0,-59.0,19,-10,,
2026-03-19 19:20:17.890325-05:00,42.0206094,-93.7765174,11.4,mid-band,00019C01F,630720.0,-56.0,24,-10,,
2026-03-19 19:20:20.460311-05:00,42.0206005,-93.7766513,16.4,mid-band,00019C01F,630720.0,-53.0,18,-10,,
2026-03-19 19:20:23.035424-05:00,42.0205673,-93.7767153,20.8,mid-band,00019C01F,630720.0,-58.0,19,-10,,
2026-03-19 19:20:25.615011-05:00,42.02043,-93.7767693,11.5,mid-band,00019C01F,630720.0,-56.0,23,-10,,
2026-03-19 19:20:28.185357-05:00,42.0202163,-93.7767806,32.4,mid-band,00019C01F,630720.0,-49.0,21,-10,86.4,96.9
2026-03-19 19:20:30.776782-05:00,42.0191248,-93.7767569,37.7,mid-band,00019C01F,630720.0,-52.0,20,-10,75.1,258.0
2026-03-19 19:20:40.888500-05:00,42.0186264,-93.7767529,17.9,mid-band,00019C01F,630720.0,-59.0,13,-10,115.0,228.0
2026-03-19 19:20:43.465121-05:00,42.0180891,-93.7767426,15.1,mid-band,00019C01F,630720.0,-56.0,14,-10,73.4,211.0
2026-03-19 19:20:46.038924-05:00,42.0177249,-93.7767294,18.3,mid-band,00019C01F,630720.0,-54.0,17,-10,41.9,277.0
2026-03-19 19:20:48.615833-05:00,42.0171731,-93.7767156,24.4,mid-band,00019C01F,630720.0,-57.0,17,-10,41.9,188.0
2026-03-19 19:20:51.198784-05:00,42.0166134,-93.7767041,18.4,mid-band,00019C01F,630720.0,-65.0,14,-10,52.4,210.0
2026-03-19 19:20:53.775744-05:00,42.0162367,-93.7766976,17.1,mid-band,00019C01F,630720.0,-63.0,9,-10,62.9,247.0
2026-03-19 19:20:56.351663-05:00,42.0156607,-93.7766855,15.9,mid-band,00019C01F,630720.0,-68.0,11,-10,73.4,249.0
2026-03-19 19:20:58.925868-05:00,42.0152674,-93.7766791,35.3,mid-band,00019C01F,630720.0,-63.0,17,-10,62.9,248.0
2026-03-19 19:21:01.520094-05:00,42.014645,-93.7766737,16.2,mid-band,00019C01F,630720.0,-61.0,18,-10,41.9,212.0
2026-03-19 19:21:04.095130-05:00,42.0140004,-93.7766641,23.9,mid-band,00019C01F,630720.0,-64.0,15,-10,62.9,259.0
2026-03-19 19:21:06.677767-05:00,42.0135735,-93.7766555,29.1,mid-band,00019C01F,630720.0,-67.0,9,-10,52.4,273.0
2026-03-19 19:21:09.265795-05:00,42.0129369,-93.7766471,23.1,mid-band,00019C01F,630720.0,-71.0,5,-11,62.9,261.0
2026-03-19 19:21:11.847737-05:00,42.0125154,-93.7766425,27.6,mid-band,00019C01F,630720.0,-70.0,11,-10,52.4,258.0
2026-03-19 19:21:14.434186-05:00,42.0118857,-93.7766368,29.8,mid-band,00019C01F,630720.0,-68.0,14,-10,62.9,269.0
2026-03-19 19:21:17.022743-05:00,42.0114666,-93.7766302,28.1,mid-band,00019C01F,630720.0,-74.0,7,-11,31.4,177.0
2026-03-19 19:21:19.609634-05:00,42.010827,-93.7766213,20.7,mid-band,00019C01F,630720.0,-75.0,2,-11,41.9,281.0
2026-03-19 19:21:22.188859-05:00,42.0101812,-93.7766148,51.6,mid-band,00019C01F,630720.0,-72.0,9,-10,41.9,231.0
2026-03-19 19:21:24.799196-05:00,42.009762,-93.7766095,16.1,mid-band,00019C01F,630720.0,-71.0,6,-10,41.9,214.0
2026-03-19 19:21:27.373420-05:00,42.0091602,-93.7766017,21.6,mid-band,00019C01F,630720.0,-76.0,8,-10,52.4,229.0
2026-03-19 19:21:29.953746-05:00,42.0087804,-93.7765975,15.7,mid-band,00019C01F,630720.0,-69.0,7,-10,52.4,243.0
2026-03-19 19:21:32.528152-05:00,42.0082506,-93.7765915,19.3,mid-band,00019C01F,630720.0,-67.0,6,-11,52.4,252.0
2026-03-19 19:21:35.105615-05:00,42.0077519,-93.7765863,13.7,mid-band,00019C01F,630720.0,-70.0,10,-10,41.9,194.0
2026-03-19 19:21:37.678002-05:00,42.0074462,-93.7765823,25.6,mid-band,00019C01F,630720.0,-70.0,6,-11,73.4,262.0
2026-03-19 19:21:40.262504-05:00,42.0066754,-93.7765814,32.2,mid-band,00019C01F,630720.0,-70.0,6,-11,62.9,264.0
2026-03-19 19:21:50.887115-05:00,42.0066742,-93.776581,67.6,mid-band,00019C01F,630720.0,-70.0,6,-11,94.4,228.0
2026-03-19 19:21:53.513604-05:00,42.0066751,-93.7765801,27.8,mid-band,00019C01F,630720.0,-70.0,6,-11,105.0,232.0
2026-03-19 19:21:56.100303-05:00,42.0066767,-93.7765787,24.3,mid-band,00019C01F,630720.0,-69.0,6,-11,115.0,208.0
2026-03-19 19:21:58.683591-05:00,42.0066784,-93.7765794,26.2,mid-band,00019C01F,630720.0,-70.0,6,-11,105.0,235.0
2026-03-19 19:22:01.268630-05:00,42.0066802,-93.7765788,29.4,mid-band,00019C01F,630720.0,-70.0,6,-11,115.0,224.0
2026-03-19 19:22:03.856910-05:00,42.0066819,-93.7765777,26.1,mid-band,00019C01F,630720.0,-70.0,6,-11,115.0,212.0
2026-03-19 19:22:06.441447-05:00,42.0066841,-93.7765788,29.3,mid-band,00019C01F,630720.0,-69.0,6,-11,105.0,232.0
2026-03-19 19:22:09.029626-05:00,42.0066854,-93.7765796,25.4,mid-band,00019C01F,630720.0,-70.0,6,-11,62.9,171.0
2026-03-19 19:22:11.613765-05:00,42.0066867,-93.7765806,27.5,mid-band,00019C01F,630720.0,-70.0,6,-11,94.4,225.0
2026-03-19 19:22:14.200094-05:00,42.0066844,-93.7765808,20.8,mid-band,00019C01F,630720.0,-70.0,6,-11,94.4,220.0
2026-03-19 19:22:16.779810-05:00,42.0066376,-93.7765795,24.4,mid-band,00019C01F,630720.0,-69.0,7,-10,73.4,239.0
2026-03-19 19:22:19.363038-05:00,42.0064522,-93.7765742,16.4,mid-band,00019C01F,630720.0,-69.0,7,-10,73.4,256.0
2026-03-19 19:22:21.938303-05:00,42.0062694,-93.7765706,19.9,mid-band,00019C01F,630720.0,-69.0,7,-10,41.9,230.0
2026-03-19 19:22:24.517014-05:00,42.0059314,-93.7765644,32.3,mid-band,00019C01F,630720.0,-74.0,0,-11,62.9,199.0
2026-03-19 19:22:27.108205-05:00,42.0055282,-93.7765604,22.3,mid-band,00019C01F,630720.0,-76.0,-1,-11,41.9,113.0
2026-03-19 19:22:29.689133-05:00,42.0052272,-93.776556,19.1,mid-band,00019C01F,630720.0,-82.0,-3,-11,52.4,228.0
2026-03-19 19:22:32.267274-05:00,42.0047361,-93.7765503,,mid-band,00019C01F,630720.0,-73.0,0,-11,31.4,100.0
2026-03-19 19:22:37.927578-05:00,42.0038564,-93.7765368,9.99,mid-band,00019C01F,630720.0,-72.0,0,-11,,
2026-03-19 19:22:40.495475-05:00,42.0033124,-93.7765314,16.3,mid-band,00019C01F,630720.0,-75.0,5,-11,10.5,247.0
2026-03-19 19:22:43.070386-05:00,42.002948,-93.7765301,27.5,mid-band,00019C01F,630720.0,-74.0,5,-10,52.4,236.0
2026-03-19 19:22:45.656773-05:00,42.0023884,-93.7765244,20.4,mid-band,00019C01F,630720.0,-78.0,-1,-11,73.4,250.0
2026-03-19 19:22:48.236386-05:00,42.0018206,-93.7765168,,mid-band,00019C01F,630720.0,-71.0,5,-10,52.4,198.0
2026-03-19 19:22:51.795293-05:00,42.0001428,-93.7764941,19.6,mid-band,00019C01F,630720.0,-75.0,1,-11,31.5,133.0
2026-03-19 19:23:00.363718-05:00,41.9995759,-93.7764849,,,,,,,,41.9,234.0
2026-03-19 19:23:06.024731-05:00,41.9986517,-93.776469,14.3,mid-band,00019C01F,630720.0,-71.0,2,-11,,
2026-03-19 19:23:08.597466-05:00,41.9980918,-93.7764635,21.2,mid-band,00019C01F,630720.0,-71.0,1,-11,41.9,255.0
2026-03-19 19:23:11.177635-05:00,41.9975263,-93.7764553,29.0,mid-band,00019C01F,630720.0,-72.0,0,-11,41.9,206.0
2026-03-19 19:23:13.765343-05:00,41.9971467,-93.7764479,34.2,mid-band,00019C01F,630720.0,-72.0,0,-11,52.4,238.0
2026-03-19 19:23:16.357473-05:00,41.9965742,-93.7764454,25.2,mid-band,00019C01F,630720.0,-75.0,5,-11,73.4,252.0
2026-03-19 19:23:18.941453-05:00,41.9961953,-93.7764433,31.7,mid-band,00019C01F,630720.0,-88.0,-10,-12,62.9,185.0
2026-03-19 19:23:21.532033-05:00,41.9956301,-93.776442,,mid-band,FFFFFFFFF,-1.0,-60.0,14,-10,21.0,49.8
2026-03-19 19:23:25.090739-05:00,41.9948825,-93.7764331,,mid-band,FFFFFFFFF,-1.0,-78.0,0,-11,,
2026-03-19 19:23:28.649385-05:00,41.9943469,-93.7764279,,,,,,,,,
2026-03-19 19:23:34.310624-05:00,41.9933055,-93.7764119,,,,,,,,,
2026-03-19 19:23:39.971973-05:00,41.9923709,-93.7764,,mid-band,00019C01F,630720.0,-83.0,-3,-12,,
2026-03-19 19:23:43.530851-05:00,41.9915859,-93.7763968,,mid-band,00019C01F,630720.0,-79.0,-1,-11,,
2026-03-19 19:23:48.140468-05:00,41.9905714,-93.7763901,31.6,mid-band,00019C01F,630720.0,-77.0,0,-11,,
2026-03-19 19:23:50.730716-05:00,41.9901637,-93.7763878,42.3,mid-band,00019C01F,630720.0,-85.0,-4,-12,,
2026-03-19 19:23:53.331691-05:00,41.9895609,-93.7763781,39.4,mid-band,00019C01F,630720.0,-85.0,-6,-15,17.2,60.0
2026-03-19 19:23:55.929980-05:00,41.9891598,-93.7763708,33.8,mid-band,00019C01F,630720.0,-92.0,-1,-11,9.83,220.0
2026-03-19 19:23:58.522490-05:00,41.9885504,-93.7763669,29.1,mid-band,00019C01F,630720.0,-86.0,2,-11,21.7,304.0
2026-03-19 19:24:01.110441-05:00,41.9867603,-93.7763526,58.9,mid-band,00019C01F,630720.0,-78.0,2,-11,43.0,263.0
2026-03-19 19:24:10.405486-05:00,41.9861683,-93.7763393,53.1,mid-band,00019C01F,630720.0,-77.0,3,-11,73.4,195.0
2026-03-19 19:24:13.017547-05:00,41.9857653,-93.7763366,51.3,mid-band,00019C01F,630720.0,-79.0,2,-11,73.4,193.0
2026-03-19 19:24:15.627881-05:00,41.9851455,-93.7763272,66.5,mid-band,00019C01F,630720.0,-84.0,-1,-12,73.4,199.0
2026-03-19 19:24:18.253266-05:00,41.9845115,-93.7763188,65.1,mid-band,00019C01F,630720.0,-91.0,-7,-11,62.9,200.0
2026-03-19 19:24:20.877401-05:00,41.984085,-93.776314,,,,,,,,41.9,237.0
2026-03-19 19:24:26.538738-05:00,41.9828466,-93.7763028,,,,,,,,,
2026-03-19 19:24:32.200062-05:00,41.9817627,-93.7762886,,mid-band,00019C01F,630720.0,-89.0,-1,-11,,
2026-03-19 19:24:35.758722-05:00,41.9812448,-93.7762825,45.3,mid-band,00019C01F,630720.0,-86.0,3,-11,,
2026-03-19 19:24:38.362455-05:00,41.9807463,-93.7762683,44.6,mid-band,00019C01F,630720.0,-87.0,3,-11,,
2026-03-19 19:24:40.965482-05:00,41.9804489,-93.7762623,73.3,mid-band,00019C01F,630720.0,-93.0,-3,-11,41.9,286.0
2026-03-19 19:24:43.597479-05:00,41.9800956,-93.7762604,36.8,mid-band,00019C01F,630720.0,-95.0,-1,-11,21.0,279.0
2026-03-19 19:24:46.193272-05:00,41.9799183,-93.7762637,16.3,mid-band,00019C01F,630720.0,-97.0,-3,-11,21.0,278.0
2026-03-19 19:24:48.768284-05:00,41.9798609,-93.7762696,24.8,mid-band,00019C01F,630720.0,-82.0,3,-11,31.5,270.0
2026-03-19 19:24:51.352081-05:00,41.9797719,-93.77633,18.4,mid-band,00019C01F,630720.0,-93.0,5,-11,62.9,253.0
2026-03-19 19:24:53.929371-05:00,41.979745,-93.7764626,16.7,mid-band,00019C01F,630720.0,-92.0,3,-11,52.4,253.0
2026-03-19 19:24:56.504851-05:00,41.9797354,-93.7767864,22.7,mid-band,00019C01F,630720.0,-97.0,2,-11,31.5,265.0
2026-03-19 19:24:59.085466-05:00,41.9797256,-93.7772236,157.0,mid-band,00019C01F,630720.0,-111.0,-6,-13,10.5,261.0
2026-03-19 19:25:01.801284-05:00,41.9797264,-93.7775824,134.0,mid-band,00019C01F,630720.0,-106.0,-7,-13,10.5,98.1
2026-03-19 19:25:04.494046-05:00,41.9797181,-93.7781839,96.1,mid-band,00019C01F,630720.0,-105.0,-11,-20,10.5,83.5
2026-03-19 19:25:07.149011-05:00,41.9797124,-93.7788252,,mid-band,FFFFFFFFF,-1.0,-93.0,0,-10,,
2026-03-19 19:25:11.759056-05:00,41.9797128,-93.7811789,,,,,,,,,
2026-03-19 19:25:23.448689-05:00,41.9796957,-93.7825688,,,,,,,,,
2026-03-19 19:25:29.109960-05:00,41.9796834,-93.7838747,21.9,mid-band,00019C01F,630720.0,-96.0,-5,-11,,
2026-03-19 19:25:31.690510-05:00,41.9796758,-93.7842917,22.6,mid-band,00019C01F,630720.0,-104.0,-7,-12,,
2026-03-19 19:25:34.271662-05:00,41.9796671,-93.7849061,,,,,,,,10.5,104.0
2026-03-19 19:25:39.932720-05:00,41.9796689,-93.7859068,,,,,,,,,
2026-03-19 19:25:45.594193-05:00,41.9796609,-93.7870227,,mid-band,00019C01F,630720.0,-85.0,1,-11,,
2026-03-19 19:25:51.255503-05:00,41.9796597,-93.7880223,23.0,mid-band,00019C01F,630720.0,-88.0,-1,-11,,
2026-03-19 19:25:53.836957-05:00,41.9796591,-93.7883451,,,,,,,,10.5,166.0
2026-03-19 19:25:59.498174-05:00,41.9796459,-93.7894183,,,,,,,,,
2026-03-19 19:26:05.159436-05:00,41.9796337,-93.7905748,,,,,,,,,
2026-03-19 19:26:10.820766-05:00,41.9796198,-93.7915598,,,,,,,,,
2026-03-19 19:26:16.482005-05:00,41.9796053,-93.7927715,,,,,,,,,
2026-03-19 19:26:22.143213-05:00,41.9795947,-93.7950259,16.8,mid-band,00019C01F,630720.0,-80.0,7,-10,,
2026-03-19 19:26:30.372623-05:00,41.979592,-93.7955648,,,,,,,,21.0,238.0
2026-03-19 19:26:36.033411-05:00,41.979588,-93.7964378,,,,,,,,,
2026-03-19 19:26:41.694656-05:00,41.9795796,-93.7975654,,,,,,,,,
2026-03-19 19:26:47.355851-05:00,41.9795758,-93.798702,,,,,,,,,
2026-03-19 19:26:53.017057-05:00,41.9795738,-93.799738,,,,,,,,,
2026-03-19 19:26:58.678222-05:00,41.9795718,-93.8011153,,,,,,,,,
2026-03-19 19:27:04.339582-05:00,41.9795716,-93.8025908,,,,,,,,,
2026-03-19 19:27:10.000551-05:00,41.9795692,-93.8038591,,,,,,,,,
2026-03-19 19:27:15.661833-05:00,41.979573,-93.8053017,,,,,,,,,
2026-03-19 19:27:21.322986-05:00,41.9795653,-93.8067613,,mid-band,00019C01F,630720.0,-92.0,1,-11,,
2026-03-19 19:27:26.984364-05:00,41.9795678,-93.8080444,47.0,mid-band,00019C01F,630720.0,-80.0,4,-10,,
2026-03-19 19:27:29.590092-05:00,41.9795685,-93.8088162,56.3,mid-band,00019C01F,630720.0,-78.0,12,-10,,
2026-03-19 19:27:32.205147-05:00,41.9795658,-93.8109104,32.7,mid-band,00019C01F,630720.0,-84.0,5,-10,,
2026-03-19 19:27:40.384291-05:00,41.9795703,-93.8116761,82.1,mid-band,00019C01F,630720.0,-109.0,-5,-11,,
2026-03-19 19:27:43.025476-05:00,41.9795674,-93.8121441,65.4,mid-band,00019C01F,630720.0,-103.0,-2,-11,,
2026-03-19 19:27:45.649462-05:00,41.9795658,-93.8128123,67.5,mid-band,00019C01F,630720.0,-86.0,12,-10,,
2026-03-19 19:27:48.275651-05:00,41.979569,-93.8134406,14.9,mid-band,00019C01F,630720.0,-77.0,19,-10,,
2026-03-19 19:27:50.849298-05:00,41.9795721,-93.8138377,13.8,mid-band,00019C01F,630720.0,-79.0,15,-10,,
2026-03-19 19:27:53.421476-05:00,41.9795705,-93.8143956,14.2,mid-band,00019C01F,630720.0,-82.0,11,-10,73.4,234.0
2026-03-19 19:27:55.994545-05:00,41.9795724,-93.8147313,16.1,mid-band,00019C01F,630720.0,-80.0,10,-10,52.4,215.0
2026-03-19 19:27:58.569640-05:00,41.9795716,-93.8151252,15.5,mid-band,00019C01F,630720.0,-80.0,6,-11,31.5,224.0
2026-03-19 19:28:01.144151-05:00,41.9795756,-93.8153014,22.6,mid-band,00019C01F,630720.0,-80.0,9,-10,21.0,141.0
2026-03-19 19:28:03.725778-05:00,41.9795771,-93.8153163,25.4,mid-band,00019C01F,630720.0,-80.0,9,-10,41.9,215.0
2026-03-19 19:28:06.309472-05:00,41.9795772,-93.8153154,33.4,mid-band,00019C01F,630720.0,-80.0,9,-10,41.9,208.0
2026-03-19 19:28:08.901477-05:00,41.9795772,-93.8153143,36.0,mid-band,00019C01F,630720.0,-81.0,8,-11,52.4,240.0
2026-03-19 19:28:11.496517-05:00,41.9795784,-93.8153195,55.8,mid-band,00019C01F,630720.0,-80.0,7,-11,41.9,275.0
2026-03-19 19:28:14.110755-05:00,41.9795804,-93.8153211,103.0,mid-band,00019C01F,630720.0,-81.0,7,-11,41.9,290.0
2026-03-19 19:28:16.772102-05:00,41.9795818,-93.8153239,49.7,mid-band,00019C01F,630720.0,-81.0,7,-11,41.9,247.0
2026-03-19 19:28:19.380915-05:00,41.979568,-93.8154059,22.2,mid-band,00019C01F,630720.0,-82.0,9,-11,41.9,134.0
2026-03-19 19:28:21.962141-05:00,41.9795085,-93.8154798,30.3,mid-band,00019C01F,630720.0,-77.0,6,-10,52.4,248.0
2026-03-19 19:28:24.550715-05:00,41.9792985,-93.8155273,18.1,mid-band,00019C01F,630720.0,-77.0,10,-10,73.4,232.0
2026-03-19 19:28:27.127882-05:00,41.978966,-93.8155376,32.5,mid-band,00019C01F,630720.0,-77.0,8,-10,52.4,214.0
2026-03-19 19:28:29.719499-05:00,41.9786901,-93.8155421,28.7,mid-band,00019C01F,630720.0,-76.0,13,-10,62.9,211.0
2026-03-19 19:28:32.307160-05:00,41.9782195,-93.8155455,22.5,mid-band,00019C01F,630720.0,-86.0,7,-11,62.9,243.0
2026-03-19 19:28:34.888815-05:00,41.977875,-93.8155513,29.6,mid-band,00019C01F,630720.0,-83.0,-4,-11,31.5,116.0
2026-03-19 19:28:37.477271-05:00,41.9773048,-93.8155586,,mid-band,FFFFFFFFF,-1.0,-88.0,0,-12,21.0,99.5
2026-03-19 19:28:41.036088-05:00,41.9750474,-93.8155869,,mid-band,00019C01F,630720.0,-90.0,-1,-11,,
2026-03-19 19:28:53.963987-05:00,41.9737129,-93.8155967,12.5,mid-band,00019C01F,630720.0,-84.0,5,-11,,
2026-03-19 19:28:56.535079-05:00,41.973118,-93.8156087,13.1,mid-band,00019C01F,630720.0,-86.0,0,-11,10.5,181.0
2026-03-19 19:28:59.106965-05:00,41.9725556,-93.8156141,24.3,mid-band,00019C01F,630720.0,-83.0,2,-11,52.4,221.0
2026-03-19 19:29:01.690017-05:00,41.9721925,-93.8156184,25.2,mid-band,00019C01F,630720.0,-82.0,2,-11,41.9,89.6
2026-03-19 19:29:04.274019-05:00,41.97166,-93.8156238,18.0,mid-band,00019C01F,630720.0,-85.0,3,-11,41.9,133.0
2026-03-19 19:29:06.850862-05:00,41.9713072,-93.8156277,7.81,mid-band,00019C01F,630720.0,-92.0,-5,-11,31.5,188.0
2026-03-19 19:29:09.417084-05:00,41.9707845,-93.8156298,129.0,mid-band,00019C01F,630720.0,-97.0,-8,-12,21.0,147.0
2026-03-19 19:29:12.104811-05:00,41.9702647,-93.8156356,,,,,,,,21.0,55.2
2026-03-19 19:29:17.765398-05:00,41.9693975,-93.8156406,,,,,,,,,
2026-03-19 19:29:23.426555-05:00,41.9683161,-93.8156489,,,,,,,,,
2026-03-19 19:29:29.087700-05:00,41.967151,-93.8156578,,,,,,,,,
2026-03-19 19:29:34.748029-05:00,41.9663839,-93.8156593,,,,,,,,,
2026-03-19 19:29:40.409220-05:00,41.9655583,-93.815659,,,,,,,,,
2026-03-19 19:29:46.070640-05:00,41.9651752,-93.8157817,,,,,,,,,
2026-03-19 19:29:51.731802-05:00,41.9651449,-93.8172801,,mid-band,FFFFFFFFF,-1.0,-114.0,-5,-15,,
2026-03-19 19:30:02.403123-05:00,41.9651455,-93.8182143,,,,,,,,,
2026-03-19 19:30:08.064411-05:00,41.9651468,-93.8192121,,mid-band,00019C01F,630720.0,-108.0,-3,-11,,
2026-03-19 19:30:13.724734-05:00,41.9651488,-93.8204729,31.8,mid-band,00019C01F,630720.0,-114.0,-4,-11,,
2026-03-19 19:30:16.315250-05:00,41.9651491,-93.8211248,36.2,mid-band,00019C01F,630720.0,-109.0,-3,-11,,
2026-03-19 19:30:18.910067-05:00,41.9651489,-93.8215983,56.1,mid-band,00019C01F,630720.0,-105.0,0,-11,,
2026-03-19 19:30:21.524704-05:00,41.9651525,-93.8223429,49.7,mid-band,00019C01F,630720.0,-107.0,-2,-11,,
2026-03-19 19:30:24.133077-05:00,41.9651526,-93.8231121,173.0,mid-band,00019C01F,630720.0,-113.0,-5,-11,,
2026-03-19 19:30:26.864384-05:00,41.9651507,-93.8236347,26.8,mid-band,00019C01F,630720.0,-106.0,-6,-11,0.474,13.2
2026-03-19 19:30:29.449259-05:00,41.9651541,-93.8244528,,mid-band,FFFFFFFFF,-1.0,-96.0,0,-13,0.431,81.8
2026-03-19 19:30:35.110480-05:00,41.9651531,-93.8261927,,,,,,,,,
2026-03-19 19:30:40.771842-05:00,41.965144,-93.827712,,mid-band,FFFFFFFFF,-1.0,-88.0,0,-11,,
2026-03-19 19:30:44.330643-05:00,41.9651405,-93.8289719,15.6,mid-band,00019C01F,630720.0,-92.0,4,-11,,
2026-03-19 19:30:46.905118-05:00,41.9651379,-93.8296114,75.1,mid-band,00019C01F,630720.0,-97.0,3,-11,,
2026-03-19 19:30:49.538836-05:00,41.9651328,-93.8305947,61.8,mid-band,00019C01F,630720.0,-96.0,5,-11,,
2026-03-19 19:30:52.159408-05:00,41.9651265,-93.831602,62.3,mid-band,00019C01F,630720.0,-96.0,9,-11,,
2026-03-19 19:30:54.780425-05:00,41.9651238,-93.8322815,39.8,mid-band,00019C01F,630720.0,-92.0,11,-10,,
2026-03-19 19:30:57.378939-05:00,41.9651165,-93.8333045,42.8,mid-band,00019C01F,630720.0,-91.0,5,-10,,
2026-03-19 19:30:59.980571-05:00,41.9651157,-93.833989,30.0,mid-band,00019C01F,630720.0,-93.0,3,-10,,
2026-03-19 19:31:02.569433-05:00,41.9651325,-93.8368028,,mid-band,FFFFFFFFF,-1.0,-86.0,16,-10,,
2026-03-19 19:31:13.451628-05:00,41.9651508,-93.8390339,,,,,,,,,
2026-03-19 19:31:19.112026-05:00,41.9651721,-93.8413275,22.1,mid-band,00019C01F,630720.0,-90.0,2,-11,,
2026-03-19 19:31:21.692805-05:00,41.9651804,-93.8421039,25.9,mid-band,00019C01F,630720.0,-86.0,5,-11,,
2026-03-19 19:31:24.277531-05:00,41.9651882,-93.8432709,31.3,mid-band,00019C01F,630720.0,-83.0,9,-10,,
2026-03-19 19:31:26.867711-05:00,41.9651943,-93.8440491,30.8,mid-band,00019C01F,630720.0,-86.0,9,-10,,
2026-03-19 19:31:29.457384-05:00,41.9652029,-93.8452164,33.2,mid-band,00019C01F,630720.0,-83.0,11,-10,,
2026-03-19 19:31:32.049290-05:00,41.9652075,-93.8459946,30.3,mid-band,00019C01F,630720.0,-87.0,13,-10,,
2026-03-19 19:31:34.637456-05:00,41.9652165,-93.847168,78.3,mid-band,00019C01F,630720.0,-103.0,4,-11,,
2026-03-19 19:31:37.274517-05:00,41.965225,-93.8483505,23.5,mid-band,00019C01F,630720.0,-104.0,4,-11,,
2026-03-19 19:31:39.856841-05:00,41.9652298,-93.849128,308.0,mid-band,00019C01F,630720.0,-117.0,-2,-11,,
2026-03-19 19:31:42.723767-05:00,41.9652372,-93.8502552,,mid-band,00019C01F,630720.0,-109.0,7,-11,,
2026-03-19 19:31:46.282696-05:00,41.9652476,-93.8516369,,,,,,,,,
2026-03-19 19:31:51.944032-05:00,41.9652446,-93.8531463,,,,,,,,,
2026-03-19 19:31:57.605268-05:00,41.9652452,-93.8545809,,,,,,,,,
2026-03-19 19:32:03.266482-05:00,41.9652368,-93.8554966,,,,,,,,,
2026-03-19 19:32:08.927661-05:00,41.9652361,-93.856043,,,,,,,,,
2026-03-19 19:32:14.587636-05:00,41.9651425,-93.8562026,,,,,,,,,
2026-03-19 19:32:22.948677-05:00,41.9651888,-93.856206,,,,,,,,,
2026-03-19 19:32:28.609899-05:00,41.965234,-93.8562387,,,,,,,,,
2026-03-19 19:32:34.271027-05:00,41.9652087,-93.855925,,,,,,,,,
2026-03-19 19:32:39.932261-05:00,41.9652159,-93.8553537,,,,,,,,,
2026-03-19 19:32:45.593454-05:00,41.9652197,-93.8544461,,,,,,,,,
2026-03-19 19:32:51.254726-05:00,41.9652098,-93.8534899,,,,,,,,,
2026-03-19 19:32:56.915978-05:00,41.9652051,-93.8529368,,,,,,,,,
2026-03-19 19:33:02.577101-05:00,41.9653439,-93.8526438,,,,,,,,,
2026-03-19 19:33:08.238432-05:00,41.9656544,-93.852593,,,,,,,,,
2026-03-19 19:33:13.899587-05:00,41.9659504,-93.8525737,,,,,,,,,
2026-03-19 19:33:19.560687-05:00,41.966926,-93.8524826,,,,,,,,,
2026-03-19 19:33:33.955766-05:00,41.9673385,-93.8524424,,,,,,,,,
2026-03-19 19:33:39.617141-05:00,41.9677317,-93.8524064,,,,,,,,,
2026-03-19 19:33:45.278455-05:00,41.9681508,-93.8523678,,,,,,,,,
2026-03-19 19:33:50.939654-05:00,41.9685083,-93.8523503,,,,,,,,,
2026-03-19 19:33:56.600460-05:00,41.9687575,-93.8526359,,,,,,,,,
2026-03-19 19:34:02.261764-05:00,41.9687576,-93.8532549,,,,,,,,,
2026-03-19 19:34:07.923018-05:00,41.96875,-93.8537986,,mid-band,00019C01F,630720.0,-104.0,5,-11,,
2026-03-19 19:34:12.533018-05:00,41.9687471,-93.8543092,242.0,mid-band,00019C01F,630720.0,-105.0,0,-10,,
2026-03-19 19:34:15.333706-05:00,41.9688546,-93.8544998,67.6,mid-band,00019C01F,630720.0,-109.0,2,-11,,
2026-03-19 19:34:17.960092-05:00,41.968977,-93.8545205,36.5,mid-band,00019C01F,630720.0,-109.0,0,-11,,
2026-03-19 19:34:20.554974-05:00,41.9691771,-93.8545162,20.3,mid-band,00019C01F,630720.0,-117.0,0,-11,,
2026-03-19 19:34:23.133890-05:00,41.9693866,-93.8545125,181.0,mid-band,00019C01F,630720.0,-118.0,-4,-11,0.841,15.1
2026-03-19 19:34:25.873444-05:00,41.9695365,-93.8545123,53.5,mid-band,00019C01F,630720.0,-115.0,-1,-11,,
2026-03-19 19:34:28.485698-05:00,41.9697715,-93.8545136,98.7,mid-band,00019C01F,630720.0,-114.0,-2,-11,,
2026-03-19 19:34:31.143249-05:00,41.9704671,-93.8545097,102.0,mid-band,00019C01F,630720.0,-117.0,-3,-11,,
2026-03-19 19:34:40.450174-05:00,41.9706891,-93.8545135,99.6,mid-band,00019C01F,630720.0,-115.0,0,-11,0.259,106.0
2026-03-19 19:34:43.108703-05:00,41.9709121,-93.8545148,50.4,mid-band,00019C01F,630720.0,-110.0,0,-11,0.259,132.0
2026-03-19 19:34:45.717406-05:00,41.9710596,-93.8545137,49.4,mid-band,00019C01F,630720.0,-104.0,2,-11,1.29,137.0
2026-03-19 19:34:48.325378-05:00,41.9712848,-93.8545099,39.8,mid-band,00019C01F,630720.0,-110.0,0,-11,1.22,179.0
2026-03-19 19:34:50.923608-05:00,41.971441,-93.8545047,42.3,mid-band,00019C01F,630720.0,-115.0,-2,-11,1.04,182.0
2026-03-19 19:34:53.524433-05:00,41.9716795,-93.8545024,142.0,mid-band,00019C01F,630720.0,-110.0,-1,-11,0.518,145.0
2026-03-19 19:34:56.225443-05:00,41.9719156,-93.8545024,381.0,mid-band,00019C01F,630720.0,-111.0,-2,-11,1.04,126.0
2026-03-19 19:34:59.165434-05:00,41.972145,-93.8545036,15.4,mid-band,00019C01F,630720.0,-110.0,-3,-11,1.04,20.1
2026-03-19 19:35:01.739512-05:00,41.9722977,-93.8545082,130.0,mid-band,00019C01F,630720.0,-109.0,-2,-11,0.518,44.2
2026-03-19 19:35:04.428268-05:00,41.9725305,-93.8545067,297.0,mid-band,00019C01F,630720.0,-108.0,-2,-11,,
2026-03-19 19:35:07.283522-05:00,41.9727635,-93.8544963,27.8,mid-band,00019C01F,630720.0,-107.0,-7,-11,2.13,18.6
2026-03-19 19:35:09.870022-05:00,41.9729184,-93.854492,,mid-band,00019C01F,630720.0,-111.0,-9,-12,0.518,5.65
2026-03-19 19:35:13.428675-05:00,41.9732262,-93.8544883,,mid-band,00019C01F,630720.0,-108.0,1,-11,,
2026-03-19 19:35:18.038628-05:00,41.9735381,-93.8544901,52.2,mid-band,00019C01F,630720.0,-107.0,-1,-11,,
2026-03-19 19:35:20.649478-05:00,41.9737762,-93.8544907,15.9,mid-band,00019C01F,630720.0,-107.0,-1,-11,2.07,19.8
2026-03-19 19:35:23.223913-05:00,41.9740169,-93.8544891,18.1,mid-band,00019C01F,630720.0,-110.0,-2,-12,1.04,24.6
2026-03-19 19:35:25.800677-05:00,41.9741796,-93.8544912,39.8,mid-band,00019C01F,630720.0,-113.0,-6,-11,1.55,49.0
2026-03-19 19:35:28.399275-05:00,41.9744302,-93.8544949,25.7,mid-band,00019C01F,630720.0,-109.0,-4,-11,1.55,43.8
2026-03-19 19:35:30.983785-05:00,41.9745991,-93.8544894,128.0,mid-band,00019C01F,630720.0,-117.0,-10,-12,1.04,15.0
2026-03-19 19:35:33.669451-05:00,41.9748432,-93.8544828,105.0,mid-band,00019C01F,630720.0,-115.0,-8,-11,1.04,7.85
2026-03-19 19:35:36.332897-05:00,41.9750851,-93.8544787,198.0,mid-band,00019C01F,630720.0,-116.0,-5,-12,,
2026-03-19 19:35:39.089236-05:00,41.9753332,-93.8544765,90.3,mid-band,00019C01F,630720.0,-120.0,-8,-12,,
2026-03-19 19:35:41.737444-05:00,41.9759981,-93.8544791,,,,,,,,,
2026-03-19 19:35:53.455258-05:00,41.9764951,-93.8544768,,,,,,,,,
2026-03-19 19:35:59.116595-05:00,41.9769853,-93.8544765,,,,,,,,,
2026-03-19 19:36:04.777842-05:00,41.9774102,-93.8544755,91.7,mid-band,00019C01F,630720.0,-117.0,-5,-12,,
2026-03-19 19:36:07.428115-05:00,41.9776736,-93.8544753,,mid-band,00019C01F,630720.0,-118.0,-7,-12,,
2026-03-19 19:36:10.986839-05:00,41.9779397,-93.8544691,27.7,mid-band,00019C01F,630720.0,-120.0,-5,-17,,
2026-03-19 19:36:13.573273-05:00,41.9781945,-93.8544646,21.8,mid-band,00019C01F,630720.0,-115.0,-1,-14,,
2026-03-19 19:36:16.153459-05:00,41.9784459,-93.8544665,192.0,mid-band,00019C01F,630720.0,-116.0,-2,-12,,
2026-03-19 19:36:18.904065-05:00,41.9786189,-93.8544666,286.0,mid-band,00019C01F,630720.0,-123.0,-13,-12,,
2026-03-19 19:36:21.748367-05:00,41.9788836,-93.8544628,266.0,mid-band,00019C01F,630720.0,-120.0,-9,-12,,
2026-03-19 19:36:24.573051-05:00,41.9791459,-93.8544591,,mid-band,00019C01F,630720.0,-120.0,-9,-19,,
2026-03-19 19:36:28.131714-05:00,41.979424,-93.8544581,,mid-band,00019C01F,630720.0,-123.0,-8,-12,0.798,0.388
2026-03-19 19:36:31.690379-05:00,41.9795,-93.8544574,225.0,mid-band,00019C01F,630720.0,-124.0,-12,-12,,
2026-03-19 19:36:34.473475-05:00,41.9795128,-93.8544583,96.5,mid-band,00019C01F,630720.0,-116.0,-6,-12,,
2026-03-19 19:36:37.128405-05:00,41.9796037,-93.8544593,222.0,mid-band,00019C01F,630720.0,-115.0,-7,-12,,
2026-03-19 19:36:39.909132-05:00,41.97969,-93.8544617,151.0,mid-band,00019C01F,630720.0,-117.0,-14,-12,,
2026-03-19 19:36:42.618834-05:00,41.9798368,-93.8544618,137.0,mid-band,00019C01F,630720.0,-117.0,-10,-11,,
2026-03-19 19:36:45.314058-05:00,41.9800068,-93.8544624,39.6,mid-band,00019C01F,630720.0,-115.0,-5,-11,,
2026-03-19 19:36:47.911929-05:00,41.980127,-93.8544617,7.86,mid-band,00019C01F,630720.0,-114.0,-3,-12,,
2026-03-19 19:36:50.478533-05:00,41.9807627,-93.8544619,15.0,mid-band,00019C01F,630720.0,-109.0,-3,-11,1.04,29.5
2026-03-19 19:37:00.868508-05:00,41.9809703,-93.8544592,143.0,mid-band,00019C01F,630720.0,-111.0,-8,-11,0.55,32.9
2026-03-19 19:37:03.570111-05:00,41.9811963,-93.8544598,77.3,mid-band,00019C01F,630720.0,-110.0,0,-11,1.2,49.4
2026-03-19 19:37:06.206081-05:00,41.9814375,-93.8544613,13.4,mid-band,00019C01F,630720.0,-108.0,4,-11,0.55,40.3
2026-03-19 19:37:08.778143-05:00,41.9815968,-93.8544628,11.3,mid-band,00019C01F,630720.0,-107.0,-2,-11,1.81,90.7
2026-03-19 19:37:11.347999-05:00,41.9818295,-93.8544581,,mid-band,00019C01F,630720.0,-118.0,-7,-17,3.62,112.0
2026-03-19 19:37:14.906499-05:00,41.9820595,-93.8544548,,mid-band,00019C01F,630720.0,-109.0,0,-11,,
2026-03-19 19:37:18.465184-05:00,41.9823649,-93.8544529,409.0,mid-band,00019C01F,630720.0,-114.0,-6,-11,,
2026-03-19 19:37:21.433047-05:00,41.9825919,-93.8544534,,mid-band,00019C01F,630720.0,-118.0,-10,-19,1.04,29.6
2026-03-19 19:37:24.991845-05:00,41.982827,-93.8544517,,mid-band,FFFFFFFFF,-1.0,-90.0,0,-10,,
2026-03-19 19:37:28.550492-05:00,41.9831618,-93.8544516,,,,,,,,,
2026-03-19 19:37:34.211793-05:00,41.9836968,-93.8544515,,,,,,,,,
2026-03-19 19:37:39.873114-05:00,41.9841217,-93.8544417,36.5,mid-band,00019C01F,630720.0,-107.0,-1,-11,,
2026-03-19 19:37:42.468447-05:00,41.9843671,-93.8544449,12.7,mid-band,00019C01F,630720.0,-104.0,-2,-11,2.07,80.4
2026-03-19 19:37:45.039790-05:00,41.9845365,-93.8544464,18.5,mid-band,00019C01F,630720.0,-106.0,-2,-11,4.66,126.0
2026-03-19 19:37:47.616893-05:00,41.9847986,-93.8544445,20.7,mid-band,00019C01F,630720.0,-104.0,-3,-11,7.76,161.0
2026-03-19 19:37:50.196285-05:00,41.9850577,-93.8544429,14.8,mid-band,00019C01F,630720.0,-105.0,-3,-11,7.76,147.0
2026-03-19 19:37:52.769722-05:00,41.9852281,-93.8544412,68.7,mid-band,00019C01F,630720.0,-109.0,-6,-12,4.14,115.0
2026-03-19 19:37:55.397102-05:00,41.9854797,-93.8544379,199.0,mid-band,00019C01F,630720.0,-108.0,-7,-11,2.07,63.0
2026-03-19 19:37:58.155056-05:00,41.9857257,-93.8544322,16.9,mid-band,00019C01F,630720.0,-106.0,-6,-11,2.07,47.7
2026-03-19 19:38:00.730730-05:00,41.9863938,-93.854425,,,,,,,,2.07,89.2
2026-03-19 19:38:13.956514-05:00,41.9868307,-93.8544315,,,,,,,,,
2026-03-19 19:38:19.617769-05:00,41.9872376,-93.8544369,,,,,,,,,
2026-03-19 19:38:25.278913-05:00,41.9876837,-93.8544509,,,,,,,,,
2026-03-19 19:38:30.940183-05:00,41.9880508,-93.8544439,,,,,,,,,
2026-03-19 19:38:36.601205-05:00,41.9885226,-93.8544339,,,,,,,,,
2026-03-19 19:38:42.262397-05:00,41.9890105,-93.8544398,,,,,,,,,
2026-03-19 19:38:47.923498-05:00,41.9894022,-93.854445,,,,,,,,,
2026-03-19 19:38:53.584695-05:00,41.98982,-93.8544473,,,,,,,,,
2026-03-19 19:38:59.246410-05:00,41.9902644,-93.8544369,,,,,,,,,
2026-03-19 19:39:04.907668-05:00,41.9906454,-93.8544261,,,,,,,,,
2026-03-19 19:39:10.568423-05:00,41.9915788,-93.8544211,,,,,,,,,
2026-03-19 19:39:23.960028-05:00,41.9920037,-93.8544237,,,,,,,,,
2026-03-19 19:39:29.621255-05:00,41.9924134,-93.8544151,,,,,,,,,
2026-03-19 19:39:35.282491-05:00,41.9928362,-93.8544171,,,,,,,,,
2026-03-19 19:39:40.943751-05:00,41.9931696,-93.8544239,,,,,,,,,
2026-03-19 19:39:46.605327-05:00,41.9935817,-93.8544214,,,,,,,,,
2026-03-19 19:39:52.266535-05:00,41.993918,-93.8544144,,,,,,,,,
2026-03-19 19:39:57.927721-05:00,41.9940438,-93.8543781,,,,,,,,,
2026-03-19 19:40:03.588061-05:00,41.9941126,-93.8540476,,,,,,,,,
2026-03-19 19:40:09.248681-05:00,41.9941722,-93.8536492,111.0,mid-band,00019C01F,630720.0,-106.0,7,-11,,
2026-03-19 19:40:11.918479-05:00,41.9942523,-93.8536146,156.0,mid-band,00019C01F,630720.0,-114.0,-7,-12,,
2026-03-19 19:40:14.633272-05:00,41.9944008,-93.8536073,282.0,mid-band,00019C01F,630720.0,-114.0,-8,-11,,
2026-03-19 19:40:17.473444-05:00,41.9945716,-93.8535958,279.0,mid-band,00019C01F,630720.0,-115.0,-2,-11,,
2026-03-19 19:40:20.310583-05:00,41.9952177,-93.8535646,48.2,mid-band,00019C01F,630720.0,-117.0,-7,-11,,
2026-03-19 19:40:30.898533-05:00,41.9954266,-93.8535614,45.3,mid-band,00019C01F,630720.0,-116.0,-8,-11,,
2026-03-19 19:40:33.502527-05:00,41.9956366,-93.8535572,120.0,mid-band,00019C01F,630720.0,-114.0,-7,-11,,
2026-03-19 19:40:36.180723-05:00,41.9958424,-93.8535558,,mid-band,00019C01F,630720.0,-113.0,-7,-11,,
2026-03-19 19:40:39.739406-05:00,41.9960458,-93.8535575,426.0,mid-band,00019C01F,630720.0,-118.0,-6,-11,,
2026-03-19 19:40:42.724502-05:00,41.996241,-93.8535553,79.8,mid-band,00019C01F,630720.0,-115.0,-6,-11,,
2026-03-19 19:40:45.362943-05:00,41.9964346,-93.8535472,232.0,mid-band,00019C01F,630720.0,-116.0,-7,-11,,
2026-03-19 19:40:48.153147-05:00,41.9966357,-93.8535404,22.6,mid-band,00019C01F,630720.0,-117.0,-3,-11,,
2026-03-19 19:40:50.734374-05:00,41.9967664,-93.8535359,154.0,mid-band,00019C01F,630720.0,-115.0,-9,-11,,
2026-03-19 19:40:53.447423-05:00,41.9969361,-93.8535327,130.0,mid-band,00019C01F,630720.0,-111.0,0,-11,,
2026-03-19 19:40:56.135926-05:00,41.9971006,-93.8535268,32.0,mid-band,00019C01F,630720.0,-113.0,-6,-11,,
2026-03-19 19:40:58.726536-05:00,41.9972142,-93.8535197,22.5,mid-band,00019C01F,630720.0,-116.0,-9,-11,,
2026-03-19 19:41:01.307545-05:00,41.9973943,-93.8535101,36.6,mid-band,00019C01F,630720.0,-111.0,-2,-11,,
2026-03-19 19:41:03.902476-05:00,41.9975208,-93.8535068,13.4,mid-band,00019C01F,630720.0,-111.0,-1,-11,,
2026-03-19 19:41:06.474435-05:00,41.9977238,-93.8535019,15.3,mid-band,00019C01F,630720.0,-107.0,0,-11,,
2026-03-19 19:41:09.048238-05:00,41.9978651,-93.8535008,,mid-band,FFFFFFFFF,-1.0,-109.0,0,-13,,
2026-03-19 19:41:12.606558-05:00,41.9981358,-93.8535012,982.0,mid-band,00019C01F,630720.0,-105.0,-1,-11,,
2026-03-19 19:41:16.147353-05:00,41.9984213,-93.8534782,24.1,mid-band,00019C01F,630720.0,-105.0,-3,-11,,
2026-03-19 19:41:18.730123-05:00,41.9985705,-93.8534541,39.3,mid-band,00019C01F,630720.0,-109.0,-6,-11,,
2026-03-19 19:41:21.328115-05:00,41.9988034,-93.8534024,27.3,mid-band,00019C01F,630720.0,-108.0,-8,-11,,
2026-03-19 19:41:23.913454-05:00,41.9989689,-93.8533585,36.0,mid-band,00019C01F,630720.0,-111.0,-1,-11,,
2026-03-19 19:41:26.508137-05:00,41.9992224,-93.8532818,48.9,mid-band,00019C01F,630720.0,-105.0,-3,-11,1.04,53.3
2026-03-19 19:41:29.115802-05:00,41.9994549,-93.8531992,72.8,mid-band,00019C01F,630720.0,-109.0,-5,-11,1.18,73.3
2026-03-19 19:41:31.747625-05:00,41.9998817,-93.8527817,,,,,,,,1.74,140.0
2026-03-19 19:41:43.445863-05:00,41.9999894,-93.8523034,,,,,,,,,
2026-03-19 19:41:49.107306-05:00,42.0000101,-93.8517491,,mid-band,FFFFFFFFF,-1.0,-109.0,0,-14,,
2026-03-19 19:41:52.665966-05:00,42.0000186,-93.8514406,,,,,,,,,
2026-03-19 19:41:58.327222-05:00,42.00003,-93.8507661,65.4,mid-band,00019C01F,630720.0,-104.0,-8,-11,,
2026-03-19 19:42:00.951371-05:00,42.0000351,-93.8506484,27.7,mid-band,00019C01F,630720.0,-103.0,-9,-11,,
2026-03-19 19:42:03.536960-05:00,42.0000076,-93.8505347,,,,,,,,,
2026-03-19 19:42:09.198252-05:00,41.9996276,-93.8504022,,mid-band,FFFFFFFFF,-1.0,-86.0,8,-11,,
2026-03-19 19:42:14.859461-05:00,41.9990603,-93.8501831,,,,,,,,,
2026-03-19 19:42:20.520709-05:00,41.9982295,-93.8498378,,mid-band,00019C01F,630720.0,-100.0,0,-11,,
2026-03-19 19:42:25.130759-05:00,41.9974923,-93.8495566,20.1,mid-band,00019C01F,630720.0,-103.0,-1,-11,,
2026-03-19 19:42:27.709239-05:00,41.9972107,-93.8494772,11.3,mid-band,00019C01F,630720.0,-95.0,-3,-11,,
2026-03-19 19:42:30.279241-05:00,41.9968008,-93.8494091,12.0,mid-band,00019C01F,630720.0,-92.0,5,-11,16.4,20.8
2026-03-19 19:42:32.850043-05:00,41.9965339,-93.8493808,79.2,mid-band,00019C01F,630720.0,-99.0,-2,-11,23.3,107.0
2026-03-19 19:42:35.488210-05:00,41.9961276,-93.8493643,,,,,,,,,
2026-03-19 19:42:41.149287-05:00,41.9946524,-93.8493511,13.1,mid-band,00019C01F,630720.0,-85.0,9,-11,9.83,47.1
2026-03-19 19:42:50.364286-05:00,41.9944463,-93.8493479,17.3,mid-band,00019C01F,630720.0,-84.0,8,-11,49.7,102.0
2026-03-19 19:42:52.940132-05:00,41.9943807,-93.8493478,18.7,mid-band,00019C01F,630720.0,-85.0,6,-11,60.6,121.0
2026-03-19 19:42:55.517515-05:00,41.994368,-93.8493479,12.8,mid-band,00019C01F,630720.0,-85.0,6,-11,51.0,157.0
2026-03-19 19:42:58.089462-05:00,41.9942963,-93.8493478,17.6,mid-band,00019C01F,630720.0,-89.0,5,-11,41.9,175.0
2026-03-19 19:43:00.665854-05:00,41.9942031,-93.8493452,23.6,mid-band,00019C01F,630720.0,-93.0,4,-11,41.9,224.0
2026-03-19 19:43:03.248475-05:00,41.9940178,-93.8493483,66.8,mid-band,00019C01F,630720.0,-89.0,5,-11,31.5,229.0
2026-03-19 19:43:05.874357-05:00,41.9938715,-93.8493483,42.1,mid-band,00019C01F,630720.0,-93.0,0,-11,41.9,244.0
2026-03-19 19:43:08.475282-05:00,41.9936227,-93.8493462,43.1,mid-band,00019C01F,630720.0,-91.0,0,-11,31.5,249.0
2026-03-19 19:43:11.077519-05:00,41.9933527,-93.8493429,38.9,mid-band,00019C01F,630720.0,-92.0,0,-11,21.0,236.0
2026-03-19 19:43:13.675397-05:00,41.9931634,-93.8493417,53.3,mid-band,00019C01F,630720.0,-94.0,-2,-12,21.0,147.0
2026-03-19 19:43:16.287364-05:00,41.9928737,-93.8493399,44.1,mid-band,00019C01F,630720.0,-96.0,-5,-16,10.5,141.0
2026-03-19 19:43:18.890543-05:00,41.9926775,-93.8493384,76.1,mid-band,00019C01F,630720.0,-104.0,-5,-12,10.5,120.0
2026-03-19 19:43:21.525470-05:00,41.9923787,-93.8493401,23.1,mid-band,00019C01F,630720.0,-97.0,-1,-11,10.5,85.9
2026-03-19 19:43:24.107461-05:00,41.9920747,-93.8493402,28.2,mid-band,00019C01F,630720.0,-96.0,-3,-11,10.5,216.0
2026-03-19 19:43:26.694616-05:00,41.9918712,-93.8493389,26.2,mid-band,00019C01F,630720.0,-99.0,-1,-11,10.5,210.0
2026-03-19 19:43:29.279752-05:00,41.9915686,-93.8493378,13.0,mid-band,00019C01F,630720.0,-92.0,1,-11,10.5,276.0
2026-03-19 19:43:31.851615-05:00,41.991367,-93.8493378,18.6,mid-band,00019C01F,630720.0,-98.0,4,-11,10.5,208.0
2026-03-19 19:43:34.428917-05:00,41.9910648,-93.8493373,23.2,mid-band,00019C01F,630720.0,-98.0,6,-10,10.5,275.0
2026-03-19 19:43:37.010835-05:00,41.9908623,-93.8493358,47.1,mid-band,00019C01F,630720.0,-98.0,2,-11,10.5,229.0
2026-03-19 19:43:39.616927-05:00,41.9905537,-93.8493287,21.2,mid-band,00019C01F,630720.0,-104.0,-6,-11,10.5,184.0
2026-03-19 19:43:42.196832-05:00,41.9902433,-93.8492984,,,,,,,,,
2026-03-19 19:43:47.858122-05:00,41.9897702,-93.8491613,,,,,,,,,
2026-03-19 19:43:53.519319-05:00,41.9888895,-93.8486007,,,,,,,,,
2026-03-19 19:44:02.949384-05:00,41.9884671,-93.8481803,23.8,mid-band,00019C01F,630720.0,-100.0,-2,-11,,
2026-03-19 19:44:05.531866-05:00,41.9882068,-93.8479211,11.9,mid-band,00019C01F,630720.0,-96.0,6,-11,,
2026-03-19 19:44:08.102467-05:00,41.987943,-93.8476579,25.9,mid-band,00019C01F,630720.0,-95.0,-3,-11,,
2026-03-19 19:44:10.687021-05:00,41.9877651,-93.8474798,26.7,mid-band,00019C01F,630720.0,-95.0,-4,-12,,
2026-03-19 19:44:13.272521-05:00,41.987495,-93.8472081,,,,,,,,,
2026-03-19 19:44:18.933782-05:00,41.9870467,-93.8467634,,,,,,,,,
2026-03-19 19:44:24.594986-05:00,41.9865217,-93.8462371,,,,,,,,,
2026-03-19 19:44:30.256226-05:00,41.9859858,-93.8457066,,mid-band,00019C01F,630720.0,-107.0,-12,-11,,
2026-03-19 19:44:35.917562-05:00,41.9855499,-93.8452669,,,,,,,,,
2026-03-19 19:44:41.578948-05:00,41.9850346,-93.8447534,,,,,,,,,
2026-03-19 19:44:47.240038-05:00,41.9845412,-93.8442615,,mid-band,FFFFFFFFF,-1.0,-106.0,-8,-15,,
2026-03-19 19:44:51.849997-05:00,41.98422,-93.843939,,,,,,,,,
2026-03-19 19:44:57.511320-05:00,41.9837425,-93.843467,,mid-band,00019C01F,630720.0,-97.0,0,-11,,
2026-03-19 19:45:01.069971-05:00,41.9828958,-93.8427638,18.6,mid-band,00019C01F,630720.0,-91.0,4,-11,,
2026-03-19 19:45:10.870523-05:00,41.9826187,-93.8425784,87.9,mid-band,00019C01F,630720.0,-96.0,-1,-11,6.21,206.0
2026-03-19 19:45:13.517119-05:00,41.9823274,-93.8423992,77.6,mid-band,00019C01F,630720.0,-95.0,0,-11,7.25,129.0
2026-03-19 19:45:16.153427-05:00,41.9820232,-93.8422334,52.5,mid-band,00019C01F,630720.0,-98.0,-1,-12,6.21,119.0
2026-03-19 19:45:18.764630-05:00,41.9818235,-93.8421319,49.7,mid-band,00019C01F,630720.0,-93.0,-1,-11,10.4,86.1
2026-03-19 19:45:21.373252-05:00,41.9815261,-93.8419956,58.5,mid-band,00019C01F,630720.0,-94.0,-1,-15,18.1,120.0
2026-03-19 19:45:23.990389-05:00,41.981328,-93.8419118,90.8,mid-band,00019C01F,630720.0,-100.0,-3,-12,27.4,142.0
2026-03-19 19:45:26.639737-05:00,41.9810261,-93.841809,36.7,mid-band,00019C01F,630720.0,-101.0,-6,-11,5.18,45.1
2026-03-19 19:45:29.235174-05:00,41.9807175,-93.8417191,,mid-band,FFFFFFFFF,-1.0,-79.0,0,-10,4.66,42.5
2026-03-19 19:45:34.896495-05:00,41.9801875,-93.8415763,,,,,,,,,
2026-03-19 19:45:40.557866-05:00,41.9795509,-93.8414113,,,,,,,,,
2026-03-19 19:45:46.219326-05:00,41.9789133,-93.841239,,,,,,,,,
2026-03-19 19:45:51.880374-05:00,41.9783768,-93.8410906,,,,,,,,,
2026-03-19 19:45:57.541625-05:00,41.9777652,-93.8409303,,,,,,,,,
2026-03-19 19:46:03.202957-05:00,41.9771985,-93.8407743,,,,,,,,,
2026-03-19 19:46:08.864004-05:00,41.9767341,-93.8406471,,,,,,,,,
2026-03-19 19:46:14.525340-05:00,41.9758962,-93.8404306,,,,,,,,,
2026-03-19 19:46:22.950075-05:00,41.9754033,-93.8403463,,,,,,,,,
2026-03-19 19:46:28.611449-05:00,41.9748028,-93.8403363,,,,,,,,,
2026-03-19 19:46:34.272325-05:00,41.9742009,-93.8403424,,,,,,,,,
2026-03-19 19:46:39.933743-05:00,41.9736974,-93.8403531,,,,,,,,,
2026-03-19 19:46:45.594966-05:00,41.9730937,-93.8403593,13.5,mid-band,00019C01F,630720.0,-89.0,0,-11,,
2026-03-19 19:46:48.165535-05:00,41.9727788,-93.840368,,,,,,,,,
2026-03-19 19:46:53.827293-05:00,41.9722588,-93.8403709,,,,,,,,,
2026-03-19 19:46:59.488774-05:00,41.9716368,-93.8403808,,,,,,,,,
2026-03-19 19:47:05.149415-05:00,41.9710298,-93.8403865,,,,,,,,,
2026-03-19 19:47:10.810768-05:00,41.9705241,-93.8403982,9.86,mid-band,00019C01F,630720.0,-89.0,7,-10,,
2026-03-19 19:47:13.378220-05:00,41.9702214,-93.8404041,16.3,mid-band,00019C01F,630720.0,-90.0,7,-10,,
2026-03-19 19:47:15.954198-05:00,41.97002,-93.8404047,8.5,mid-band,00019C01F,630720.0,-89.0,6,-10,,
2026-03-19 19:47:18.521993-05:00,41.969718,-93.8404117,29.8,mid-band,00019C01F,630720.0,-89.0,7,-10,9.55,22.6
2026-03-19 19:47:21.110071-05:00,41.9688383,-93.8404287,49.6,mid-band,00019C01F,630720.0,-89.0,4,-10,9.32,304.0
2026-03-19 19:47:30.397114-05:00,41.9685455,-93.8404346,62.9,mid-band,00019C01F,630720.0,-88.0,3,-11,29.5,134.0
2026-03-19 19:47:33.018868-05:00,41.9683476,-93.8404375,30.9,mid-band,00019C01F,630720.0,-86.0,4,-11,39.9,128.0
2026-03-19 19:47:35.608724-05:00,41.968039,-93.8404437,44.6,mid-band,00019C01F,630720.0,-88.0,4,-10,20.7,246.0
2026-03-19 19:47:38.212279-05:00,41.9677202,-93.840448,42.5,mid-band,00019C01F,630720.0,-87.0,4,-11,41.5,256.0
2026-03-19 19:47:40.813268-05:00,41.9675054,-93.840449,53.5,mid-band,00019C01F,630720.0,-87.0,1,-11,31.1,253.0
2026-03-19 19:47:43.425492-05:00,41.9671784,-93.8404527,82.4,mid-band,00019C01F,630720.0,-87.0,1,-11,41.4,251.0
2026-03-19 19:47:46.066712-05:00,41.9669624,-93.8404587,27.4,mid-band,00019C01F,630720.0,-87.0,1,-11,20.7,172.0
2026-03-19 19:47:48.653196-05:00,41.9666817,-93.840464,64.9,mid-band,00019C01F,630720.0,-89.0,-1,-11,41.9,268.0
2026-03-19 19:47:51.277027-05:00,41.966522,-93.8404666,41.1,mid-band,00019C01F,630720.0,-93.0,-3,-11,31.5,234.0
2026-03-19 19:47:53.877197-05:00,41.9664453,-93.8404863,37.8,mid-band,00019C01F,630720.0,-90.0,0,-11,21.0,218.0
2026-03-19 19:47:56.473888-05:00,41.9663609,-93.8404842,,,,,,,,31.5,201.0
2026-03-19 19:48:02.135375-05:00,41.9663418,-93.8404521,,mid-band,FFFFFFFFF,-1.0,-93.0,-4,-16,,
2026-03-19 19:48:07.796032-05:00,41.9663464,-93.8405002,,,,,,,,,
2026-03-19 19:48:13.457066-05:00,41.9663615,-93.8404537,,,,,,,,,
2026-03-19 19:48:19.118246-05:00,41.9665189,-93.8404356,,,,,,,,,
2026-03-19 19:48:24.779576-05:00,41.9669366,-93.8404268,,mid-band,00019C01F,630720.0,-93.0,6,-10,,
2026-03-19 19:48:30.440742-05:00,41.9689799,-93.8403807,13.2,mid-band,00019C01F,630720.0,-96.0,3,-10,,
2026-03-19 19:48:40.861189-05:00,41.9695661,-93.8403685,7.35,mid-band,00019C01F,630720.0,-98.0,8,-10,9.32,137.0
2026-03-19 19:48:43.427308-05:00,41.9701753,-93.8403579,25.2,mid-band,00019C01F,630720.0,-97.0,7,-10,3.11,207.0
2026-03-19 19:48:46.011107-05:00,41.970588,-93.8403527,32.2,mid-band,00019C01F,630720.0,-102.0,-2,-11,4.14,162.0
2026-03-19 19:48:48.602048-05:00,41.971221,-93.840336,77.6,mid-band,00019C01F,630720.0,-107.0,-6,-12,2.07,10.0
2026-03-19 19:48:51.238311-05:00,41.9718643,-93.8403218,,,,,,,,,
2026-03-19 19:48:56.899634-05:00,41.9728712,-93.8403028,,,,,,,,,
2026-03-19 19:49:02.560804-05:00,41.9740466,-93.8402782,,mid-band,FFFFFFFFF,-1.0,-107.0,0,-15,,
2026-03-19 19:49:06.119744-05:00,41.9748499,-93.8402599,,,,,,,,,
2026-03-19 19:49:11.780700-05:00,41.9758394,-93.8403413,195.0,mid-band,00019C01F,630720.0,-104.0,-6,-12,,
2026-03-19 19:49:14.534552-05:00,41.9764613,-93.8404984,18.4,mid-band,00019C01F,630720.0,-98.0,5,-11,,
2026-03-19 19:49:17.111543-05:00,41.9771067,-93.8406747,11.4,mid-band,00019C01F,630720.0,-101.0,2,-11,,
2026-03-19 19:49:19.681567-05:00,41.9775453,-93.8407957,21.5,mid-band,00019C01F,630720.0,-102.0,4,-11,,
2026-03-19 19:49:22.261591-05:00,41.97821,-93.8409788,261.0,mid-band,00019C01F,630720.0,-107.0,-4,-12,,
2026-03-19 19:49:25.081479-05:00,41.9786552,-93.8411015,15.9,mid-band,00019C01F,630720.0,-100.0,-2,-11,3.04,10.7
2026-03-19 19:49:27.656043-05:00,41.9793109,-93.841285,29.7,mid-band,00019C01F,630720.0,-107.0,-3,-11,5.69,108.0
2026-03-19 19:49:30.244431-05:00,41.9799559,-93.8414639,,mid-band,00019C01F,630720.0,-99.0,1,-11,2.07,65.0
2026-03-19 19:49:35.905808-05:00,41.9810057,-93.8417615,,mid-band,00019C01F,630720.0,-44.0,0,-3,,
2026-03-19 19:49:39.464480-05:00,41.9817804,-93.8420714,28.2,mid-band,00019C01F,630720.0,-103.0,0,-11,,
2026-03-19 19:49:42.051634-05:00,41.9833226,-93.8430744,30.6,mid-band,00019C01F,630720.0,-98.0,0,-11,,
2026-03-19 19:49:50.386599-05:00,41.9838974,-93.8436045,61.3,mid-band,00019C01F,630720.0,-105.0,0,-11,8.28,252.0
2026-03-19 19:49:53.006554-05:00,41.9842728,-93.8439806,23.8,mid-band,00019C01F,630720.0,-104.0,1,-11,2.07,171.0
2026-03-19 19:49:55.588926-05:00,41.9848235,-93.8445267,55.0,mid-band,00019C01F,630720.0,-111.0,-2,-12,4.14,155.0
2026-03-19 19:49:58.202931-05:00,41.985358,-93.8450504,,mid-band,00019C01F,630720.0,-97.0,2,-11,2.07,28.7
2026-03-19 19:50:02.813070-05:00,41.986063,-93.845754,66.7,mid-band,00019C01F,630720.0,-106.0,-13,-20,,
2026-03-19 19:50:05.438555-05:00,41.9865844,-93.846272,48.9,mid-band,00019C01F,630720.0,-95.0,-7,-11,2.07,130.0
2026-03-19 19:50:08.046215-05:00,41.9869174,-93.8466052,169.0,mid-band,00019C01F,630720.0,-100.0,-11,-19,6.21,118.0
2026-03-19 19:50:10.773465-05:00,41.9874181,-93.8471051,,mid-band,FFFFFFFFF,-1.0,-93.0,3,-12,4.14,35.3
2026-03-19 19:50:14.332238-05:00,41.9881113,-93.8477954,21.1,mid-band,00019C01F,630720.0,-99.0,0,-12,,
2026-03-19 19:50:16.911890-05:00,41.9884679,-93.8481514,19.2,mid-band,00019C01F,630720.0,-98.0,1,-11,,
2026-03-19 19:50:19.489847-05:00,41.9890217,-93.848672,,mid-band,FFFFFFFFF,-1.0,-115.0,-20,-20,2.59,75.4
2026-03-19 19:50:24.100033-05:00,41.990052,-93.8492228,,,,,,,,,
2026-03-19 19:50:29.761339-05:00,41.9911507,-93.8493052,,mid-band,FFFFFFFFF,-1.0,-108.0,0,-17,,
2026-03-19 19:50:35.422733-05:00,41.9924714,-93.8493048,,,,,,,,,
2026-03-19 19:50:41.084062-05:00,41.9935421,-93.8493078,,mid-band,00019C01F,630720.0,-44.0,1,-3,,
2026-03-19 19:50:45.694119-05:00,41.9938567,-93.8493055,13.0,mid-band,00019C01F,630720.0,-95.0,9,-10,,
2026-03-19 19:50:48.265447-05:00,41.9939642,-93.8493039,16.0,mid-band,00019C01F,630720.0,-96.0,7,-10,,
2026-03-19 19:50:50.839989-05:00,41.9940409,-93.8492994,29.7,mid-band,00019C01F,630720.0,-94.0,8,-10,,
2026-03-19 19:51:00.884674-05:00,41.9941798,-93.8492935,29.2,mid-band,00019C01F,630720.0,-95.0,9,-10,19.7,294.0
2026-03-19 19:51:03.472911-05:00,41.9943694,-93.8492993,22.6,mid-band,00019C01F,630720.0,-93.0,11,-10,14.5,155.0
2026-03-19 19:51:06.054468-05:00,41.9945254,-93.8493028,19.3,mid-band,00019C01F,630720.0,-102.0,-2,-11,14.5,206.0
2026-03-19 19:51:08.632523-05:00,41.9947942,-93.849308,22.1,mid-band,00019C01F,630720.0,-98.0,0,-11,7.25,203.0
2026-03-19 19:51:11.213610-05:00,41.9951237,-93.84931,19.0,mid-band,00019C01F,630720.0,-102.0,-3,-11,7.25,212.0
2026-03-19 19:51:13.791432-05:00,41.9953691,-93.8493092,,mid-band,FFFFFFFFF,-1.0,-96.0,0,-19,14.5,243.0
2026-03-19 19:51:19.452530-05:00,41.9962033,-93.8493125,,,,,,,,,
2026-03-19 19:51:25.113937-05:00,41.9971484,-93.8494137,,,,,,,,,
2026-03-19 19:51:30.775301-05:00,41.9979614,-93.8496845,27.4,mid-band,00019C01F,630720.0,-100.0,0,-11,,
2026-03-19 19:51:33.361550-05:00,41.9984414,-93.8498813,424.0,mid-band,00019C01F,630720.0,-102.0,-2,-11,7.25,237.0
2026-03-19 19:51:36.344938-05:00,41.9989115,-93.8500817,,mid-band,FFFFFFFFF,-1.0,-108.0,0,-13,,
2026-03-19 19:51:42.006510-05:00,41.9996864,-93.8503765,,,,,,,,,
2026-03-19 19:51:47.668025-05:00,42.0006636,-93.8505913,,mid-band,00019C01F,630720.0,-103.0,0,-11,,
2026-03-19 19:51:51.226746-05:00,42.0013283,-93.8506608,31.2,mid-band,00019C01F,630720.0,-99.0,7,-11,1.14,3.31
2026-03-19 19:51:53.816787-05:00,42.001659,-93.8506898,269.0,mid-band,00019C01F,630720.0,-108.0,-6,-11,4.81,81.7
2026-03-19 19:51:56.645128-05:00,42.0021596,-93.8507336,10.9,mid-band,00019C01F,630720.0,-100.0,1,-11,1.04,31.2
2026-03-19 19:51:59.214793-05:00,42.0026628,-93.850772,15.7,mid-band,00019C01F,630720.0,-102.0,0,-11,7.25,43.5
2026-03-19 19:52:01.789238-05:00,42.0039896,-93.8508861,23.6,mid-band,00019C01F,630720.0,-107.0,-5,-11,14.0,134.0
2026-03-19 19:52:10.372755-05:00,42.004497,-93.850926,471.0,mid-band,00019C01F,630720.0,-111.0,-13,-19,,
2026-03-19 19:52:13.402794-05:00,42.005009,-93.8509706,,,,,,,,,
2026-03-19 19:52:19.064192-05:00,42.0058893,-93.8510488,,,,,,,,,
2026-03-19 19:52:24.725947-05:00,42.0069989,-93.8511395,,,,,,,,,
2026-03-19 19:52:30.387424-05:00,42.0081265,-93.8512398,,,,,,,,,
2026-03-19 19:52:36.048516-05:00,42.0090397,-93.8513212,,,,,,,,,
2026-03-19 19:52:41.709874-05:00,42.0101248,-93.8514138,,,,,,,,,
2026-03-19 19:52:47.371121-05:00,42.0112128,-93.8515102,,,,,,,,,
2026-03-19 19:52:53.032624-05:00,42.0121093,-93.8515894,12.2,mid-band,00019C01F,630720.0,-107.0,-4,-11,,
2026-03-19 19:52:55.603653-05:00,42.0126379,-93.851632,18.6,mid-band,00019C01F,630720.0,-107.0,-6,-11,,
2026-03-19 19:52:58.181013-05:00,42.013148,-93.8516725,24.2,mid-band,00019C01F,630720.0,-106.0,-4,-11,2.07,141.0
2026-03-19 19:53:00.764041-05:00,42.0134815,-93.8517042,27.1,mid-band,00019C01F,630720.0,-105.0,-4,-11,6.21,195.0
2026-03-19 19:53:03.349451-05:00,42.0139779,-93.8517536,26.4,mid-band,00019C01F,630720.0,-107.0,-3,-11,8.28,134.0
2026-03-19 19:53:05.934543-05:00,42.0143123,-93.8518001,26.3,mid-band,00019C01F,630720.0,-104.0,-5,-11,8.28,225.0
2026-03-19 19:53:08.519422-05:00,42.0148207,-93.851902,,,,,,,,4.66,39.2
2026-03-19 19:53:14.180728-05:00,42.016374,-93.8523827,,,,,,,,,
2026-03-19 19:53:22.947411-05:00,42.0172428,-93.8525504,10.8,mid-band,00019C01F,630720.0,-91.0,-3,-11,,
2026-03-19 19:53:25.516712-05:00,42.0177697,-93.8525646,11.3,mid-band,00019C01F,630720.0,-92.0,0,-11,,
2026-03-19 19:53:28.086572-05:00,42.0183036,-93.8525355,26.4,mid-band,00019C01F,630720.0,-94.0,-2,-11,31.1,167.0
2026-03-19 19:53:30.671545-05:00,42.0186605,-93.8525138,13.8,mid-band,00019C01F,630720.0,-93.0,-2,-11,24.8,199.0
2026-03-19 19:53:33.244236-05:00,42.0191981,-93.8524805,22.5,mid-band,00019C01F,630720.0,-94.0,-5,-11,25.9,229.0
2026-03-19 19:53:35.825618-05:00,42.0195588,-93.8524583,21.2,mid-band,00019C01F,630720.0,-91.0,-3,-11,31.1,248.0
2026-03-19 19:53:38.405612-05:00,42.0200927,-93.8524299,19.9,mid-band,00019C01F,630720.0,-91.0,-6,-11,38.3,271.0
2026-03-19 19:53:40.984623-05:00,42.0204491,-93.8524088,25.4,mid-band,00019C01F,630720.0,-93.0,-6,-11,20.8,210.0
2026-03-19 19:53:43.569236-05:00,42.0209894,-93.8523777,39.9,mid-band,00019C01F,630720.0,-95.0,-5,-11,31.3,294.0
2026-03-19 19:53:46.168035-05:00,42.0215349,-93.8523493,,,,,,,,,
2026-03-19 19:53:51.828537-05:00,42.0224615,-93.8522989,,,,,,,,,
2026-03-19 19:53:57.489861-05:00,42.0235895,-93.852236,,mid-band,FFFFFFFFF,-1.0,-91.0,3,-12,,
2026-03-19 19:54:01.048687-05:00,42.0241554,-93.8522071,,,,,,,,,
2026-03-19 19:54:06.709464-05:00,42.0252837,-93.852122,,,,,,,,,
2026-03-19 19:54:12.370746-05:00,42.0263816,-93.851879,,,,,,,,,
2026-03-19 19:54:18.032066-05:00,42.0272777,-93.8516425,,,,,,,,,
2026-03-19 19:54:23.692729-05:00,42.0290732,-93.8515187,,,,,,,,,
2026-03-19 19:54:32.952106-05:00,42.0298826,-93.8516936,,,,,,,,,
2026-03-19 19:54:38.613452-05:00,42.0308256,-93.8520815,,,,,,,,,
2026-03-19 19:54:44.274678-05:00,42.0318173,-93.8525643,,,,,,,,,
2026-03-19 19:54:49.935921-05:00,42.0326467,-93.8529629,,,,,,,,,
2026-03-19 19:54:55.596724-05:00,42.033478,-93.8533694,,,,,,,,,
2026-03-19 19:55:01.258046-05:00,42.0340967,-93.8536692,,,,,,,,,
2026-03-19 19:55:06.919375-05:00,42.0343484,-93.8537254,,,,,,,,,
2026-03-19 19:55:12.580713-05:00,42.0344287,-93.8536617,,,,,,,,,
2026-03-19 19:55:18.242107-05:00,42.0344889,-93.8530624,,,,,,,,,
2026-03-19 19:55:23.903184-05:00,42.0345208,-93.8523253,,,,,,,,,
2026-03-19 19:55:29.564408-05:00,42.0346185,-93.849797,,,,,,,,,
2026-03-19 19:55:43.959979-05:00,42.0346597,-93.8486126,,,,,,,,,
2026-03-19 19:55:49.621380-05:00,42.0347023,-93.8474408,,,,,,,,,
2026-03-19 19:55:55.282817-05:00,42.0347444,-93.8462911,,,,,,,,,
2026-03-19 19:56:00.944077-05:00,42.0347828,-93.8452508,,,,,,,,,
2026-03-19 19:56:06.605361-05:00,42.0348282,-93.8439478,,,,,,,,,
2026-03-19 19:56:12.266778-05:00,42.0348773,-93.8426078,,,,,,,,,
2026-03-19 19:56:17.927978-05:00,42.0349163,-93.8414836,,,,,,,,,
2026-03-19 19:56:23.589136-05:00,42.0349537,-93.8401233,,,,,,,,,
2026-03-19 19:56:29.250395-05:00,42.0349626,-93.8387508,,,,,,,,,
2026-03-19 19:56:34.911008-05:00,42.0349453,-93.8375741,,,,,,,,,
2026-03-19 19:56:40.572436-05:00,42.0348757,-93.8344907,,,,,,,,,
2026-03-19 19:56:53.963915-05:00,42.0348424,-93.8330176,,,,,,,,,
2026-03-19 19:56:59.625236-05:00,42.0348121,-93.8315291,,,,,,,,,
2026-03-19 19:57:05.286482-05:00,42.0347757,-93.830021,,,,,,,,,
2026-03-19 19:57:10.947781-05:00,42.0347468,-93.828759,,,,,,,,,
2026-03-19 19:57:16.609120-05:00,42.0347172,-93.8272646,,,,,,,,,
2026-03-19 19:57:22.270397-05:00,42.0346846,-93.8257959,,,,,,,,,
2026-03-19 19:57:27.931638-05:00,42.034664,-93.8245767,,,,,,,,,
2026-03-19 19:57:33.592931-05:00,42.0346344,-93.8230845,,,,,,,,,
2026-03-19 19:57:39.254267-05:00,42.0346286,-93.8215145,,,,,,,,,
2026-03-19 19:57:44.915906-05:00,42.0346234,-93.8201677,,,,,,,,,
2026-03-19 19:57:50.576695-05:00,42.0346178,-93.816694,,,,,,,,,
2026-03-19 19:58:03.958938-05:00,42.0346157,-93.8151846,,,,,,,,,
2026-03-19 19:58:09.620251-05:00,42.0346131,-93.8136814,,,,,,,,,
2026-03-19 19:58:15.281416-05:00,42.0346085,-93.8121457,,,,,,,,,
2026-03-19 19:58:20.942618-05:00,42.0346067,-93.8108564,,,,,,,,,
2026-03-19 19:58:26.603908-05:00,42.0346045,-93.8093191,,,,,,,,,
2026-03-19 19:58:32.265162-05:00,42.0345999,-93.807802,,,,,,,,,
2026-03-19 19:58:37.926528-05:00,42.034598,-93.8065367,,,,,,,,,
2026-03-19 19:58:43.587831-05:00,42.0345957,-93.8050434,,,,,,,,,
2026-03-19 19:58:49.249147-05:00,42.0345912,-93.8035671,,,,,,,,,
2026-03-19 19:58:54.910499-05:00,42.0345824,-93.8023392,,,,,,,,,
2026-03-19 19:59:00.571801-05:00,42.0339392,-93.7991805,,,,,,,,,
2026-03-19 19:59:13.956021-05:00,42.0332361,-93.7978817,,,,,,,,,
2026-03-19 19:59:19.616682-05:00,42.0323121,-93.796821,,,,,,,,,
2026-03-19 19:59:25.277417-05:00,42.0312246,-93.7960391,,,,,,,,,
2026-03-19 19:59:30.938644-05:00,42.0302746,-93.7954616,23.0,mid-band,00019C00B,630720.0,-80.0,-1,-11,,
2026-03-19 19:59:33.520215-05:00,42.0297016,-93.7951057,9.5,mid-band,00019C00B,630720.0,-81.0,-4,-11,,
2026-03-19 19:59:36.087697-05:00,42.0293193,-93.794866,20.9,mid-band,00019C00B,630720.0,-92.0,-5,-17,,
2026-03-19 19:59:38.667263-05:00,42.0287508,-93.7945049,,,,,,,,,
2026-03-19 19:59:44.328799-05:00,42.0277137,-93.7936103,,,,,,,,,
2026-03-19 19:59:49.989405-05:00,42.0270114,-93.792672,162.0,mid-band,00019C00B,630720.0,-83.0,2,-11,,
2026-03-19 19:59:52.709536-05:00,42.0266417,-93.7920511,172.0,mid-band,00019C00B,630720.0,-89.0,0,-11,,
2026-03-19 19:59:55.439987-05:00,42.0262679,-93.791421,26.8,mid-band,00019C00B,630720.0,-87.0,0,-11,,
2026-03-19 19:59:58.025409-05:00,42.0260219,-93.7909989,61.3,mid-band,00019C00B,630720.0,-79.0,3,-11,,
2026-03-19 20:00:00.645571-05:00,42.0256548,-93.7903676,50.2,mid-band,00019C00B,630720.0,-81.0,1,-11,47.9,24.2
2026-03-19 20:00:03.254613-05:00,42.0252951,-93.789751,52.8,mid-band,00019C00B,630720.0,-87.0,-3,-11,14.0,105.0
2026-03-19 20:00:05.866128-05:00,42.0250584,-93.7893486,20.1,mid-band,00019C00B,630720.0,-89.0,-3,-11,18.1,153.0
2026-03-19 20:00:08.444701-05:00,42.024708,-93.7887444,43.0,mid-band,00019C00B,630720.0,-86.0,-4,-11,22.3,254.0
2026-03-19 20:00:11.046689-05:00,42.0237539,-93.7867409,96.8,mid-band,00019C01F,630720.0,-80.0,-2,-11,10.9,119.0
2026-03-19 20:00:20.949714-05:00,42.0235376,-93.785958,,,,,,,,9.31,78.5
2026-03-19 20:00:26.611023-05:00,42.0232493,-93.7843048,,,,,,,,,
2026-03-19 20:00:32.271570-05:00,42.023115,-93.782596,,mid-band,00019C01F,630720.0,-86.0,-5,-11,,
2026-03-19 20:00:35.829961-05:00,42.0231075,-93.7817403,13.9,mid-band,00019C01F,630720.0,-84.0,-3,-11,,
2026-03-19 20:00:38.402535-05:00,42.0231192,-93.7808991,19.4,mid-band,00019C01F,630720.0,-79.0,-5,-11,,
2026-03-19 20:00:40.980664-05:00,42.0231264,-93.7803508,19.8,mid-band,00019C01F,630720.0,-74.0,-6,-11,,
2026-03-19 20:00:43.559341-05:00,42.0231427,-93.779572,21.9,mid-band,00019C00B,630720.0,-75.0,0,-11,,
2026-03-19 20:00:46.139759-05:00,42.0231549,-93.7788403,19.7,mid-band,00019C00B,630720.0,-69.0,2,-11,4.66,74.6
2026-03-19 20:00:48.718285-05:00,42.0231621,-93.7783821,17.6,mid-band,00019C00B,630720.0,-70.0,4,-10,32.6,224.0
2026-03-19 20:00:51.294699-05:00,42.0231668,-93.7777823,14.0,mid-band,00019C00B,630720.0,-65.0,9,-10,38.3,194.0
2026-03-19 20:00:53.867614-05:00,42.0231715,-93.7774322,238.0,mid-band,00019C00B,630720.0,-81.0,4,-11,46.6,249.0
2026-03-19 20:00:56.664455-05:00,42.0231713,-93.7770474,12.9,mid-band,00019C00B,630720.0,-71.0,5,-10,43.0,129.0
2026-03-19 20:00:59.236252-05:00,42.0230842,-93.7768489,19.6,mid-band,00019C00B,630720.0,-76.0,5,-11,42.4,190.0
2026-03-19 20:01:01.814698-05:00,42.0229708,-93.7768188,16.2,mid-band,00019C00B,630720.0,-62.0,6,-10,40.4,228.0
2026-03-19 20:01:04.389477-05:00,42.0227541,-93.7768172,17.4,mid-band,00019C00B,630720.0,-74.0,3,-10,41.9,262.0
2026-03-19 20:01:06.965484-05:00,42.0225756,-93.7768133,54.0,mid-band,00019C00B,630720.0,-60.0,4,-11,48.1,243.0
2026-03-19 20:01:09.578278-05:00,42.0222848,-93.7768104,20.5,mid-band,00019C00B,630720.0,-61.0,0,-11,46.6,276.0
2026-03-19 20:01:12.157929-05:00,42.0220322,-93.7768043,14.1,mid-band,00019C00B,630720.0,-70.0,-3,-11,55.9,275.0
2026-03-19 20:01:14.730942-05:00,42.0218969,-93.7767675,29.1,mid-band,00019C00B,630720.0,-77.0,-5,-11,67.8,259.0
2026-03-19 20:01:17.319008-05:00,42.0217998,-93.7765815,19.5,mid-band,00019C00B,630720.0,-67.0,-4,-11,70.4,262.0
2026-03-19 20:01:19.897383-05:00,42.0217927,-93.7764225,13.9,mid-band,00019C00B,630720.0,-70.0,-4,-11,68.8,182.0
2026-03-19 20:01:22.470268-05:00,42.0218025,-93.7755253,23.2,mid-band,00019C00B,630720.0,-65.0,1,-11,56.4,230.0
2026-03-19 20:01:30.373466-05:00,42.0218182,-93.775097,16.2,mid-band,00019C00B,630720.0,-65.0,5,-10,69.4,241.0
2026-03-19 20:01:32.948195-05:00,42.0218278,-93.7747955,34.8,mid-band,00019C00B,630720.0,-58.0,11,-10,49.2,237.0
2026-03-19 20:01:35.541920-05:00,42.0218338,-93.7743847,23.5,mid-band,00019C00B,630720.0,-61.0,11,-10,43.5,235.0
2026-03-19 20:01:38.124387-05:00,42.0217582,-93.7741056,23.2,mid-band,00019C00B,630720.0,-61.0,11,-10,43.5,245.0
2026-03-19 20:01:40.706705-05:00,42.021656,-93.7740303,24.3,mid-band,00019C00B,630720.0,-64.0,7,-10,62.1,265.0
2026-03-19 20:01:43.289983-05:00,42.0215051,-93.7740368,24.8,mid-band,00019C00B,630720.0,-59.0,7,-10,68.8,260.0
2026-03-19 20:01:45.873837-05:00,42.0214434,-93.7740488,34.5,mid-band,00019C00B,630720.0,-58.0,7,-10,69.4,260.0
2026-03-19 20:01:48.467197-05:00,42.0214325,-93.7740477,53.0,mid-band,00019C00B,630720.0,-58.0,9,-10,69.4,265.0
2026-03-19 20:01:51.079203-05:00,42.0214293,-93.7740495,76.6,mid-band,00019C00B,630720.0,-59.0,8,-10,73.4,251.0
2026-03-19 20:01:53.714932-05:00,42.0214283,-93.7740496,26.7,mid-band,00019C00B,630720.0,-59.0,7,-10,21.0,146.0
2026-03-19 20:01:56.300807-05:00,42.0214269,-93.7740499,30.6,mid-band,00019C00B,630720.0,-58.0,8,-10,62.9,272.0
2026-03-19 20:01:58.890638-05:00,42.0214264,-93.7740497,32.3,mid-band,00019C00B,630720.0,-58.0,9,-10,52.4,275.0
2026-03-19 20:02:01.481931-05:00,42.0214247,-93.7740502,25.5,mid-band,00019C00B,630720.0,-59.0,7,-10,62.9,268.0
2026-03-19 20:02:04.066451-05:00,42.0214249,-93.7740525,22.2,mid-band,00019C00B,630720.0,-59.0,8,-10,52.4,279.0
2026-03-19 20:02:06.647632-05:00,42.0214256,-93.7740556,36.2,mid-band,00019C00B,630720.0,-58.0,8,-10,52.4,274.0
2026-03-19 20:02:09.242923-05:00,42.021425,-93.7740576,29.9,mid-band,00019C00B,630720.0,-58.0,8,-10,52.4,274.0
2026-03-19 20:02:11.832004-05:00,42.0214237,-93.7740584,20.2,mid-band,00019C00B,630720.0,-59.0,8,-10,41.9,223.0
2026-03-19 20:02:14.411353-05:00,42.0214208,-93.7740599,29.0,mid-band,00019C00B,630720.0,-58.0,9,-10,52.4,273.0
2026-03-19 20:02:16.999167-05:00,42.0214202,-93.7740611,27.2,mid-band,00019C00B,630720.0,-58.0,8,-10,73.4,266.0
2026-03-19 20:02:19.584955-05:00,42.0214215,-93.7740621,23.5,mid-band,00019C00B,630720.0,-58.0,8,-10,73.4,257.0
2026-03-19 20:02:22.167516-05:00,42.0214199,-93.7740616,31.6,mid-band,00019C00B,630720.0,-59.0,8,-10,73.4,252.0
2026-03-19 20:02:24.758244-05:00,42.0214182,-93.7740619,43.4,mid-band,00019C00B,630720.0,-58.0,8,-10,94.4,231.0
2026-03-19 20:02:27.360820-05:00,42.021418,-93.7740608,35.7,mid-band,00019C00B,630720.0,-59.0,8,-10,126.0,209.0
2026-03-19 20:02:29.955905-05:00,42.0214174,-93.7740596,27.4,mid-band,00019C00B,630720.0,-59.0,8,-10,105.0,232.0
2026-03-19 20:02:32.542645-05:00,42.0214161,-93.7740618,34.8,mid-band,00019C00B,630720.0,-59.0,8,-10,105.0,232.0
2026-03-19 20:02:40.384573-05:00,42.0214158,-93.7740633,33.8,mid-band,00019C00B,630720.0,-58.0,8,-10,115.0,228.0
2026-03-19 20:02:42.977506-05:00,42.0214167,-93.7740648,12.2,mid-band,00019C00B,630720.0,-59.0,8,-10,83.9,253.0
2026-03-19 20:02:45.548799-05:00,42.0214164,-93.7740668,15.3,mid-band,00019C00B,630720.0,-58.0,8,-10,31.5,200.0
2026-03-19 20:02:48.123114-05:00,42.021416,-93.7740653,17.7,mid-band,00019C00B,630720.0,-60.0,8,-10,83.9,238.0
2026-03-19 20:02:50.699755-05:00,42.0214163,-93.7740627,21.9,mid-band,00019C00B,630720.0,-58.0,9,-10,94.4,238.0
2026-03-19 20:02:53.280569-05:00,42.0214156,-93.7740605,23.3,mid-band,00019C00B,630720.0,-59.0,8,-10,83.9,247.0
2026-03-19 20:02:55.862658-05:00,42.021416,-93.7740607,22.6,mid-band,00019C00B,630720.0,-58.0,8,-10,83.9,245.0
2026-03-19 20:02:58.443910-05:00,42.0214154,-93.7740595,24.6,mid-band,00019C00B,630720.0,-59.0,8,-10,73.4,258.0
2026-03-19 20:03:01.027499-05:00,42.0214141,-93.7740573,30.8,mid-band,00019C00B,630720.0,-58.0,8,-10,83.9,250.0
2026-03-19 20:03:03.617412-05:00,42.0214128,-93.7740541,20.6,mid-band,00019C00B,630720.0,-58.0,8,-10,83.9,219.0
2026-03-19 20:03:06.196902-05:00,42.0214128,-93.7740538,19.4,mid-band,00019C00B,630720.0,-58.0,8,-10,94.4,240.0
2026-03-19 20:03:08.775316-05:00,42.0214134,-93.7740528,25.0,mid-band,00019C00B,630720.0,-59.0,8,-10,83.9,242.0
2026-03-19 20:03:11.359309-05:00,42.0214132,-93.7740511,23.7,mid-band,00019C00B,630720.0,-58.0,8,-10,94.4,238.0
2026-03-19 20:03:13.941860-05:00,42.0214128,-93.7740506,29.5,mid-band,00019C00B,630720.0,-60.0,8,-10,94.4,239.0
2026-03-19 20:03:16.529481-05:00,42.0214146,-93.7740505,31.9,mid-band,00019C00B,630720.0,-58.0,9,-10,83.9,256.0
2026-03-19 20:03:19.120308-05:00,42.0214173,-93.7740518,38.4,mid-band,00019C00B,630720.0,-59.0,8,-10,41.9,233.0
2026-03-19 20:03:21.717755-05:00,42.0214175,-93.7740525,54.6,mid-band,00019C00B,630720.0,-59.0,8,-10,52.4,279.0
2026-03-19 20:03:24.331315-05:00,42.0214168,-93.7740523,78.9,mid-band,00019C00B,630720.0,-59.0,8,-10,41.9,287.0
2026-03-19 20:03:26.969027-05:00,42.0214166,-93.7740527,90.1,mid-band,00019C00B,630720.0,-58.0,8,-10,52.4,281.0
2026-03-19 20:03:29.617495-05:00,42.0214172,-93.7740544,96.1,mid-band,00019C00B,630720.0,-59.0,8,-10,83.9,252.0
2026-03-19 20:03:32.272704-05:00,42.0214178,-93.7740567,54.8,mid-band,00019C00B,630720.0,-58.0,8,-10,115.0,223.0
2026-03-19 20:03:34.886410-05:00,42.0214174,-93.7740576,96.2,mid-band,00019C00B,630720.0,-58.0,8,-10,105.0,228.0
2026-03-19 20:03:37.541722-05:00,42.0214177,-93.7740589,24.3,mid-band,00019C00B,630720.0,-58.0,9,-10,41.9,279.0
2026-03-19 20:03:40.125010-05:00,42.0214196,-93.7740549,35.8,mid-band,00019C00B,630720.0,-58.0,8,-10,41.9,282.0
2026-03-19 20:03:50.897289-05:00,42.0214197,-93.774054,45.0,mid-band,00019C00B,630720.0,-58.0,8,-10,94.4,231.0
2026-03-19 20:03:53.501404-05:00,42.0214175,-93.7740504,26.3,mid-band,00019C00B,630720.0,-58.0,8,-10,52.4,146.0
2026-03-19 20:03:56.086843-05:00,42.021418,-93.774048,32.0,mid-band,00019C00B,630720.0,-58.0,8,-10,94.4,230.0
2026-03-19 20:03:58.677251-05:00,42.0214182,-93.7740488,29.3,mid-band,00019C00B,630720.0,-58.0,8,-10,115.0,227.0
2026-03-19 20:04:01.265156-05:00,42.0214183,-93.7740491,34.3,mid-band,00019C00B,630720.0,-59.0,8,-10,115.0,220.0
2026-03-19 20:04:03.858540-05:00,42.021418,-93.7740485,33.9,mid-band,00019C00B,630720.0,-58.0,8,-10,115.0,218.0
2026-03-19 20:04:06.451452-05:00,42.0214172,-93.7740488,40.4,mid-band,00019C00B,630720.0,-59.0,7,-10,115.0,210.0
2026-03-19 20:04:09.050568-05:00,42.0214175,-93.7740491,37.4,mid-band,00019C00B,630720.0,-60.0,8,-10,115.0,218.0
2026-03-19 20:04:11.647049-05:00,42.0214149,-93.7740487,23.0,mid-band,00019C00B,630720.0,-58.0,8,-10,62.9,179.0
2026-03-19 20:04:14.229249-05:00,42.021415,-93.7740495,23.2,mid-band,00019C00B,630720.0,-60.0,8,-10,94.4,235.0
2026-03-19 20:04:16.811522-05:00,42.0214146,-93.77405,27.6,mid-band,00019C00B,630720.0,-60.0,8,-10,105.0,229.0
2026-03-19 20:04:19.398125-05:00,42.021415,-93.7740524,32.7,mid-band,00019C00B,630720.0,-58.0,8,-10,126.0,214.0
2026-03-19 20:04:21.989962-05:00,42.0214151,-93.7740523,36.2,mid-band,00019C00B,630720.0,-58.0,8,-10,168.0,173.0
2026-03-19 20:04:24.585300-05:00,42.0214155,-93.7740511,48.0,mid-band,00019C00B,630720.0,-58.0,8,-10,147.0,193.0
2026-03-19 20:04:27.192337-05:00,42.0214159,-93.7740514,34.0,mid-band,00019C00B,630720.0,-59.0,8,-10,94.4,178.0
2026-03-19 20:04:29.785305-05:00,42.0214169,-93.7740519,42.9,mid-band,00019C00B,630720.0,-60.0,7,-10,73.4,253.0
2026-03-19 20:04:32.387408-05:00,42.0214192,-93.7740527,30.6,mid-band,00019C00B,630720.0,-58.0,8,-10,73.4,246.0
2026-03-19 20:04:34.977212-05:00,42.0214177,-93.77405,34.8,mid-band,00019C00B,630720.0,-59.0,7,-10,94.4,242.0
2026-03-19 20:04:37.571076-05:00,42.0214163,-93.7740493,38.2,mid-band,00019C00B,630720.0,-59.0,8,-10,94.4,239.0
2026-03-19 20:04:40.168436-05:00,42.0214165,-93.7740467,39.2,mid-band,00019C00B,630720.0,-58.0,8,-10,105.0,232.0
2026-03-19 20:04:42.766531-05:00,42.0214171,-93.7740472,39.6,mid-band,00019C00B,630720.0,-59.0,8,-10,126.0,203.0
2026-03-19 20:04:45.365082-05:00,42.0214184,-93.7740477,32.4,mid-band,00019C00B,630720.0,-58.0,8,-10,73.4,152.0
2026-03-19 20:04:47.956439-05:00,42.021418,-93.7740472,19.0,mid-band,00019C00B,630720.0,-59.0,8,-10,52.4,270.0
2026-03-19 20:04:50.533521-05:00,42.0214162,-93.7740439,27.6,mid-band,00019C00B,630720.0,-59.0,8,-10,52.4,226.0
2026-03-19 20:05:00.882909-05:00,42.0214142,-93.7740423,44.7,mid-band,00019C00B,630720.0,-60.0,8,-10,73.4,255.0
2026-03-19 20:05:03.486600-05:00,42.0214131,-93.7740427,29.2,mid-band,00019C00B,630720.0,-58.0,8,-10,62.9,203.0
2026-03-19 20:05:06.074738-05:00,42.0214128,-93.774043,36.2,mid-band,00019C00B,630720.0,-59.0,7,-10,83.9,249.0
2026-03-19 20:05:08.669617-05:00,42.0214112,-93.7740426,34.9,mid-band,00019C00B,630720.0,-59.0,8,-10,83.9,246.0
2026-03-19 20:05:11.263557-05:00,42.0214095,-93.7740409,39.4,mid-band,00019C00B,630720.0,-59.0,8,-10,94.4,232.0
2026-03-19 20:05:13.862074-05:00,42.0214098,-93.7740396,50.8,mid-band,00019C00B,630720.0,-58.0,7,-10,147.0,194.0
2026-03-19 20:05:16.471929-05:00,42.0214103,-93.7740394,66.0,mid-band,00019C00B,630720.0,-59.0,8,-10,168.0,168.0
2026-03-19 20:05:19.097202-05:00,42.02141,-93.7740391,38.3,mid-band,00019C00B,630720.0,-58.0,8,-10,94.4,144.0
2026-03-19 20:05:21.694663-05:00,42.021409,-93.7740373,76.0,mid-band,00019C00B,630720.0,-59.0,8,-10,189.0,148.0
2026-03-19 20:05:24.329744-05:00,42.0214087,-93.7740371,80.5,mid-band,00019C00B,630720.0,-58.0,9,-10,220.0,129.0
2026-03-19 20:05:26.969495-05:00,42.0214088,-93.7740376,68.3,mid-band,00019C00B,630720.0,-60.0,8,-10,220.0,128.0
2026-03-19 20:05:29.596918-05:00,42.0214092,-93.7740377,75.6,mid-band,00019C00B,630720.0,-59.0,8,-10,199.0,142.0
2026-03-19 20:05:32.231793-05:00,42.021411,-93.7740377,54.2,mid-band,00019C00B,630720.0,-58.0,8,-10,178.0,166.0
2026-03-19 20:05:34.845075-05:00,42.0214123,-93.7740384,30.6,mid-band,00019C00B,630720.0,-60.0,8,-10,147.0,169.0
2026-03-19 20:05:37.434868-05:00,42.021408,-93.7740354,35.2,mid-band,00019C00B,630720.0,-58.0,8,-10,83.9,134.0
2026-03-19 20:05:40.028510-05:00,42.0214073,-93.7740354,35.6,mid-band,00019C00B,630720.0,-58.0,8,-10,136.0,204.0
2026-03-19 20:05:42.623605-05:00,42.0214078,-93.7740376,40.6,mid-band,00019C00B,630720.0,-58.0,9,-10,136.0,202.0
2026-03-19 20:05:45.222563-05:00,42.0214075,-93.7740373,40.1,mid-band,00019C00B,630720.0,-58.0,10,-10,136.0,202.0
2026-03-19 20:05:47.821562-05:00,42.021407,-93.7740368,44.2,mid-band,00019C00B,630720.0,-58.0,10,-10,136.0,206.0
2026-03-19 20:05:50.424853-05:00,42.0214057,-93.7740361,60.5,mid-band,00019C00B,630720.0,-58.0,10,-10,136.0,201.0
2026-03-19 20:05:53.044063-05:00,42.0214054,-93.7740358,40.2,mid-band,00019C00B,630720.0,-58.0,9,-10,83.9,153.0
2026-03-19 20:05:55.643159-05:00,42.0214061,-93.7740382,44.5,mid-band,00019C00B,630720.0,-59.0,9,-10,178.0,166.0
2026-03-19 20:05:58.246704-05:00,42.0214082,-93.77404,48.4,mid-band,00019C00B,630720.0,-58.0,8,-10,178.0,166.0
2026-03-19 20:06:00.854219-05:00,42.0214177,-93.7740479,129.0,mid-band,00019C00B,630720.0,-59.0,8,-10,178.0,164.0
2026-03-19 20:06:10.984337-05:00,42.0214175,-93.7740472,35.0,mid-band,00019C00B,630720.0,-59.0,9,-10,41.9,117.0
2026-03-19 20:06:13.578333-05:00,42.0214166,-93.7740457,33.5,mid-band,00019C00B,630720.0,-58.0,10,-10,62.9,276.0
2026-03-19 20:06:16.170728-05:00,42.0214145,-93.7740446,33.7,mid-band,00019C00B,630720.0,-58.0,9,-10,52.4,274.0
2026-03-19 20:06:18.762766-05:00,42.0214132,-93.7740431,40.7,mid-band,00019C00B,630720.0,-59.0,8,-10,62.9,272.0
2026-03-19 20:06:21.361484-05:00,42.0214149,-93.7740439,41.1,mid-band,00019C00B,630720.0,-59.0,9,-10,52.4,269.0
2026-03-19 20:06:23.961295-05:00,42.0214155,-93.7740441,44.1,mid-band,00019C00B,630720.0,-59.0,9,-10,73.4,263.0
2026-03-19 20:06:26.564109-05:00,42.0214147,-93.7740432,14.4,mid-band,00019C00B,630720.0,-58.0,8,-10,41.9,144.0
2026-03-19 20:06:29.137387-05:00,42.0214119,-93.7740413,16.4,mid-band,00019C00B,630720.0,-60.0,8,-10,52.4,264.0
2026-03-19 20:06:31.712167-05:00,42.0214072,-93.7740366,17.0,mid-band,00019C00B,630720.0,-59.0,9,-10,62.9,261.0
2026-03-19 20:06:34.287955-05:00,42.0214021,-93.7740307,19.3,mid-band,00019C00B,630720.0,-58.0,9,-10,73.4,256.0
2026-03-19 20:06:36.866185-05:00,42.0214019,-93.7740301,24.0,mid-band,00019C00B,630720.0,-58.0,9,-10,83.9,248.0
2026-03-19 20:06:39.449252-05:00,42.0214032,-93.7740332,31.4,mid-band,00019C00B,630720.0,-58.0,8,-10,83.9,244.0
2026-03-19 20:06:42.039598-05:00,42.0214034,-93.7740348,40.6,mid-band,00019C00B,630720.0,-58.0,8,-10,126.0,205.0
2026-03-19 20:06:44.639285-05:00,42.0214041,-93.7740379,30.0,mid-band,00019C00B,630720.0,-59.0,9,-10,73.4,175.0
2026-03-19 20:06:47.228232-05:00,42.0214037,-93.7740396,36.4,mid-band,00019C00B,630720.0,-58.0,8,-10,94.4,244.0
2026-03-19 20:06:49.823739-05:00,42.0214033,-93.7740393,36.3,mid-band,00019C00B,630720.0,-58.0,8,-10,83.9,249.0
2026-03-19 20:06:52.418961-05:00,42.0214038,-93.7740399,43.6,mid-band,00019C00B,630720.0,-59.0,9,-10,83.9,250.0
2026-03-19 20:06:55.021635-05:00,42.021404,-93.7740406,35.3,mid-band,00019C00B,630720.0,-58.0,9,-10,94.4,245.0
2026-03-19 20:06:57.615813-05:00,42.0214038,-93.774041,47.1,mid-band,00019C00B,630720.0,-57.0,9,-10,105.0,233.0
2026-03-19 20:07:00.221978-05:00,42.021403,-93.7740404,32.3,mid-band,00019C00B,630720.0,-59.0,8,-10,115.0,218.0
2026-03-19 20:07:02.813476-05:00,42.0214013,-93.7740389,14.2,mid-band,00019C00B,630720.0,-58.0,8,-10,52.4,228.0
2026-03-19 20:07:05.386091-05:00,42.0214001,-93.7740388,22.4,mid-band,00019C00B,630720.0,-58.0,8,-10,73.4,253.0
2026-03-19 20:07:07.967524-05:00,42.0214,-93.7740381,21.6,mid-band,00019C00B,630720.0,-59.0,8,-10,94.4,243.0
2026-03-19 20:07:10.547973-05:00,42.0213976,-93.7740349,61.9,mid-band,00019C00B,630720.0,-61.0,7,-10,105.0,235.0
2026-03-19 20:07:20.921555-05:00,42.0213235,-93.7740391,17.4,mid-band,00019C01F,630720.0,-62.0,5,-10,41.9,244.0
2026-03-19 20:07:23.497465-05:00,42.0211182,-93.7740308,22.8,mid-band,00019C01F,630720.0,-59.0,13,-10,31.5,165.0
2026-03-19 20:07:26.079211-05:00,42.0209511,-93.7740314,27.0,mid-band,00019C01F,630720.0,-53.0,11,-10,52.4,275.0
2026-03-19 20:07:28.665227-05:00,42.0207477,-93.774048,28.0,mid-band,00019C01F,630720.0,-54.0,15,-10,62.9,265.0
2026-03-19 20:07:31.252185-05:00,42.0206247,-93.7741362,49.4,mid-band,00019C01F,630720.0,-54.0,17,-10,62.9,254.0
2026-03-19 20:07:33.860620-05:00,42.0205996,-93.7742435,30.5,mid-band,00019C01F,630720.0,-54.0,16,-10,62.9,265.0
2026-03-19 20:07:36.449493-05:00,42.0205956,-93.7744893,28.3,mid-band,00019C01F,630720.0,-54.0,15,-10,62.9,257.0
2026-03-19 20:07:39.036796-05:00,42.020597,-93.7747017,27.1,mid-band,00019C01F,630720.0,-50.0,20,-10,52.4,256.0
2026-03-19 20:07:41.622969-05:00,42.0205978,-93.7750561,15.8,mid-band,00019C01F,630720.0,-47.0,21,-10,62.9,232.0
2026-03-19 20:07:44.197481-05:00,42.0205986,-93.7754249,44.0,mid-band,00019C01F,630720.0,-50.0,20,-10,62.9,161.0
2026-03-19 20:07:46.800447-05:00,42.0205976,-93.7756727,21.7,mid-band,00019C01F,630720.0,-53.0,22,-10,83.9,222.0
2026-03-19 20:07:49.381386-05:00,42.020586,-93.7760122,19.3,mid-band,00019C01F,630720.0,-52.0,22,-10,94.4,233.0
2026-03-19 20:07:51.959664-05:00,42.0205761,-93.7762043,25.0,mid-band,00019C01F,630720.0,-52.0,27,-10,105.0,232.0
2026-03-19 20:07:54.543447-05:00,42.0205764,-93.7764427,31.5,mid-band,00019C01F,630720.0,-59.0,16,-10,83.9,249.0
2026-03-19 20:07:57.133829-05:00,42.0205699,-93.7766097,31.6,mid-band,00019C01F,630720.0,-52.0,17,-10,21.0,149.0
2026-03-19 20:07:59.724313-05:00,42.0205366,-93.776685,40.8,mid-band,00019C01F,630720.0,-55.0,24,-10,31.5,262.0
2026-03-19 20:08:02.324133-05:00,42.0203864,-93.7767568,21.8,mid-band,00019C01F,630720.0,-57.0,22,-10,31.5,294.0
2026-03-19 20:08:04.904996-05:00,42.0202316,-93.7767507,24.9,mid-band,00019C01F,630720.0,-47.0,22,-10,62.9,244.0
2026-03-19 20:08:07.488788-05:00,42.0199608,-93.7767413,30.3,mid-band,00019C01F,630720.0,-45.0,24,-10,73.4,257.0
2026-03-19 20:08:10.078059-05:00,42.0197505,-93.776735,28.9,mid-band,00019C01F,630720.0,-56.0,23,-10,94.4,235.0
2026-03-19 20:08:12.665891-05:00,42.0193828,-93.7767281,20.3,mid-band,00019C01F,630720.0,-57.0,20,-10,94.4,214.0
2026-03-19 20:08:15.245084-05:00,42.0189828,-93.7767222,18.0,mid-band,00019C01F,630720.0,-53.0,22,-10,41.9,206.0
2026-03-19 20:08:17.821996-05:00,42.0187102,-93.7767182,17.2,mid-band,00019C01F,630720.0,-54.0,14,-10,52.4,250.0
2026-03-19 20:08:20.397491-05:00,42.0172979,-93.7766889,19.0,mid-band,00019C01F,630720.0,-62.0,13,-10,41.9,233.0
2026-03-19 20:08:30.868860-05:00,42.0168816,-93.7766847,84.9,mid-band,00019C01F,630720.0,-59.0,16,-10,41.9,186.0
2026-03-19 20:08:33.512704-05:00,42.0164361,-93.7766736,24.7,mid-band,00019C01F,630720.0,-62.0,12,-10,62.9,226.0
2026-03-19 20:08:36.096407-05:00,42.0159838,-93.7766678,27.5,mid-band,00019C01F,630720.0,-62.0,13,-10,83.9,240.0
2026-03-19 20:08:38.681476-05:00,42.0156962,-93.7766656,30.2,mid-band,00019C01F,630720.0,-69.0,11,-10,105.0,232.0
2026-03-19 20:08:41.270518-05:00,42.0152556,-93.776659,21.0,mid-band,00019C01F,630720.0,-61.0,18,-10,94.4,233.0
2026-03-19 20:08:43.850511-05:00,42.0149543,-93.7766569,17.4,mid-band,00019C01F,630720.0,-62.0,16,-10,94.4,232.0
2026-03-19 20:08:46.426798-05:00,42.0145108,-93.7766475,28.9,mid-band,00019C01F,630720.0,-61.0,18,-10,62.9,239.0
2026-03-19 20:08:49.014696-05:00,42.0142197,-93.7766411,30.1,mid-band,00019C01F,630720.0,-66.0,16,-10,62.9,218.0
2026-03-19 20:08:51.603415-05:00,42.013795,-93.7766353,30.5,mid-band,00019C01F,630720.0,-65.0,16,-10,94.4,239.0
2026-03-19 20:08:54.192684-05:00,42.0134469,-93.7766322,36.6,mid-band,00019C01F,630720.0,-60.0,14,-10,73.4,240.0
2026-03-19 20:08:56.788006-05:00,42.0132852,-93.7766316,24.6,mid-band,00019C01F,630720.0,-67.0,12,-10,94.4,205.0
2026-03-19 20:08:59.370921-05:00,42.0131296,-93.7766329,31.7,mid-band,00019C01F,630720.0,-68.0,8,-10,94.4,242.0
2026-03-19 20:09:01.961701-05:00,42.0130159,-93.7766325,22.3,mid-band,00019C01F,630720.0,-72.0,4,-11,83.9,247.0
2026-03-19 20:09:04.543047-05:00,42.0127866,-93.7766284,25.1,mid-band,00019C01F,630720.0,-71.0,9,-10,52.4,133.0
2026-03-19 20:09:07.127070-05:00,42.0125063,-93.7766258,16.8,mid-band,00019C01F,630720.0,-70.0,8,-10,52.4,235.0
2026-03-19 20:09:09.702788-05:00,42.0122894,-93.7766266,18.9,mid-band,00019C01F,630720.0,-72.0,8,-10,52.4,222.0
2026-03-19 20:09:12.280179-05:00,42.0119263,-93.7766216,24.0,mid-band,00019C01F,630720.0,-68.0,11,-10,62.9,244.0
2026-03-19 20:09:14.863131-05:00,42.0116671,-93.7766163,21.7,mid-band,00019C01F,630720.0,-70.0,13,-10,62.9,261.0
2026-03-19 20:09:17.443618-05:00,42.0112611,-93.7766109,20.9,mid-band,00019C01F,630720.0,-71.0,9,-10,73.4,260.0
2026-03-19 20:09:20.022988-05:00,42.0109889,-93.7766099,27.3,mid-band,00019C01F,630720.0,-73.0,7,-10,52.4,211.0
2026-03-19 20:09:22.609339-05:00,42.0105763,-93.7766005,25.7,mid-band,00019C01F,630720.0,-70.0,5,-10,41.9,186.0
2026-03-19 20:09:25.193481-05:00,42.0101365,-93.776589,24.6,mid-band,00019C01F,630720.0,-69.0,7,-10,73.4,256.0
2026-03-19 20:09:27.777136-05:00,42.0098497,-93.7765874,26.0,mid-band,00019C01F,630720.0,-68.0,9,-10,83.9,247.0
2026-03-19 20:09:30.362237-05:00,42.0089005,-93.7766014,57.9,mid-band,00019C01F,630720.0,-81.0,2,-10,73.4,225.0
2026-03-19 20:09:40.901323-05:00,42.0088492,-93.7767232,17.4,mid-band,00019C01F,630720.0,-76.0,8,-10,41.9,194.0
2026-03-19 20:09:43.477750-05:00,42.0088481,-93.776913,15.8,mid-band,00019C01F,630720.0,-76.0,3,-10,52.4,230.0
2026-03-19 20:09:46.052462-05:00,42.0088512,-93.7770967,24.8,mid-band,00019C01F,630720.0,-70.0,11,-10,62.9,241.0
2026-03-19 20:09:48.636356-05:00,42.0088502,-93.7774501,40.7,mid-band,00019C01F,630720.0,-73.0,6,-11,73.4,232.0
2026-03-19 20:09:51.235925-05:00,42.0088442,-93.7778961,24.6,mid-band,00019C01F,630720.0,-74.0,9,-10,83.9,233.0
2026-03-19 20:09:53.819300-05:00,42.0088426,-93.7782417,33.1,mid-band,00019C01F,630720.0,-73.0,2,-11,83.9,241.0
2026-03-19 20:09:56.411313-05:00,42.0088383,-93.778822,32.2,mid-band,00019C01F,630720.0,-83.0,-3,-11,52.4,144.0
2026-03-19 20:09:59.002506-05:00,42.0088339,-93.7792442,65.1,mid-band,00019C01F,630720.0,-74.0,3,-11,94.4,194.0
2026-03-19 20:10:01.626656-05:00,42.0088242,-93.779921,34.6,mid-band,00019C01F,630720.0,-63.0,13,-10,115.0,133.0
2026-03-19 20:10:04.220377-05:00,42.0088176,-93.7806186,28.7,mid-band,00019C01F,630720.0,-63.0,14,-10,147.0,180.0
2026-03-19 20:10:06.807704-05:00,42.0088101,-93.7810788,27.0,mid-band,00019C01F,630720.0,-64.0,13,-10,105.0,207.0
2026-03-19 20:10:09.393488-05:00,42.0088008,-93.7817633,32.3,mid-band,00019C01F,630720.0,-65.0,13,-10,94.4,220.0
2026-03-19 20:10:11.984882-05:00,42.0087964,-93.7822236,22.3,mid-band,00019C01F,630720.0,-67.0,10,-10,83.9,225.0
2026-03-19 20:10:14.566109-05:00,42.0087862,-93.7829251,23.8,mid-band,00019C01F,630720.0,-70.0,4,-11,52.4,199.0
2026-03-19 20:10:17.148908-05:00,42.0087769,-93.7836354,27.8,mid-band,00019C01F,630720.0,-64.0,13,-10,83.9,219.0
2026-03-19 20:10:19.735756-05:00,42.0087679,-93.7841231,22.1,mid-band,00019C01F,630720.0,-65.0,6,-10,21.0,108.0
2026-03-19 20:10:22.316953-05:00,42.0087553,-93.784865,26.2,mid-band,00019C01F,630720.0,-67.0,15,-10,52.4,276.0
2026-03-19 20:10:24.901479-05:00,42.0087477,-93.7853549,29.9,mid-band,00019C01F,630720.0,-70.0,13,-10,52.4,265.0
2026-03-19 20:10:27.490256-05:00,42.0087372,-93.7860822,30.1,mid-band,00019C01F,630720.0,-72.0,17,-10,52.4,265.0
2026-03-19 20:10:30.079399-05:00,42.0087269,-93.7868018,27.5,mid-band,00019C01F,630720.0,-71.0,15,-10,52.4,224.0
2026-03-19 20:10:32.665977-05:00,42.0087221,-93.7872529,18.7,mid-band,00019C01F,630720.0,-78.0,4,-10,62.9,256.0
2026-03-19 20:10:35.243696-05:00,42.0087076,-93.7878415,17.4,mid-band,00019C01F,630720.0,-77.0,9,-10,62.9,223.0
2026-03-19 20:10:37.820172-05:00,42.0087035,-93.7881597,26.6,mid-band,00019C01F,630720.0,-89.0,1,-11,41.9,244.0
2026-03-19 20:10:40.405840-05:00,42.008688,-93.789739,20.5,mid-band,00019C01F,630720.0,-95.0,8,-10,31.5,273.0
2026-03-19 20:10:50.873864-05:00,42.0086795,-93.7902542,75.5,mid-band,00019C01F,630720.0,-92.0,8,-10,21.0,229.0
2026-03-19 20:10:53.508288-05:00,42.0086718,-93.790789,19.0,mid-band,00019C01F,630720.0,-85.0,8,-10,10.5,162.0
2026-03-19 20:10:56.086046-05:00,42.008661,-93.7913369,73.2,mid-band,00019C01F,630720.0,-91.0,10,-10,10.5,221.0
2026-03-19 20:10:58.718198-05:00,42.0086583,-93.7917083,104.0,mid-band,00019C01F,630720.0,-75.0,24,-10,41.9,240.0
2026-03-19 20:11:01.381148-05:00,42.0086515,-93.7922915,20.4,mid-band,00019C01F,630720.0,-72.0,26,-10,41.9,232.0
2026-03-19 20:11:03.960350-05:00,42.0086449,-93.7926991,28.3,mid-band,00019C01F,630720.0,-68.0,29,-10,52.4,242.0
2026-03-19 20:11:06.547310-05:00,42.0086333,-93.7933332,18.7,mid-band,00019C01F,630720.0,-68.0,21,-10,41.9,229.0
2026-03-19 20:11:09.124877-05:00,42.0086211,-93.793989,24.3,mid-band,00019C01F,630720.0,-72.0,15,-10,41.9,256.0
2026-03-19 20:11:11.708213-05:00,42.0086105,-93.7944167,20.0,mid-band,00019C01F,630720.0,-70.0,9,-10,41.9,229.0
2026-03-19 20:11:14.286349-05:00,42.0085973,-93.795026,20.5,mid-band,00019C01F,630720.0,-69.0,12,-10,52.4,250.0
2026-03-19 20:11:16.865480-05:00,42.0085913,-93.7953943,20.8,mid-band,00019C01F,630720.0,-69.0,16,-10,62.9,247.0
2026-03-19 20:11:19.445432-05:00,42.0085846,-93.7958118,20.1,mid-band,00019C01F,630720.0,-73.0,9,-10,73.4,243.0
2026-03-19 20:11:22.024513-05:00,42.0085827,-93.7960352,29.7,mid-band,00019C01F,630720.0,-69.0,16,-10,52.4,178.0
2026-03-19 20:11:24.613288-05:00,42.0085768,-93.7964209,26.7,mid-band,00019C01F,630720.0,-71.0,15,-10,62.9,201.0
2026-03-19 20:11:27.198908-05:00,42.0085718,-93.7968977,17.0,mid-band,00019C01F,630720.0,-68.0,16,-10,105.0,225.0
2026-03-19 20:11:29.774656-05:00,42.0085729,-93.7972566,20.5,mid-band,00019C01F,630720.0,-71.0,12,-10,83.9,205.0
2026-03-19 20:11:32.353808-05:00,42.0085689,-93.7978563,23.6,mid-band,00019C01F,630720.0,-72.0,15,-10,62.9,224.0
2026-03-19 20:11:34.936297-05:00,42.0085699,-93.7982911,16.0,mid-band,00019C01F,630720.0,-76.0,9,-10,73.4,248.0
2026-03-19 20:11:37.511283-05:00,42.0085731,-93.7989751,14.7,mid-band,00019C01F,630720.0,-78.0,5,-10,73.4,217.0
2026-03-19 20:11:40.084875-05:00,42.0085707,-93.7996669,25.1,mid-band,00019C01F,630720.0,-82.0,4,-11,62.9,148.0
2026-03-19 20:11:42.669110-05:00,42.0085702,-93.8001282,,mid-band,00019C01F,630720.0,-71.0,9,-10,41.9,134.0
2026-03-19 20:11:48.330502-05:00,42.0085677,-93.8014865,19.8,mid-band,00019C01F,630720.0,-74.0,7,-10,31.5,141.0
2026-03-19 20:11:50.909229-05:00,42.0085776,-93.8035123,,,,,,,,73.4,218.0
2026-03-19 20:12:03.950239-05:00,42.0085776,-93.8048894,,,,,,,,,
2026-03-19 20:12:09.611600-05:00,42.0085795,-93.8063118,,,,,,,,,
2026-03-19 20:12:15.271980-05:00,42.0085789,-93.8076565,,,,,,,,,
2026-03-19 20:12:20.933219-05:00,42.0085771,-93.8086957,,mid-band,00019C01F,630720.0,-69.0,14,-10,,
2026-03-19 20:12:25.543131-05:00,42.0085774,-93.80963,13.7,mid-band,00019C01F,630720.0,-68.0,11,-10,,
2026-03-19 20:12:28.115492-05:00,42.0085799,-93.8101779,17.0,mid-band,00019C01F,630720.0,-75.0,9,-10,,
2026-03-19 20:12:30.691035-05:00,42.0085797,-93.8105474,25.4,mid-band,00019C01F,630720.0,-79.0,8,-11,,
2026-03-19 20:12:33.275127-05:00,42.0085753,-93.811081,10.8,mid-band,00019C01F,630720.0,-82.0,3,-11,,
2026-03-19 20:12:35.844727-05:00,42.0085781,-93.8114201,22.2,mid-band,00019C01F,630720.0,-84.0,3,-11,62.9,207.0
2026-03-19 20:12:38.425514-05:00,42.0085791,-93.8119382,24.7,mid-band,00019C01F,630720.0,-82.0,3,-11,73.4,239.0
2026-03-19 20:12:41.009190-05:00,42.0085757,-93.8122892,42.5,mid-band,00019C01F,630720.0,-89.0,0,-11,41.9,248.0
2026-03-19 20:12:43.610541-05:00,42.0085761,-93.8128367,29.8,mid-band,00019C01F,630720.0,-88.0,0,-11,62.9,261.0
2026-03-19 20:12:46.199256-05:00,42.0085769,-93.8134027,40.7,mid-band,00019C01F,630720.0,-88.0,1,-11,73.4,252.0
2026-03-19 20:12:48.798972-05:00,42.008576,-93.8137711,31.0,mid-band,00019C01F,630720.0,-88.0,0,-11,62.9,256.0
2026-03-19 20:12:51.389008-05:00,42.00858,-93.8142825,31.2,mid-band,00019C01F,630720.0,-88.0,1,-11,62.9,258.0
2026-03-19 20:12:53.979215-05:00,42.0085828,-93.8145607,25.4,mid-band,00019C01F,630720.0,-83.0,0,-11,41.9,279.0
2026-03-19 20:12:56.563468-05:00,42.0085865,-93.8148942,31.3,mid-band,00019C01F,630720.0,-87.0,1,-11,83.9,253.0
2026-03-19 20:12:59.153764-05:00,42.0085887,-93.8151087,36.5,mid-band,00019C01F,630720.0,-85.0,4,-11,41.9,177.0
2026-03-19 20:13:01.749198-05:00,42.0085821,-93.8154953,23.0,mid-band,00019C01F,630720.0,-87.0,3,-11,62.9,266.0
2026-03-19 20:13:10.368134-05:00,42.0085719,-93.8157039,25.6,mid-band,00019C01F,630720.0,-87.0,6,-10,83.9,237.0
2026-03-19 20:13:12.952355-05:00,42.0085666,-93.8158422,24.5,mid-band,00019C01F,630720.0,-84.0,8,-10,73.4,243.0
2026-03-19 20:13:15.535474-05:00,42.0085548,-93.816052,29.3,mid-band,00019C01F,630720.0,-80.0,7,-10,62.9,151.0
2026-03-19 20:13:18.123351-05:00,42.0085446,-93.8162981,24.6,mid-band,00019C01F,630720.0,-77.0,5,-11,73.4,210.0
2026-03-19 20:13:20.706643-05:00,42.0085436,-93.8164797,22.8,mid-band,00019C01F,630720.0,-84.0,4,-11,52.4,268.0
2026-03-19 20:13:23.288386-05:00,42.0085414,-93.8167747,18.5,mid-band,00019C01F,630720.0,-86.0,4,-10,52.4,232.0
2026-03-19 20:13:25.865590-05:00,42.008538,-93.8169756,19.4,mid-band,00019C01F,630720.0,-84.0,5,-11,52.4,245.0
2026-03-19 20:13:28.443574-05:00,42.0085333,-93.8172904,21.2,mid-band,00019C01F,630720.0,-89.0,-1,-11,41.9,284.0
2026-03-19 20:13:31.023660-05:00,42.0085309,-93.8175003,36.7,mid-band,00019C01F,630720.0,-88.0,0,-11,52.4,240.0
2026-03-19 20:13:33.619276-05:00,42.0085308,-93.8178105,30.9,mid-band,00019C01F,630720.0,-94.0,-1,-11,41.9,176.0
2026-03-19 20:13:36.208887-05:00,42.0085262,-93.8181044,104.0,mid-band,00019C01F,630720.0,-93.0,-5,-11,41.9,243.0
2026-03-19 20:13:38.871892-05:00,42.008522,-93.8182982,19.4,mid-band,00019C01F,630720.0,-92.0,-7,-16,10.5,143.0
2026-03-19 20:13:41.449924-05:00,42.0085171,-93.8185958,,,,,,,,21.0,193.0
2026-03-19 20:13:47.110927-05:00,42.0085004,-93.8192024,,,,,,,,,
2026-03-19 20:13:52.771876-05:00,42.0084902,-93.8197091,,mid-band,00019C01F,630720.0,-97.0,-2,-11,,
2026-03-19 20:13:57.381410-05:00,42.008486,-93.8202437,16.8,mid-band,00019C01F,630720.0,-96.0,0,-11,,
2026-03-19 20:13:59.956555-05:00,42.0084851,-93.8204565,14.3,mid-band,00019C01F,630720.0,-91.0,8,-10,,
2026-03-19 20:14:02.529450-05:00,42.0084827,-93.820777,26.2,mid-band,00019C01F,630720.0,-99.0,-1,-11,,
2026-03-19 20:14:05.114113-05:00,42.0084785,-93.821088,,,,,,,,10.5,47.7
2026-03-19 20:14:10.775418-05:00,42.008465,-93.8222544,,,,,,,,,
2026-03-19 20:14:23.957408-05:00,42.0084582,-93.8228679,,,,,,,,,
2026-03-19 20:14:29.618485-05:00,42.0084482,-93.8234616,,,,,,,,,
2026-03-19 20:14:35.279670-05:00,42.0084322,-93.824062,,,,,,,,,
2026-03-19 20:14:40.940926-05:00,42.0084246,-93.8245678,,,,,,,,,
2026-03-19 20:14:46.602205-05:00,42.0084153,-93.8251893,,,,,,,,,
2026-03-19 20:14:52.263443-05:00,42.0084107,-93.8258469,,,,,,,,,
2026-03-19 20:14:57.924633-05:00,42.0084132,-93.8263967,,,,,,,,,
2026-03-19 20:15:03.585912-05:00,42.0084134,-93.8270538,,,,,,,,,
2026-03-19 20:15:09.246961-05:00,42.0084132,-93.8277198,,,,,,,,,
2026-03-19 20:15:14.907717-05:00,42.0084148,-93.8282586,42.8,mid-band,00019C01F,630720.0,-74.0,7,-10,,
2026-03-19 20:15:17.509213-05:00,42.0084139,-93.8285788,16.2,mid-band,00019C01F,630720.0,-77.0,6,-10,52.4,158.0
2026-03-19 20:15:20.084109-05:00,42.0084106,-93.829689,111.0,mid-band,00019C01F,630720.0,-75.0,4,-11,41.9,172.0
2026-03-19 20:15:30.960393-05:00,42.0084128,-93.8300203,73.7,mid-band,00019C01F,630720.0,-76.0,4,-11,12.9,206.0
2026-03-19 20:15:33.593112-05:00,42.0084152,-93.8303538,40.9,mid-band,00019C01F,630720.0,-78.0,5,-11,46.6,206.0
2026-03-19 20:15:36.192860-05:00,42.0084134,-93.8306917,39.4,mid-band,00019C01F,630720.0,-77.0,4,-11,89.3,239.0
2026-03-19 20:15:38.791287-05:00,42.0084124,-93.8309144,41.6,mid-band,00019C01F,630720.0,-75.0,4,-11,115.0,216.0
2026-03-19 20:15:41.391888-05:00,42.0084101,-93.8312546,40.4,mid-band,00019C01F,630720.0,-77.0,4,-11,115.0,220.0
2026-03-19 20:15:43.991389-05:00,42.0084098,-93.831482,50.4,mid-band,00019C01F,630720.0,-80.0,2,-11,115.0,196.0
2026-03-19 20:15:46.600799-05:00,42.008413,-93.8318231,59.5,mid-band,00019C01F,630720.0,-80.0,3,-11,105.0,210.0
2026-03-19 20:15:49.219389-05:00,42.0084126,-93.8321661,78.4,mid-band,00019C01F,630720.0,-77.0,7,-11,52.4,143.0
2026-03-19 20:15:51.855876-05:00,42.0084107,-93.83239,51.5,mid-band,00019C01F,630720.0,-77.0,7,-10,52.4,281.0
2026-03-19 20:15:54.466374-05:00,42.0084084,-93.8327237,58.1,mid-band,00019C01F,630720.0,-77.0,8,-11,105.0,222.0
2026-03-19 20:15:57.083416-05:00,42.0084074,-93.8330636,67.1,mid-band,00019C01F,630720.0,-75.0,8,-10,83.9,200.0
2026-03-19 20:15:59.709230-05:00,42.0084069,-93.8332863,33.2,mid-band,00019C01F,630720.0,-75.0,7,-11,83.9,222.0
2026-03-19 20:16:02.301429-05:00,42.0084088,-93.8336196,56.8,mid-band,00019C01F,630720.0,-74.0,8,-10,105.0,200.0
2026-03-19 20:16:04.917192-05:00,42.0084127,-93.8338443,73.5,mid-band,00019C01F,630720.0,-75.0,7,-11,115.0,193.0
2026-03-19 20:16:07.549612-05:00,42.0084128,-93.8341839,,,,,,,,10.5,25.1
2026-03-19 20:16:13.211066-05:00,42.0084152,-93.8348697,,,,,,,,,
2026-03-19 20:16:18.872283-05:00,42.0084174,-93.8354261,,,,,,,,,
2026-03-19 20:16:24.532690-05:00,42.0084253,-93.8360141,,,,,,,,,
2026-03-19 20:16:30.193977-05:00,42.0084273,-93.8373028,52.8,mid-band,00019C01F,630720.0,-88.0,-3,-14,,
2026-03-19 20:16:40.893894-05:00,42.0084299,-93.8376216,17.4,mid-band,00019C01F,630720.0,-90.0,-5,-11,,
2026-03-19 20:16:43.469913-05:00,42.0084322,-93.8379405,15.1,mid-band,00019C01F,630720.0,-98.0,-9,-12,,
2026-03-19 20:16:46.043777-05:00,42.0084338,-93.8381549,,mid-band,FFFFFFFFF,-1.0,-93.0,0,-15,,
2026-03-19 20:16:50.653470-05:00,42.0084324,-93.8386714,,mid-band,FFFFFFFFF,-1.0,-92.0,0,-12,,
2026-03-19 20:16:55.263651-05:00,42.008435,-93.8391883,,mid-band,FFFFFFFFF,-1.0,-84.0,10,-10,,
2026-03-19 20:17:00.924732-05:00,42.0084379,-93.8396915,,,,,,,,,
2026-03-19 20:17:06.586127-05:00,42.0084402,-93.8402627,,,,,,,,,
2026-03-19 20:17:12.247406-05:00,42.0084429,-93.840793,,,,,,,,,
2026-03-19 20:17:17.908738-05:00,42.0084483,-93.8412299,,,,,,,,,
2026-03-19 20:17:23.569742-05:00,42.008445,-93.8417587,,,,,,,,,
2026-03-19 20:17:29.231031-05:00,42.0084479,-93.8422453,,,,,,,,,
2026-03-19 20:17:34.892020-05:00,42.0084538,-93.842636,,,,,,,,,
2026-03-19 20:17:40.552717-05:00,42.0084694,-93.8436389,,,,,,,,,
2026-03-19 20:17:53.949783-05:00,42.0084672,-93.8441157,,,,,,,,,
2026-03-19 20:17:59.610848-05:00,42.0084712,-93.8445974,,,,,,,,,
2026-03-19 20:18:05.272200-05:00,42.0084792,-93.8450683,,,,,,,,,
2026-03-19 20:18:10.933424-05:00,42.008483,-93.8454578,,mid-band,00019C01F,630720.0,-84.0,4,-11,,
2026-03-19 20:18:15.543355-05:00,42.0084845,-93.8458911,20.4,mid-band,00019C01F,630720.0,-83.0,5,-11,,
2026-03-19 20:18:18.122244-05:00,42.0084875,-93.8461639,47.7,mid-band,00019C01F,630720.0,-84.0,6,-10,,
2026-03-19 20:18:20.728881-05:00,42.0084882,-93.8463466,36.5,mid-band,00019C01F,630720.0,-84.0,8,-10,71.4,103.0
2026-03-19 20:18:23.324289-05:00,42.0084872,-93.8466288,16.8,mid-band,00019C01F,630720.0,-83.0,9,-10,41.9,279.0
2026-03-19 20:18:25.900096-05:00,42.0084856,-93.8468337,16.7,mid-band,00019C01F,630720.0,-83.0,9,-10,31.5,231.0
2026-03-19 20:18:28.475599-05:00,42.0084863,-93.8471503,17.0,mid-band,00019C01F,630720.0,-82.0,11,-10,41.9,252.0
2026-03-19 20:18:31.051001-05:00,42.0084882,-93.8473646,16.4,mid-band,00019C01F,630720.0,-82.0,8,-11,31.5,182.0
2026-03-19 20:18:33.626264-05:00,42.008492,-93.8476996,19.2,mid-band,00019C01F,630720.0,-83.0,10,-10,41.9,253.0
2026-03-19 20:18:36.203883-05:00,42.008493,-93.8480631,18.5,mid-band,00019C01F,630720.0,-88.0,4,-11,31.5,257.0
2026-03-19 20:18:38.781572-05:00,42.0084916,-93.8483193,15.2,mid-band,00019C01F,630720.0,-90.0,2,-11,31.5,267.0
2026-03-19 20:18:41.355771-05:00,42.0084954,-93.8487208,,mid-band,00019C01F,630720.0,-97.0,1,-11,21.0,259.0
2026-03-19 20:18:44.914813-05:00,42.008497,-93.8491209,38.3,mid-band,00019C01F,630720.0,-103.0,-1,-11,31.5,270.0
2026-03-19 20:18:47.512249-05:00,42.0084982,-93.8495121,32.2,mid-band,00019C01F,630720.0,-102.0,0,-11,10.5,108.0
2026-03-19 20:18:50.102983-05:00,42.0085034,-93.8507702,20.9,mid-band,00019C01F,630720.0,-104.0,-1,-11,10.5,86.0
2026-03-19 20:19:00.863461-05:00,42.0085098,-93.851008,14.9,mid-band,00019C01F,630720.0,-103.0,1,-11,10.5,149.0
2026-03-19 20:19:03.437114-05:00,42.008511,-93.8510714,16.9,mid-band,00019C01F,630720.0,-104.0,1,-11,10.5,161.0
2026-03-19 20:19:06.012750-05:00,42.0085082,-93.8510844,20.0,mid-band,00019C01F,630720.0,-106.0,-3,-11,10.5,210.0
2026-03-19 20:19:08.591564-05:00,42.0085188,-93.8512022,44.7,mid-band,00019C01F,630720.0,-103.0,-1,-11,10.5,248.0
2026-03-19 20:19:11.195021-05:00,42.0085942,-93.8513057,123.0,mid-band,00019C01F,630720.0,-109.0,-2,-11,10.5,243.0
2026-03-19 20:19:13.877043-05:00,42.0087055,-93.8513191,,mid-band,FFFFFFFFF,-1.0,-102.0,0,-13,10.5,173.0
2026-03-19 20:19:18.487124-05:00,42.0091009,-93.8513422,,,,,,,,,
2026-03-19 20:19:24.148442-05:00,42.0096531,-93.8513848,,mid-band,FFFFFFFFF,-1.0,-93.0,0,-10,,
2026-03-19 20:19:28.758509-05:00,42.0100367,-93.8514169,,,,,,,,,
2026-03-19 20:19:34.419688-05:00,42.0106508,-93.851472,,,,,,,,,
2026-03-19 20:19:40.081125-05:00,42.0112787,-93.8515278,,,,,,,,,
2026-03-19 20:19:45.742652-05:00,42.0117899,-93.8515699,,,,,,,,,
2026-03-19 20:19:51.403936-05:00,42.0124288,-93.8516298,,,,,,,,,
2026-03-19 20:19:57.064670-05:00,42.012969,-93.8516779,,,,,,,,,
2026-03-19 20:20:02.725428-05:00,42.0141188,-93.8517846,,,,,,,,,
2026-03-19 20:20:13.439256-05:00,42.0147196,-93.8518893,,,,,,,,,
2026-03-19 20:20:19.100522-05:00,42.0153351,-93.8520461,,,,,,,,,
2026-03-19 20:20:24.761824-05:00,42.015835,-93.8522105,,mid-band,00019C01F,630720.0,-101.0,-2,-11,,
2026-03-19 20:20:29.371788-05:00,42.0163373,-93.8523829,33.7,mid-band,00019C01F,630720.0,-104.0,-3,-11,,
2026-03-19 20:20:31.964309-05:00,42.016538,-93.8524457,60.1,mid-band,00019C01F,630720.0,-111.0,-7,-11,,
2026-03-19 20:20:34.583120-05:00,42.0168363,-93.8525076,,,,,,,,,
2026-03-19 20:20:40.244411-05:00,42.0174158,-93.8525742,,,,,,,,,
2026-03-19 20:20:45.905695-05:00,42.0178977,-93.8525699,,,,,,,,,
2026-03-19 20:20:51.566894-05:00,42.0185002,-93.8525378,,,,,,,,,
2026-03-19 20:20:57.228226-05:00,42.0191257,-93.8525067,,,,,,,,,
2026-03-19 20:21:02.889502-05:00,42.019615,-93.8524777,,,,,,,,,
2026-03-19 20:21:08.550751-05:00,42.0202068,-93.8524479,,,,,,,,,
2026-03-19 20:21:14.212015-05:00,42.0211032,-93.8524009,,,,,,,,,
2026-03-19 20:21:22.938259-05:00,42.0216028,-93.852376,,,,,,,,,
2026-03-19 20:21:28.599544-05:00,42.0222164,-93.8523426,,,,,,,,,
2026-03-19 20:21:34.260771-05:00,42.0227935,-93.8523134,,,,,,,,,
2026-03-19 20:21:39.921465-05:00,42.0229939,-93.8521673,,,,,,,,,
2026-03-19 20:21:45.582849-05:00,42.0229828,-93.8517253,,,,,,,,,
2026-03-19 20:21:51.244052-05:00,42.0229843,-93.8511778,,,,,,,,,
2026-03-19 20:21:56.904694-05:00,42.0229843,-93.8506672,,,,,,,,,
2026-03-19 20:22:02.565941-05:00,42.0229862,-93.8500229,,,,,,,,,
2026-03-19 20:22:08.227277-05:00,42.0229774,-93.8493712,,,,,,,,,
2026-03-19 20:22:13.888484-05:00,42.0229827,-93.8488264,,,,,,,,,
2026-03-19 20:22:19.548707-05:00,42.0229911,-93.8473676,,,,,,,,,
2026-03-19 20:22:33.951980-05:00,42.0229891,-93.8468074,,,,,,,,,
2026-03-19 20:22:39.612712-05:00,42.0229875,-93.8462139,,,,,,,,,
2026-03-19 20:22:45.273933-05:00,42.0229843,-93.8456471,,,,,,,,,
2026-03-19 20:22:50.935241-05:00,42.0229886,-93.8451488,,,,,,,,,
2026-03-19 20:22:56.596632-05:00,42.0229874,-93.8444937,,,,,,,,,
2026-03-19 20:23:02.257420-05:00,42.0229888,-93.8438353,,,,,,,,,
2026-03-19 20:23:07.918548-05:00,42.0229946,-93.8432745,,,,,,,,,
2026-03-19 20:23:13.579682-05:00,42.0229952,-93.8425878,,,,,,,,,
2026-03-19 20:23:19.240362-05:00,42.0229887,-93.8419126,,,,,,,,,
2026-03-19 20:23:24.901613-05:00,42.0229833,-93.8413773,,,,,,,,,
2026-03-19 20:23:30.562654-05:00,42.0229808,-93.8400336,,,,,,,,,
2026-03-19 20:23:43.949501-05:00,42.0229866,-93.839437,,,,,,,,,
2026-03-19 20:23:49.610029-05:00,42.0229876,-93.8388738,,,,,,,,,
2026-03-19 20:23:55.271321-05:00,42.0229901,-93.8383158,,,,,,,,,
2026-03-19 20:24:00.932011-05:00,42.0229932,-93.8378161,,,,,,,,,
2026-03-19 20:24:06.593214-05:00,42.0229869,-93.8372055,,,,,,,,,
2026-03-19 20:24:12.254022-05:00,42.0229886,-93.8366073,,,,,,,,,
2026-03-19 20:24:17.915254-05:00,42.0229896,-93.836092,,,,,,,,,
2026-03-19 20:24:23.576442-05:00,42.0229968,-93.8354663,,,,,,,,,
2026-03-19 20:24:29.237650-05:00,42.0230095,-93.8348451,,,,,,,,,
2026-03-19 20:24:34.898388-05:00,42.0230125,-93.8343553,,,,,,,,,
2026-03-19 20:24:40.559674-05:00,42.0230066,-93.8330688,,,,,,,,,
2026-03-19 20:24:53.951997-05:00,42.0230058,-93.83251,,,,,,,,,
2026-03-19 20:24:59.613111-05:00,42.0229966,-93.8319312,,,,,,,,,
2026-03-19 20:25:05.273405-05:00,42.0229992,-93.8313561,,,,,,,,,
2026-03-19 20:25:10.933407-05:00,42.0230027,-93.8308755,,,,,,,,,
2026-03-19 20:25:16.594498-05:00,42.0230094,-93.8303128,,,,,,,,,
2026-03-19 20:25:22.255817-05:00,42.0230024,-93.8296946,,,,,,,,,
2026-03-19 20:25:27.917187-05:00,42.0229987,-93.829178,,,,,,,,,
2026-03-19 20:25:33.577430-05:00,42.0229999,-93.828522,,,,,,,,,
2026-03-19 20:25:39.238502-05:00,42.0230023,-93.8278231,,,,,,,,,
2026-03-19 20:25:44.899893-05:00,42.0230008,-93.827227,,,,,,,,,
2026-03-19 20:25:50.561086-05:00,42.0230095,-93.8257509,,,,,,,,,
2026-03-19 20:26:03.949120-05:00,42.023002,-93.8250782,,,,,,,,,
2026-03-19 20:26:09.610442-05:00,42.0230017,-93.8244057,,,,,,,,,
2026-03-19 20:26:15.271689-05:00,42.0230028,-93.8237689,,,,,,,,,
2026-03-19 20:26:20.932402-05:00,42.0230153,-93.8232325,,,,,,,,,
2026-03-19 20:26:26.593259-05:00,42.0230132,-93.8225489,,,,,,,,,
2026-03-19 20:26:32.254365-05:00,42.023016,-93.8218671,,,,,,,,,
2026-03-19 20:26:37.915548-05:00,42.0230268,-93.8212856,,,,,,,,,
2026-03-19 20:26:43.576915-05:00,42.0230239,-93.8205481,,,,,,,,,
2026-03-19 20:26:49.238088-05:00,42.0230181,-93.8198179,,,,,,,,,
2026-03-19 20:26:54.899303-05:00,42.0230315,-93.8192263,,,,,,,,,
2026-03-19 20:27:00.560391-05:00,42.0230388,-93.817781,,,,,,,,,
2026-03-19 20:27:13.941512-05:00,42.0230419,-93.8170421,,,,,,,,,
2026-03-19 20:27:19.602760-05:00,42.0230386,-93.8163106,,,,,,,,,
2026-03-19 20:27:25.263801-05:00,42.0230444,-93.8157392,,,,,,,,,
2026-03-19 20:27:30.925029-05:00,42.0230455,-93.8155666,,,,,,,,,
2026-03-19 20:27:36.586249-05:00,42.0230436,-93.8155447,,,,,,,,,
2026-03-19 20:27:42.247554-05:00,42.0230376,-93.8151311,,,,,,,,,
2026-03-19 20:27:47.909055-05:00,42.023037,-93.8146551,,,,,,,,,
2026-03-19 20:27:53.570321-05:00,42.023045,-93.8139925,,,,,,,,,
2026-03-19 20:27:59.231559-05:00,42.0230409,-93.8132709,,,,,,,,,
2026-03-19 20:28:04.891975-05:00,42.0230431,-93.8126634,,,,,,,,,
2026-03-19 20:28:10.553204-05:00,42.0230249,-93.811613,,,,,,,,,
2026-03-19 20:28:23.952725-05:00,42.023029,-93.8116041,36.9,mid-band,00019C01F,630720.0,-94.0,-4,-17,,
2026-03-19 20:28:26.548391-05:00,42.0230298,-93.8115206,27.4,mid-band,00019C01F,630720.0,-93.0,-4,-11,,
2026-03-19 20:28:29.133942-05:00,42.0230383,-93.8113428,,mid-band,FFFFFFFFF,-1.0,-91.0,3,-12,,
2026-03-19 20:28:32.692705-05:00,42.0230469,-93.8110976,212.0,mid-band,00019C01F,630720.0,-90.0,0,-11,,
2026-03-19 20:28:35.463909-05:00,42.0230493,-93.8108207,30.3,mid-band,00019C01F,630720.0,-90.0,-2,-12,,
2026-03-19 20:28:38.052940-05:00,42.0230506,-93.8106142,30.6,mid-band,00019C01F,630720.0,-87.0,0,-11,,
2026-03-19 20:28:40.642368-05:00,42.0230527,-93.8102787,61.0,mid-band,00019C01F,630720.0,-92.0,-2,-11,,
2026-03-19 20:28:43.262051-05:00,42.0230517,-93.8099155,45.0,mid-band,00019C01F,630720.0,-97.0,-7,-16,,
2026-03-19 20:28:45.865829-05:00,42.0230505,-93.8096608,,mid-band,00019C01F,630720.0,-44.0,0,-3,,
2026-03-19 20:28:50.475774-05:00,42.0230524,-93.8090718,,mid-band,FFFFFFFFF,-1.0,-97.0,-8,-16,,
2026-03-19 20:28:55.085444-05:00,42.0230522,-93.8085235,,,,,,,,,
2026-03-19 20:29:00.746502-05:00,42.0230586,-93.8079778,,,,,,,,,
2026-03-19 20:29:06.407698-05:00,42.0230567,-93.8072926,,,,,,,,,
2026-03-19 20:29:12.068014-05:00,42.0230611,-93.8067206,,,,,,,,,
2026-03-19 20:29:17.729188-05:00,42.0230619,-93.8059987,,,,,,,,,
2026-03-19 20:29:23.390321-05:00,42.0230695,-93.8047651,,,,,,,,,
2026-03-19 20:29:32.932701-05:00,42.0230687,-93.8041786,,,,,,,,,
2026-03-19 20:29:38.593434-05:00,42.0230703,-93.8034657,,,,,,,,,
2026-03-19 20:29:44.254485-05:00,42.0230758,-93.8027235,,,,,,,,,
2026-03-19 20:29:49.915957-05:00,42.0230765,-93.8020847,,,,,,,,,
2026-03-19 20:29:55.576718-05:00,42.0230837,-93.8012808,,,,,,,,,
2026-03-19 20:30:01.237466-05:00,42.0230933,-93.8004254,,,,,,,,,
2026-03-19 20:30:06.898672-05:00,42.0230981,-93.7996952,,,,,,,,,
2026-03-19 20:30:12.559982-05:00,42.0231034,-93.7988174,,,,,,,,,
2026-03-19 20:30:18.221541-05:00,42.0231105,-93.7979334,,,,,,,,,
2026-03-19 20:30:23.882775-05:00,42.0231112,-93.7972473,,,,,,,,,
2026-03-19 20:30:29.544012-05:00,42.0230983,-93.7953392,,,,,,,,,
2026-03-19 20:30:43.944206-05:00,42.0230868,-93.794442,,,,,,,,,
2026-03-19 20:30:49.605370-05:00,42.0230789,-93.7935544,,,,,,,,,
2026-03-19 20:30:55.266663-05:00,42.0230763,-93.7926818,,,,,,,,,
2026-03-19 20:31:00.927772-05:00,42.0230823,-93.7919203,,,,,,,,,
2026-03-19 20:31:06.589159-05:00,42.0231032,-93.7910155,,,,,,,,,
2026-03-19 20:31:12.250336-05:00,42.0231351,-93.7901023,,,,,,,,,
2026-03-19 20:31:17.911577-05:00,42.0231654,-93.7893305,,,,,,,,,
2026-03-19 20:31:23.572747-05:00,42.0231932,-93.7883928,,,,,,,,,
2026-03-19 20:31:29.233975-05:00,42.0232509,-93.7875003,12.6,mid-band,00019C01F,630720.0,-78.0,7,-11,,
2026-03-19 20:31:31.805362-05:00,42.0233145,-93.7872272,15.9,mid-band,00019C01F,630720.0,-89.0,-1,-11,,
2026-03-19 20:31:34.379913-05:00,42.0234583,-93.7868662,,mid-band,00019C01F,630720.0,-79.0,0,-11,,
2026-03-19 20:31:38.989876-05:00,42.0235997,-93.7865774,21.7,mid-band,00019C01F,630720.0,-82.0,0,-11,,
2026-03-19 20:31:41.570357-05:00,42.0235257,-93.7857745,18.4,mid-band,00019C01F,630720.0,-85.0,-2,-11,,
2026-03-19 20:31:50.355338-05:00,42.0234247,-93.7852651,21.3,mid-band,00019C01F,630720.0,-85.0,0,-11,,
2026-03-19 20:31:52.935220-05:00,42.02336,-93.7848696,14.8,mid-band,00019C01F,630720.0,-83.0,0,-11,20.6,23.7
2026-03-19 20:31:55.508567-05:00,42.0232679,-93.7842071,15.3,mid-band,00019C01F,630720.0,-79.0,0,-11,41.9,198.0
2026-03-19 20:31:58.082654-05:00,42.0231888,-93.7834653,18.7,mid-band,00019C01F,630720.0,-79.0,2,-11,58.0,244.0
2026-03-19 20:32:00.660130-05:00,42.0231505,-93.782932,19.8,mid-band,00019C01F,630720.0,-86.0,-3,-11,62.1,262.0
2026-03-19 20:32:03.238837-05:00,42.0231246,-93.7820924,22.6,mid-band,00019C01F,630720.0,-88.0,-1,-11,58.5,240.0
2026-03-19 20:32:05.819956-05:00,42.0231278,-93.7815128,20.6,mid-band,00019C01F,630720.0,-81.0,-3,-11,69.4,248.0
2026-03-19 20:32:08.399090-05:00,42.0231361,-93.7806734,24.2,mid-band,00019C01F,630720.0,-79.0,-4,-11,74.0,245.0
2026-03-19 20:32:10.981496-05:00,42.0231412,-93.7801469,88.8,mid-band,00019C01F,630720.0,-77.0,-3,-11,72.5,259.0
2026-03-19 20:32:13.629267-05:00,42.0231493,-93.7794017,22.2,mid-band,00019C00B,630720.0,-77.0,0,-11,25.4,103.0
2026-03-19 20:32:16.209451-05:00,42.0231581,-93.7786977,20.4,mid-band,00019C00B,630720.0,-73.0,0,-11,50.2,119.0
2026-03-19 20:32:18.788734-05:00,42.0231637,-93.7782478,49.4,mid-band,00019C00B,630720.0,-74.0,5,-11,65.2,166.0
2026-03-19 20:32:21.397138-05:00,42.0231719,-93.7776019,16.1,mid-band,00019C00B,630720.0,-83.0,3,-11,73.0,177.0
2026-03-19 20:32:23.972129-05:00,42.0231743,-93.7771877,18.7,mid-band,00019C00B,630720.0,-70.0,8,-10,73.0,176.0
2026-03-19 20:32:26.549906-05:00,42.0231777,-93.7765762,13.0,mid-band,00019C00B,630720.0,-77.0,9,-10,69.4,195.0
2026-03-19 20:32:29.121902-05:00,42.0231795,-93.7759648,26.5,mid-band,00019C00B,630720.0,-74.0,10,-10,72.5,221.0
2026-03-19 20:32:31.707545-05:00,42.0231808,-93.7755626,32.5,mid-band,00019C00B,630720.0,-72.0,10,-10,105.0,220.0
2026-03-19 20:32:34.299314-05:00,42.0231802,-93.7749733,36.1,mid-band,00019C00B,630720.0,-65.0,15,-10,126.0,212.0
2026-03-19 20:32:36.893476-05:00,42.0231789,-93.7745781,22.3,mid-band,00019C00B,630720.0,-60.0,13,-10,83.9,209.0
2026-03-19 20:32:39.474752-05:00,42.0231766,-93.7740016,23.5,mid-band,00019C00B,630720.0,-52.0,18,-10,73.4,263.0
2026-03-19 20:32:42.057305-05:00,42.0231751,-93.7736287,21.4,mid-band,00019C00B,630720.0,-57.0,12,-10,62.9,249.0
2026-03-19 20:32:44.637487-05:00,42.0231738,-93.773068,19.6,mid-band,00019C00B,630720.0,-59.0,11,-10,73.4,248.0
2026-03-19 20:32:47.216112-05:00,42.0231718,-93.7724932,27.1,mid-band,00019C00B,630720.0,-58.0,8,-10,62.9,258.0
2026-03-19 20:32:49.801989-05:00,42.0231714,-93.7721039,24.0,mid-band,00019C00B,630720.0,-58.0,7,-11,62.9,242.0
2026-03-19 20:32:52.384953-05:00,42.0231719,-93.7705259,23.3,mid-band,00019C00B,630720.0,-65.0,0,-11,52.4,270.0
2026-03-19 20:33:00.357430-05:00,42.0231706,-93.7699326,26.9,mid-band,00019C00B,630720.0,-66.0,-4,-11,83.9,239.0
2026-03-19 20:33:02.943349-05:00,42.0231707,-93.7695377,26.3,mid-band,00019C00B,630720.0,-72.0,-3,-16,83.9,238.0
2026-03-19 20:33:05.528405-05:00,42.0231705,-93.7689449,20.7,mid-band,00019C015,630720.0,-62.0,12,-10,52.4,173.0
2026-03-19 20:33:08.107954-05:00,42.023168,-93.7683486,26.0,mid-band,00019C015,630720.0,-59.0,9,-10,94.4,238.0
2026-03-19 20:33:10.692953-05:00,42.0231663,-93.767942,23.0,mid-band,00019C015,630720.0,-60.0,10,-10,73.4,204.0
2026-03-19 20:33:13.275058-05:00,42.0231657,-93.7673269,59.6,mid-band,00019C015,630720.0,-61.0,10,-10,73.4,222.0
2026-03-19 20:33:15.893488-05:00,42.0231692,-93.766916,26.6,mid-band,00019C015,630720.0,-61.0,12,-10,73.4,217.0
2026-03-19 20:33:18.479063-05:00,42.0231764,-93.7662928,17.4,mid-band,00019C015,630720.0,-60.0,12,-10,73.4,238.0
2026-03-19 20:33:21.055426-05:00,42.0231799,-93.7658714,14.2,mid-band,00019C015,630720.0,-61.0,11,-10,52.4,240.0
2026-03-19 20:33:23.628422-05:00,42.023188,-93.7652413,13.9,mid-band,00019C015,630720.0,-64.0,12,-10,62.9,214.0
2026-03-19 20:33:26.201388-05:00,42.0231961,-93.7646327,18.9,mid-band,00019C015,630720.0,-65.0,7,-11,52.4,229.0
2026-03-19 20:33:28.779204-05:00,42.0232023,-93.7642343,8.51,mid-band,00019C015,630720.0,-64.0,8,-10,62.9,213.0
2026-03-19 20:33:31.346715-05:00,42.0232142,-93.7636423,13.6,mid-band,00019C015,630720.0,-59.0,12,-10,73.4,217.0
2026-03-19 20:33:33.918881-05:00,42.0232172,-93.7632484,14.9,mid-band,00019C015,630720.0,-61.0,12,-10,73.4,231.0
2026-03-19 20:33:36.492189-05:00,42.0232233,-93.7626539,19.5,mid-band,00019C015,630720.0,-61.0,13,-10,73.4,233.0
2026-03-19 20:33:39.070053-05:00,42.0232305,-93.7620374,17.3,mid-band,00019C015,630720.0,-64.0,9,-11,73.4,245.0
2026-03-19 20:33:41.646221-05:00,42.0232359,-93.7616112,25.0,mid-band,00019C015,630720.0,-64.0,7,-11,83.9,242.0
2026-03-19 20:33:44.229477-05:00,42.0232463,-93.760955,21.8,mid-band,00019C015,630720.0,-64.0,12,-10,73.4,251.0
2026-03-19 20:33:46.809484-05:00,42.0232504,-93.7605147,13.2,mid-band,00019C015,630720.0,-71.0,-1,-11,94.4,213.0
2026-03-19 20:33:49.381476-05:00,42.0232576,-93.7598779,20.6,mid-band,00019C015,630720.0,-63.0,4,-11,73.4,243.0
2026-03-19 20:33:51.961070-05:00,42.0232633,-93.7594708,24.9,mid-band,00019C015,630720.0,-64.0,8,-11,73.4,248.0
2026-03-19 20:33:54.544856-05:00,42.0232747,-93.7588725,20.5,mid-band,00019C015,630720.0,-66.0,11,-10,62.9,261.0
2026-03-19 20:33:57.124300-05:00,42.0232817,-93.7582733,25.6,mid-band,00019C015,630720.0,-71.0,7,-10,83.9,235.0
2026-03-19 20:33:59.708415-05:00,42.0232853,-93.7578689,28.5,mid-band,00019C015,630720.0,-73.0,0,-11,83.9,233.0
2026-03-19 20:34:02.296046-05:00,42.023274,-93.7562199,21.6,mid-band,00019C015,630720.0,-68.0,1,-11,73.4,228.0
2026-03-19 20:34:10.357729-05:00,42.0232597,-93.7556009,33.2,mid-band,00019C015,630720.0,-66.0,-2,-11,105.0,230.0
2026-03-19 20:34:12.950060-05:00,42.0232525,-93.7551916,19.9,mid-band,00019C015,630720.0,-63.0,0,-11,115.0,220.0
2026-03-19 20:34:15.528823-05:00,42.0232424,-93.7545819,28.2,mid-band,00019C015,630720.0,-62.0,0,-11,105.0,228.0
2026-03-19 20:34:18.116105-05:00,42.0232312,-93.7539767,35.7,mid-band,00019C015,630720.0,-61.0,9,-10,105.0,210.0
2026-03-19 20:34:20.710572-05:00,42.0232249,-93.7535759,45.4,mid-band,00019C015,630720.0,-60.0,8,-10,94.4,238.0
2026-03-19 20:34:23.314705-05:00,42.0232157,-93.7529807,38.6,mid-band,00019C015,630720.0,-61.0,1,-11,83.9,249.0
2026-03-19 20:34:25.911750-05:00,42.0232088,-93.7525901,31.3,mid-band,00019C015,630720.0,-60.0,8,-11,94.4,238.0
2026-03-19 20:34:28.501743-05:00,42.0231997,-93.7520216,25.7,mid-band,00019C015,630720.0,-61.0,3,-11,73.4,216.0
2026-03-19 20:34:31.085494-05:00,42.0231887,-93.7514608,28.5,mid-band,00019C015,630720.0,-63.0,3,-10,73.4,216.0
2026-03-19 20:34:33.672256-05:00,42.0231828,-93.7510878,,mid-band,FFFFFFFFF,-1.0,-67.0,6,-11,41.9,171.0
2026-03-19 20:34:37.230928-05:00,42.0231718,-93.7503383,34.1,mid-band,00019C015,630720.0,-64.0,4,-10,10.5,32.4
2026-03-19 20:34:39.823706-05:00,42.023166,-93.7499606,27.3,mid-band,00019C015,630720.0,-65.0,2,-13,31.5,262.0
2026-03-19 20:34:42.409611-05:00,42.0231545,-93.7493867,,,,,,,,31.5,240.0
2026-03-19 20:34:48.071010-05:00,42.023135,-93.7484308,,,,,,,,,
2026-03-19 20:34:53.732041-05:00,42.0231142,-93.7472876,,,,,,,,,
2026-03-19 20:34:59.393160-05:00,42.0230937,-93.7461154,,,,,,,,,
2026-03-19 20:35:05.054443-05:00,42.0230733,-93.7451198,,,,,,,,,
2026-03-19 20:35:10.715693-05:00,42.0230219,-93.7426662,,,,,,,,,
2026-03-19 20:35:23.940006-05:00,42.0229992,-93.7414725,,,,,,,,,
2026-03-19 20:35:29.601152-05:00,42.0229795,-93.7402203,,,,,,,,,
2026-03-19 20:35:35.262361-05:00,42.0229338,-93.7389354,,mid-band,00019C015,630720.0,-66.0,7,-11,,
2026-03-19 20:35:38.821001-05:00,42.0229162,-93.7382916,27.5,mid-band,00019C015,630720.0,-66.0,6,-10,,
2026-03-19 20:35:41.407277-05:00,42.0229033,-93.7376424,25.4,mid-band,00019C015,630720.0,-64.0,10,-10,,
2026-03-19 20:35:43.991431-05:00,42.0229006,-93.7372198,13.6,mid-band,00019C015,630720.0,-65.0,8,-10,,
2026-03-19 20:35:46.563788-05:00,42.0229029,-93.7365949,32.7,mid-band,00019C015,630720.0,-68.0,3,-11,20.7,239.0
2026-03-19 20:35:49.155420-05:00,42.0229039,-93.7359737,18.2,mid-band,00019C015,630720.0,-66.0,6,-10,38.8,225.0
2026-03-19 20:35:51.732240-05:00,42.0229038,-93.7355685,21.4,mid-band,00019C015,630720.0,-68.0,10,-11,44.0,239.0
2026-03-19 20:35:54.312336-05:00,42.0229014,-93.7349772,21.9,mid-band,00019C015,630720.0,-70.0,3,-11,44.5,248.0
2026-03-19 20:35:56.892676-05:00,42.0228972,-93.7346001,24.7,mid-band,00019C015,630720.0,-70.0,2,-11,51.2,268.0
2026-03-19 20:35:59.476248-05:00,42.0228867,-93.734055,28.6,mid-band,00019C015,630720.0,-69.0,4,-11,57.5,239.0
2026-03-19 20:36:02.063676-05:00,42.0228752,-93.7337014,25.3,mid-band,00019C015,630720.0,-73.0,6,-10,70.9,245.0
2026-03-19 20:36:04.647971-05:00,42.0228519,-93.7331769,24.5,mid-band,00019C015,630720.0,-70.0,7,-10,69.4,258.0
2026-03-19 20:36:07.231615-05:00,42.0228207,-93.7326546,78.9,mid-band,00019C015,630720.0,-68.0,12,-10,94.9,241.0
2026-03-19 20:36:09.869637-05:00,42.0227885,-93.7323128,26.9,mid-band,00019C015,630720.0,-76.0,2,-11,126.0,201.0
2026-03-19 20:36:12.455460-05:00,42.0227153,-93.7318126,26.6,mid-band,00019C015,630720.0,-84.0,-6,-12,83.9,244.0
2026-03-19 20:36:15.041417-05:00,42.0226509,-93.7314896,25.7,mid-band,00019C015,630720.0,-86.0,-3,-11,62.9,238.0
2026-03-19 20:36:17.626046-05:00,42.0225324,-93.7310241,,,,,,,,62.9,209.0
2026-03-19 20:36:23.287464-05:00,42.0220532,-93.7293672,,,,,,,,,
2026-03-19 20:36:32.938623-05:00,42.0218723,-93.7284815,,,,,,,,,
2026-03-19 20:36:38.599586-05:00,42.0218515,-93.7274096,,,,,,,,,
2026-03-19 20:36:44.260818-05:00,42.0220315,-93.7263777,,mid-band,00019C015,630720.0,-44.0,14,-3,,
2026-03-19 20:36:48.870933-05:00,42.0222287,-93.7257106,32.3,mid-band,00019C015,630720.0,-75.0,5,-11,,
2026-03-19 20:36:51.461582-05:00,42.0223852,-93.7251996,13.6,mid-band,00019C015,630720.0,-75.0,5,-11,62.9,253.0
2026-03-19 20:36:54.034021-05:00,42.0224927,-93.724853,16.9,mid-band,00019C015,630720.0,-77.0,3,-11,,
2026-03-19 20:36:56.609441-05:00,42.0226662,-93.7243289,16.1,mid-band,00019C015,630720.0,-81.0,8,-11,,
2026-03-19 20:36:59.183994-05:00,42.0228416,-93.7237827,17.0,mid-band,00019C015,630720.0,-75.0,0,-10,,
2026-03-19 20:37:01.759503-05:00,42.0229366,-93.7234123,16.4,mid-band,00019C015,630720.0,-75.0,10,-10,,
2026-03-19 20:37:04.334521-05:00,42.0230536,-93.7228413,11.4,mid-band,00019C015,630720.0,-74.0,6,-10,,
2026-03-19 20:37:06.904533-05:00,42.0231087,-93.722436,10.8,mid-band,00019C015,630720.0,-72.0,4,-11,,
2026-03-19 20:37:09.474566-05:00,42.0231531,-93.7217879,21.5,mid-band,00019C015,630720.0,-74.0,7,-11,,
2026-03-19 20:37:12.054641-05:00,42.0231664,-93.72134,21.3,mid-band,00019C015,630720.0,-73.0,9,-10,,
2026-03-19 20:37:14.634522-05:00,42.0231739,-93.7206514,11.4,mid-band,00019C015,630720.0,-74.0,19,-10,,
2026-03-19 20:37:17.204539-05:00,42.0231797,-93.7199453,21.3,mid-band,00019C015,630720.0,-74.0,19,-10,,
2026-03-19 20:37:19.784447-05:00,42.0231842,-93.7194662,16.9,mid-band,00019C015,630720.0,-73.0,16,-10,,
2026-03-19 20:37:22.359475-05:00,42.0231822,-93.7187347,15.8,mid-band,00019C015,630720.0,-72.0,17,-10,,
2026-03-19 20:37:24.933927-05:00,42.0231784,-93.7182388,17.0,mid-band,00019C015,630720.0,-72.0,17,-10,,
2026-03-19 20:37:27.509510-05:00,42.0231693,-93.7174842,10.9,mid-band,00019C015,630720.0,-76.0,11,-10,,
2026-03-19 20:37:30.079004-05:00,42.0231153,-93.7148468,,,,,,,,,
2026-03-19 20:37:43.938488-05:00,42.0230838,-93.7133136,,,,,,,,,
2026-03-19 20:37:49.599847-05:00,42.0230529,-93.711916,10.4,mid-band,00019C015,630720.0,-87.0,7,-11,,
2026-03-19 20:37:52.168904-05:00,42.0230381,-93.7112451,11.4,mid-band,00019C015,630720.0,-91.0,0,-11,,
2026-03-19 20:37:54.738948-05:00,42.0230283,-93.7108096,21.9,mid-band,00019C015,630720.0,-88.0,2,-11,,
2026-03-19 20:37:57.319024-05:00,42.0230138,-93.7101678,50.9,mid-band,00019C015,630720.0,-90.0,-1,-11,,
2026-03-19 20:37:59.928524-05:00,42.0230044,-93.7097362,21.8,mid-band,00019C015,630720.0,-92.0,0,-11,,
2026-03-19 20:38:02.508982-05:00,42.0229893,-93.7090773,31.7,mid-band,00019C015,630720.0,-92.0,-4,-11,,
2026-03-19 20:38:05.099346-05:00,42.0229749,-93.7084297,,,,,,,,,
2026-03-19 20:38:10.759977-05:00,42.0229513,-93.7073717,,,,,,,,,
2026-03-19 20:38:16.421227-05:00,42.0229256,-93.706137,,,,,,,,,
2026-03-19 20:38:22.081408-05:00,42.0228943,-93.704875,,,,,,,,,
2026-03-19 20:38:27.742516-05:00,42.022867,-93.7036959,,,,,,,,,
2026-03-19 20:38:33.403686-05:00,42.0228318,-93.7021642,,mid-band,00019C015,630720.0,-94.0,6,-11,,
2026-03-19 20:38:36.961726-05:00,42.0228163,-93.7013668,24.0,mid-band,00019C015,630720.0,-97.0,9,-10,,
2026-03-19 20:38:39.544425-05:00,42.0227966,-93.7005544,20.8,mid-band,00019C015,630720.0,-99.0,3,-11,,
2026-03-19 20:38:42.123900-05:00,42.022769,-93.6984224,21.8,mid-band,00019C015,630720.0,-103.0,-1,-11,,
2026-03-19 20:38:50.354389-05:00,42.0227723,-93.6976574,21.3,mid-band,00019C015,630720.0,-99.0,3,-11,,
2026-03-19 20:38:52.933448-05:00,42.022777,-93.6971547,22.2,mid-band,00019C015,630720.0,-105.0,-3,-12,,
2026-03-19 20:38:55.514391-05:00,42.0227824,-93.6964105,21.3,mid-band,00019C015,630720.0,-102.0,4,-11,,
2026-03-19 20:38:58.093460-05:00,42.0227946,-93.6956808,71.2,mid-band,00019C015,630720.0,-103.0,2,-12,,
2026-03-19 20:39:00.723735-05:00,42.0227999,-93.6952009,74.1,mid-band,00019C015,630720.0,-103.0,6,-11,,
2026-03-19 20:39:03.356865-05:00,42.0228061,-93.6944832,70.3,mid-band,00019C015,630720.0,-110.0,-2,-14,,
2026-03-19 20:39:05.985970-05:00,42.0228065,-93.6940059,71.8,mid-band,00019C015,630720.0,-104.0,0,-13,,
2026-03-19 20:39:08.616392-05:00,42.0228046,-93.6933201,72.5,mid-band,00019C015,630720.0,-108.0,-6,-17,,
2026-03-20 13:56:55.250842-05:00,42.0210945,-93.7739826,19.2,mid-band,00019C01F,630720.0,-59.0,11,-10,,
2026-03-20 13:57:06.876821-05:00,42.0210946,-93.7739832,15.5,mid-band,00019C01F,630720.0,-59.0,13,-10,,
2026-03-20 13:57:09.451581-05:00,42.0210934,-93.7739835,20.4,mid-band,00019C01F,630720.0,-59.0,12,-10,,
2026-03-20 13:57:12.031581-05:00,42.0210919,-93.7739834,20.5,mid-band,00019C01F,630720.0,-58.0,11,-10,,
2026-03-20 13:57:14.610988-05:00,42.0210914,-93.7739835,21.1,mid-band,00019C01F,630720.0,-59.0,12,-10,,
2026-03-20 13:57:17.191197-05:00,42.0210935,-93.7739829,15.5,mid-band,00019C01F,630720.0,-59.0,11,-10,,
2026-03-20 13:57:19.766049-05:00,42.0210952,-93.7739834,11.3,mid-band,00019C01F,630720.0,-60.0,12,-10,,
2026-03-20 13:57:22.336673-05:00,42.0210963,-93.7739841,41.9,mid-band,00019C01F,630720.0,-60.0,9,-10,34.0,92.5
2026-03-20 13:57:24.938185-05:00,42.0210969,-93.7739842,34.6,mid-band,00019C01F,630720.0,-61.0,10,-10,8.28,318.0
2026-03-20 13:57:27.531336-05:00,42.0210967,-93.7739849,22.7,mid-band,00019C01F,630720.0,-61.0,10,-10,21.2,307.0
2026-03-20 13:57:30.113278-05:00,42.0210971,-93.7739846,23.7,mid-band,00019C01F,630720.0,-60.0,9,-10,30.5,283.0
2026-03-20 13:57:32.695828-05:00,42.0210975,-93.7739843,31.5,mid-band,00019C01F,630720.0,-61.0,10,-10,45.0,242.0
2026-03-20 13:57:35.286802-05:00,42.0210986,-93.7739836,17.4,mid-band,00019C01F,630720.0,-61.0,10,-10,43.0,232.0
2026-03-20 13:57:37.863690-05:00,42.021099,-93.7739831,25.0,mid-band,00019C01F,630720.0,-60.0,10,-10,71.4,249.0
2026-03-20 13:57:40.447443-05:00,42.0211007,-93.7739826,21.9,mid-band,00019C01F,630720.0,-59.0,11,-10,63.2,257.0
2026-03-20 13:57:43.028845-05:00,42.0211025,-93.7739823,21.7,mid-band,00019C01F,630720.0,-60.0,11,-10,58.0,256.0
2026-03-20 13:57:45.610178-05:00,42.0211047,-93.7739819,15.1,mid-band,00019C01F,630720.0,-60.0,11,-10,73.5,238.0
2026-03-20 13:57:48.183366-05:00,42.0211044,-93.7739816,13.9,mid-band,00019C01F,630720.0,-60.0,10,-10,73.0,233.0
2026-03-20 13:57:50.756263-05:00,42.0211039,-93.7739815,16.3,mid-band,00019C01F,630720.0,-61.0,10,-10,63.2,182.0
2026-03-20 13:57:53.331322-05:00,42.0211045,-93.7739814,20.1,mid-band,00019C01F,630720.0,-61.0,10,-10,77.6,244.0
2026-03-20 13:57:55.910867-05:00,42.0211051,-93.7739811,19.6,mid-band,00019C01F,630720.0,-59.0,10,-10,75.1,231.0
2026-03-20 13:57:58.490164-05:00,42.0211051,-93.7739814,18.3,mid-band,00019C01F,630720.0,-60.0,10,-10,82.3,226.0
2026-03-20 13:58:01.067440-05:00,42.0211039,-93.7739829,22.2,mid-band,00019C01F,630720.0,-60.0,10,-10,52.3,263.0
2026-03-20 13:58:03.648867-05:00,42.0211047,-93.7739856,29.9,mid-band,00019C01F,630720.0,-60.0,10,-10,50.2,203.0
2026-03-20 13:58:06.238316-05:00,42.0211087,-93.7739883,23.6,mid-band,00019C01F,630720.0,-60.0,10,-10,57.5,255.0
2026-03-20 13:58:16.876117-05:00,42.0211079,-93.7739884,91.8,mid-band,00019C01F,630720.0,-60.0,10,-10,64.7,254.0
2026-03-20 13:58:19.527240-05:00,42.0211077,-93.7739889,26.4,mid-band,00019C01F,630720.0,-60.0,10,-10,64.7,246.0
2026-03-20 13:58:22.113399-05:00,42.0211089,-93.7739882,24.4,mid-band,00019C01F,630720.0,-61.0,10,-10,57.5,258.0
2026-03-20 13:58:24.695465-05:00,42.0211104,-93.7739888,27.1,mid-band,00019C01F,630720.0,-60.0,10,-10,56.9,220.0
2026-03-20 13:58:27.281775-05:00,42.021113,-93.7739907,24.5,mid-band,00019C01F,630720.0,-61.0,9,-10,64.2,264.0
2026-03-20 13:58:29.865596-05:00,42.0211144,-93.7739905,17.6,mid-band,00019C01F,630720.0,-60.0,9,-10,63.7,253.0
2026-03-20 13:58:32.441797-05:00,42.0211163,-93.7739892,25.4,mid-band,00019C01F,630720.0,-61.0,10,-10,48.1,279.0
2026-03-20 13:58:35.026442-05:00,42.0211162,-93.7739893,29.7,mid-band,00019C01F,630720.0,-58.0,9,-10,48.1,256.0
2026-03-20 13:58:37.615480-05:00,42.0211158,-93.7739885,10.9,mid-band,00019C01F,630720.0,-59.0,10,-10,50.2,226.0
2026-03-20 13:58:40.185598-05:00,42.0211173,-93.7739869,11.8,mid-band,00019C01F,630720.0,-60.0,9,-10,54.4,213.0
2026-03-20 13:58:42.756900-05:00,42.0211181,-93.7739866,16.7,mid-band,00019C01F,630720.0,-60.0,10,-10,62.1,203.0
2026-03-20 13:58:45.332576-05:00,42.0211177,-93.7739869,34.5,mid-band,00019C01F,630720.0,-60.0,10,-10,62.6,252.0
2026-03-20 13:58:47.926420-05:00,42.0211179,-93.7739871,20.1,mid-band,00019C01F,630720.0,-59.0,10,-10,75.1,246.0
2026-03-20 13:58:50.504547-05:00,42.0211184,-93.7739875,21.5,mid-band,00019C01F,630720.0,-60.0,10,-10,76.1,231.0
2026-03-20 13:58:53.085145-05:00,42.0211208,-93.773988,23.2,mid-band,00019C01F,630720.0,-59.0,10,-10,68.3,261.0
2026-03-20 13:58:56.168501-05:00,42.0211207,-93.7739886,23.9,mid-band,00019C01F,630720.0,-60.0,10,-10,70.4,212.0
2026-03-20 13:58:58.751478-05:00,42.0211205,-93.7739884,17.8,mid-band,00019C01F,630720.0,-59.0,11,-10,57.5,222.0
2026-03-20 13:59:01.327648-05:00,42.0211213,-93.7739883,22.6,mid-band,00019C01F,630720.0,-60.0,10,-10,76.1,259.0
2026-03-20 13:59:03.909672-05:00,42.0211216,-93.7739885,22.2,mid-band,00019C01F,630720.0,-58.0,10,-10,76.6,245.0
2026-03-20 13:59:06.491749-05:00,42.0211209,-93.7739893,23.3,mid-band,00019C01F,630720.0,-61.0,10,-10,75.6,227.0
2026-03-20 13:59:09.074053-05:00,42.0211201,-93.7739899,27.4,mid-band,00019C01F,630720.0,-60.0,11,-10,76.1,221.0
2026-03-20 13:59:11.659516-05:00,42.0211197,-93.7739899,22.2,mid-band,00019C01F,630720.0,-60.0,11,-10,83.9,213.0
2026-03-20 13:59:14.240990-05:00,42.0211201,-93.7739901,16.9,mid-band,00019C01F,630720.0,-61.0,10,-10,80.8,248.0
2026-03-20 13:59:16.815402-05:00,42.02112,-93.7739901,28.0,mid-band,00019C01F,630720.0,-60.0,11,-10,54.9,167.0
2026-03-20 13:59:26.879405-05:00,42.021118,-93.7739891,21.7,mid-band,00019C01F,630720.0,-59.0,10,-10,72.0,241.0
2026-03-20 13:59:29.459432-05:00,42.0211169,-93.7739888,23.0,mid-band,00019C01F,630720.0,-60.0,10,-10,72.5,251.0
2026-03-20 13:59:32.041893-05:00,42.0211164,-93.7739888,25.1,mid-band,00019C01F,630720.0,-60.0,11,-10,63.7,268.0
2026-03-20 13:59:34.626428-05:00,42.0211175,-93.7739894,28.1,mid-band,00019C01F,630720.0,-60.0,10,-10,63.2,247.0
2026-03-20 13:59:37.213767-05:00,42.0211184,-93.7739895,21.0,mid-band,00019C01F,630720.0,-60.0,10,-10,62.6,239.0
2026-03-20 13:59:39.793892-05:00,42.0211179,-93.7739896,28.8,mid-band,00019C01F,630720.0,-60.0,10,-10,44.5,251.0
2026-03-20 13:59:42.381659-05:00,42.0211172,-93.7739897,20.9,mid-band,00019C01F,630720.0,-57.0,13,-10,45.0,279.0
2026-03-20 13:59:44.961199-05:00,42.0211148,-93.7739953,35.0,mid-band,00019C01F,630720.0,-67.0,2,-11,53.8,278.0
2026-03-20 13:59:47.555326-05:00,42.0211179,-93.7740288,27.0,mid-band,00019C01F,630720.0,-64.0,2,-11,54.3,278.0
2026-03-20 13:59:50.141426-05:00,42.0211588,-93.7740594,21.8,mid-band,00019C01F,630720.0,-61.0,7,-11,28.0,129.0
2026-03-20 13:59:52.722523-05:00,42.0211608,-93.7740572,18.7,mid-band,00019C01F,630720.0,-61.0,6,-11,53.3,260.0
2026-03-20 13:59:55.300870-05:00,42.0211583,-93.7740578,18.1,mid-band,00019C01F,630720.0,-58.0,10,-10,64.2,237.0
2026-03-20 13:59:57.878274-05:00,42.0211382,-93.7740548,22.6,mid-band,00019C01F,630720.0,-59.0,8,-10,63.7,251.0
2026-03-20 14:00:00.460002-05:00,42.0210435,-93.7740493,22.2,mid-band,00019C01F,630720.0,-59.0,10,-10,62.6,261.0
2026-03-20 14:00:03.041447-05:00,42.0209601,-93.7740521,29.7,mid-band,00019C01F,630720.0,-58.0,10,-10,63.7,267.0
2026-03-20 14:00:05.629913-05:00,42.0208365,-93.7740608,24.9,mid-band,00019C01F,630720.0,-54.0,17,-10,72.0,229.0
2026-03-20 14:00:08.214206-05:00,42.0207224,-93.7741034,20.1,mid-band,00019C01F,630720.0,-54.0,15,-10,45.0,167.0
2026-03-20 14:00:10.794038-05:00,42.0206697,-93.7741737,18.2,mid-band,00019C01F,630720.0,-59.0,13,-10,80.7,235.0
2026-03-20 14:00:13.371476-05:00,42.0206323,-93.774339,19.8,mid-band,00019C01F,630720.0,-54.0,17,-10,54.4,222.0
2026-03-20 14:00:15.951268-05:00,42.0206291,-93.7744829,16.1,mid-band,00019C01F,630720.0,-58.0,14,-10,65.7,253.0
2026-03-20 14:00:18.526577-05:00,42.0206228,-93.7747563,25.0,mid-band,00019C01F,630720.0,-54.0,15,-10,90.1,248.0
2026-03-20 14:00:21.110585-05:00,42.0206203,-93.7750696,28.1,mid-band,00019C01F,630720.0,-53.0,15,-10,90.1,242.0
2026-03-20 14:00:23.698050-05:00,42.0206156,-93.7753051,18.5,mid-band,00019C01F,630720.0,-48.0,19,-10,55.4,192.0
2026-03-20 14:00:26.276081-05:00,42.020612,-93.7765361,21.7,mid-band,00019C01F,630720.0,-52.0,27,-10,35.2,281.0
2026-03-20 14:00:36.881108-05:00,42.0205719,-93.7767075,21.9,mid-band,00019C01F,630720.0,-54.0,18,-10,80.2,244.0
2026-03-20 14:00:39.462750-05:00,42.02043,-93.7767634,138.0,mid-band,00019C01F,630720.0,-54.0,25,-10,81.8,245.0
2026-03-20 14:00:42.159482-05:00,42.0201888,-93.7767706,40.2,mid-band,00019C01F,630720.0,-56.0,17,-10,44.5,180.0
2026-03-20 14:00:44.759359-05:00,42.0199884,-93.77677,17.4,mid-band,00019C01F,630720.0,-52.0,22,-10,53.3,249.0
2026-03-20 14:00:47.335472-05:00,42.0196346,-93.7767679,15.8,mid-band,00019C01F,630720.0,-53.0,21,-10,45.0,232.0
2026-03-20 14:00:49.910543-05:00,42.0193663,-93.7767649,23.7,mid-band,00019C01F,630720.0,-54.0,21,-10,62.6,255.0
2026-03-20 14:00:52.493548-05:00,42.018914,-93.7767656,16.5,mid-band,00019C01F,630720.0,-53.0,21,-10,62.1,230.0
2026-03-20 14:00:55.069182-05:00,42.0185819,-93.776762,20.3,mid-band,00019C01F,630720.0,-59.0,12,-10,44.0,217.0
2026-03-20 14:00:57.648977-05:00,42.0180585,-93.7767522,15.9,mid-band,00019C01F,630720.0,-52.0,16,-10,36.8,180.0
2026-03-20 14:01:00.223396-05:00,42.0175234,-93.7767401,12.8,mid-band,00019C01F,630720.0,-52.0,16,-10,44.0,193.0
2026-03-20 14:01:02.794930-05:00,42.0171593,-93.7767374,19.4,mid-band,00019C01F,630720.0,-64.0,12,-10,53.3,240.0
2026-03-20 14:01:05.373106-05:00,42.016583,-93.7767329,16.6,mid-band,00019C01F,630720.0,-63.0,14,-10,63.7,238.0
2026-03-20 14:01:07.948942-05:00,42.0161854,-93.7767288,17.8,mid-band,00019C01F,630720.0,-56.0,19,-10,72.5,209.0
2026-03-20 14:01:10.526053-05:00,42.0155741,-93.776718,21.5,mid-band,00019C01F,630720.0,-63.0,19,-10,62.1,200.0
2026-03-20 14:01:13.106462-05:00,42.014932,-93.7767074,29.9,mid-band,00019C01F,630720.0,-63.0,16,-10,79.7,227.0
2026-03-20 14:01:15.695104-05:00,42.0144869,-93.7766985,22.2,mid-band,00019C01F,630720.0,-65.0,18,-10,53.3,221.0
2026-03-20 14:01:18.276675-05:00,42.0137993,-93.7766802,18.8,mid-band,00019C01F,630720.0,-57.0,15,-10,54.4,269.0
2026-03-20 14:01:20.854168-05:00,42.01334,-93.7766731,32.2,mid-band,00019C01F,630720.0,-72.0,6,-10,63.7,261.0
2026-03-20 14:01:23.445946-05:00,42.0126517,-93.7766745,36.1,mid-band,00019C01F,630720.0,-69.0,8,-10,63.7,266.0
2026-03-20 14:01:26.041645-05:00,42.0121976,-93.7766721,53.1,mid-band,00019C01F,630720.0,-70.0,16,-10,55.4,256.0
2026-03-20 14:01:28.654343-05:00,42.0115257,-93.7766566,24.5,mid-band,00019C01F,630720.0,-76.0,7,-10,73.0,252.0
2026-03-20 14:01:31.238274-05:00,42.0108646,-93.7766462,130.0,mid-band,00019C01F,630720.0,-71.0,5,-10,121.0,224.0
2026-03-20 14:01:33.927792-05:00,42.0104423,-93.7766391,33.0,mid-band,00019C01F,630720.0,-66.0,13,-10,115.0,185.0
2026-03-20 14:01:36.519489-05:00,42.0090567,-93.7766327,24.1,mid-band,00019C01F,630720.0,-70.0,16,-10,136.0,197.0
2026-03-20 14:01:46.878968-05:00,42.0089842,-93.7766352,13.2,mid-band,00019C01F,630720.0,-70.0,15,-10,52.4,246.0
2026-03-20 14:01:49.451435-05:00,42.0089832,-93.776633,30.4,mid-band,00019C01F,630720.0,-71.0,15,-10,31.5,221.0
2026-03-20 14:01:52.041367-05:00,42.008982,-93.7766321,34.8,mid-band,00019C01F,630720.0,-70.0,14,-10,41.9,239.0
2026-03-20 14:01:54.635524-05:00,42.0089811,-93.7766309,26.4,mid-band,00019C01F,630720.0,-70.0,15,-10,52.4,268.0
2026-03-20 14:01:57.221560-05:00,42.0089813,-93.77663,28.3,mid-band,00019C01F,630720.0,-70.0,15,-10,62.9,257.0
2026-03-20 14:01:59.809202-05:00,42.0089808,-93.7766295,20.8,mid-band,00019C01F,630720.0,-70.0,15,-10,73.4,242.0
2026-03-20 14:02:02.389079-05:00,42.0089799,-93.7766279,20.5,mid-band,00019C01F,630720.0,-70.0,15,-10,62.9,239.0
2026-03-20 14:02:04.968829-05:00,42.0088539,-93.7747277,26.6,mid-band,00019C01F,630720.0,-80.0,3,-11,52.4,230.0
2026-03-20 14:03:06.165367-05:00,42.0088562,-93.7747271,44.2,mid-band,00019C01F,630720.0,-80.0,2,-11,73.4,251.0
2026-03-20 14:03:16.899660-05:00,42.0088586,-93.7747283,30.0,mid-band,00019C01F,630720.0,-80.0,2,-11,73.4,242.0
2026-03-20 14:03:19.488813-05:00,42.0088573,-93.7747278,27.5,mid-band,00019C01F,630720.0,-79.0,3,-11,83.9,250.0
2026-03-20 14:03:22.074863-05:00,42.0088569,-93.7747245,28.5,mid-band,00019C01F,630720.0,-78.0,1,-11,94.4,210.0
2026-03-20 14:03:24.662536-05:00,42.0088539,-93.7746847,32.3,mid-band,00019C01F,630720.0,-74.0,2,-11,115.0,203.0
2026-03-20 14:03:27.253971-05:00,42.0088509,-93.7745578,28.7,mid-band,00019C01F,630720.0,-72.0,6,-10,126.0,195.0
2026-03-20 14:03:29.841703-05:00,42.00885,-93.7744379,32.0,mid-band,00019C01F,630720.0,-73.0,5,-10,105.0,222.0
2026-03-20 14:03:32.432808-05:00,42.0088502,-93.7742073,35.6,mid-band,00019C01F,630720.0,-71.0,6,-10,83.9,229.0
2026-03-20 14:03:35.027483-05:00,42.0088504,-93.7740253,41.2,mid-band,00019C01F,630720.0,-78.0,3,-11,94.4,232.0
2026-03-20 14:03:37.627729-05:00,42.0088512,-93.7737309,38.0,mid-band,00019C01F,630720.0,-79.0,1,-11,94.4,243.0
2026-03-20 14:03:40.224944-05:00,42.0088507,-93.7734207,43.1,mid-band,00019C01F,630720.0,-80.0,0,-11,62.9,230.0
2026-03-20 14:03:42.827226-05:00,42.0088502,-93.7732056,38.5,mid-band,00019C01F,630720.0,-74.0,1,-11,83.9,235.0
2026-03-20 14:03:45.424748-05:00,42.0088502,-93.7728838,18.6,mid-band,00019C01F,630720.0,-79.0,4,-11,94.4,223.0
2026-03-20 14:03:48.002195-05:00,42.0088499,-93.7726643,12.5,mid-band,00019C01F,630720.0,-79.0,3,-11,83.9,228.0
2026-03-20 14:03:50.573946-05:00,42.0088502,-93.7723319,20.6,mid-band,00019C01F,630720.0,-81.0,2,-11,83.9,209.0
2026-03-20 14:03:53.153202-05:00,42.0088511,-93.7719834,32.0,mid-band,00019C01F,630720.0,-85.0,0,-11,73.4,230.0
2026-03-20 14:03:55.743461-05:00,42.0088514,-93.7717444,26.4,mid-band,00019C01F,630720.0,-80.0,1,-11,62.9,229.0
2026-03-20 14:03:58.328850-05:00,42.0088523,-93.7713854,172.0,mid-band,00019C01F,630720.0,-88.0,-6,-18,52.5,206.0
2026-03-20 14:04:01.059440-05:00,42.008852,-93.7711509,19.4,mid-band,00019C01F,630720.0,-83.0,-1,-11,31.5,180.0
2026-03-20 14:04:03.637989-05:00,42.0088515,-93.7708041,19.9,mid-band,00019C01F,630720.0,-82.0,0,-11,83.9,224.0
2026-03-20 14:04:06.217083-05:00,42.0088499,-93.7704522,21.5,mid-band,00019C01F,630720.0,-84.0,-2,-11,62.9,200.0
2026-03-20 14:04:08.797699-05:00,42.0088489,-93.7702154,26.0,mid-band,00019C01F,630720.0,-79.0,-2,-11,62.9,220.0
2026-03-20 14:04:11.382671-05:00,42.0088465,-93.7698762,21.0,mid-band,00019C01F,630720.0,-87.0,-5,-11,62.9,253.0
2026-03-20 14:04:13.962852-05:00,42.0088445,-93.7696562,19.4,mid-band,00019C01F,630720.0,-77.0,-2,-11,41.9,223.0
2026-03-20 14:04:16.541155-05:00,42.0088446,-93.7685276,,mid-band,FFFFFFFFF,-1.0,-77.0,23,-10,62.9,252.0
2026-03-20 14:04:27.859147-05:00,42.0088451,-93.7680651,,,,,,,,,
2026-03-20 14:04:33.520594-05:00,42.0088453,-93.7674064,,,,,,,,,
2026-03-20 14:04:39.182005-05:00,42.0088415,-93.766788,,,,,,,,,
2026-03-20 14:04:44.843409-05:00,42.0088396,-93.766311,,,,,,,,,
2026-03-20 14:04:50.504754-05:00,42.0088512,-93.765712,,,,,,,,,
2026-03-20 14:04:56.166123-05:00,42.0088529,-93.765132,,,,,,,,,
2026-03-20 14:05:01.827359-05:00,42.008861,-93.7646247,,,,,,,,,
2026-03-20 14:05:07.488631-05:00,42.008864,-93.764009,,,,,,,,,
2026-03-20 14:05:13.149978-05:00,42.008864,-93.7633744,,,,,,,,,
2026-03-20 14:05:18.811389-05:00,42.0088708,-93.7628376,,mid-band,00019C015,630720.0,-74.0,9,-11,,
2026-03-20 14:05:22.370232-05:00,42.0088701,-93.7624352,18.0,mid-band,00019C015,630720.0,-76.0,8,-10,,
2026-03-20 14:05:24.946817-05:00,42.0088689,-93.7622751,19.2,mid-band,00019C015,630720.0,-74.0,5,-11,,
2026-03-20 14:05:27.524695-05:00,42.0088746,-93.761603,19.9,mid-band,00019C015,630720.0,-73.0,4,-11,,
2026-03-20 14:05:36.371337-05:00,42.0088764,-93.7613235,20.2,mid-band,00019C015,630720.0,-75.0,6,-10,52.4,260.0
2026-03-20 14:05:38.950194-05:00,42.0088753,-93.7611395,20.8,mid-band,00019C015,630720.0,-74.0,9,-10,41.9,214.0
2026-03-20 14:05:41.529871-05:00,42.0088761,-93.7608568,21.0,mid-band,00019C015,630720.0,-71.0,15,-10,62.9,264.0
2026-03-20 14:05:44.109992-05:00,42.0088763,-93.7605646,24.9,mid-band,00019C015,630720.0,-69.0,15,-10,73.4,246.0
2026-03-20 14:05:46.693716-05:00,42.0088775,-93.7603673,25.4,mid-band,00019C015,630720.0,-68.0,16,-10,94.4,236.0
2026-03-20 14:05:49.278654-05:00,42.0088794,-93.7600699,24.4,mid-band,00019C015,630720.0,-68.0,18,-10,83.9,228.0
2026-03-20 14:05:51.862131-05:00,42.0088813,-93.7598627,29.8,mid-band,00019C015,630720.0,-79.0,7,-10,73.4,249.0
2026-03-20 14:05:54.451214-05:00,42.0088865,-93.7595332,38.5,mid-band,00019C015,630720.0,-87.0,-2,-11,83.9,251.0
2026-03-20 14:05:57.048800-05:00,42.0088909,-93.7593045,,,,,,,,21.0,231.0
2026-03-20 14:06:02.710250-05:00,42.0089015,-93.7586171,,,,,,,,,
2026-03-20 14:06:08.371245-05:00,42.008909,-93.7579227,,mid-band,FFFFFFFFF,-1.0,-72.0,0,-10,,
2026-03-20 14:06:12.981322-05:00,42.0089105,-93.757499,,,,,,,,,
2026-03-20 14:06:18.642631-05:00,42.0089163,-93.7568887,,,,,,,,,
2026-03-20 14:06:24.303362-05:00,42.0089115,-93.7562768,,,,,,,,,
2026-03-20 14:06:29.964761-05:00,42.0089028,-93.7557501,,,,,,,,,
2026-03-20 14:06:35.626060-05:00,42.0088951,-93.7550874,,,,,,,,,
2026-03-20 14:06:41.287613-05:00,42.0088726,-93.7533466,24.1,mid-band,00019C015,630720.0,-67.0,7,-11,,
2026-03-20 14:06:57.887060-05:00,42.0088759,-93.7529516,18.6,mid-band,00019C015,630720.0,-69.0,2,-11,,
2026-03-20 14:07:00.464448-05:00,42.0088751,-93.7526633,11.1,mid-band,00019C015,630720.0,-66.0,1,-11,,
2026-03-20 14:07:03.034314-05:00,42.0088706,-93.7524769,16.3,mid-band,00019C015,630720.0,-66.0,1,-11,,
2026-03-20 14:07:05.608958-05:00,42.0088657,-93.7522022,26.2,mid-band,00019C015,630720.0,-68.0,4,-11,,
2026-03-20 14:07:08.194209-05:00,42.0088638,-93.7519218,18.6,mid-band,00019C015,630720.0,-66.0,10,-10,32.6,267.0
2026-03-20 14:07:10.771817-05:00,42.008864,-93.7517312,11.6,mid-band,00019C015,630720.0,-66.0,2,-11,23.8,173.0
2026-03-20 14:07:13.342164-05:00,42.0088633,-93.7514399,19.1,mid-band,00019C015,630720.0,-65.0,9,-10,44.0,260.0
2026-03-20 14:07:15.919429-05:00,42.0088605,-93.7512431,18.6,mid-band,00019C015,630720.0,-67.0,3,-11,59.5,254.0
2026-03-20 14:07:18.496929-05:00,42.0088562,-93.7509481,23.6,mid-band,00019C015,630720.0,-65.0,3,-11,69.9,256.0
2026-03-20 14:07:21.079476-05:00,42.0088555,-93.7507507,16.1,mid-band,00019C015,630720.0,-67.0,5,-11,75.1,239.0
2026-03-20 14:07:23.654598-05:00,42.0088529,-93.7504662,26.6,mid-band,00019C015,630720.0,-68.0,8,-11,75.6,239.0
2026-03-20 14:07:26.240197-05:00,42.008851,-93.7501844,48.9,mid-band,00019C015,630720.0,-70.0,2,-11,49.7,272.0
2026-03-20 14:07:28.848053-05:00,42.0088502,-93.7499926,15.9,mid-band,00019C015,630720.0,-70.0,1,-11,31.1,177.0
2026-03-20 14:07:31.422734-05:00,42.0088465,-93.7497122,17.6,mid-band,00019C015,630720.0,-69.0,-3,-12,56.4,253.0
2026-03-20 14:07:33.999089-05:00,42.0088448,-93.7495326,113.0,mid-band,00019C015,630720.0,-76.0,5,-11,55.9,262.0
2026-03-20 14:07:36.671317-05:00,42.0088445,-93.7492786,20.6,mid-band,00019C015,630720.0,-72.0,6,-10,68.3,234.0
2026-03-20 14:07:39.250607-05:00,42.0088416,-93.7490281,15.7,mid-band,00019C015,630720.0,-85.0,-2,-11,68.3,208.0
2026-03-20 14:07:41.825225-05:00,42.0088386,-93.7488575,17.1,mid-band,00019C015,630720.0,-86.0,-3,-11,51.8,226.0
2026-03-20 14:07:44.401303-05:00,42.0088362,-93.748595,36.9,mid-band,00019C015,630720.0,-85.0,0,-11,54.9,231.0
2026-03-20 14:07:46.996778-05:00,42.0088342,-93.7484208,17.1,mid-band,00019C015,630720.0,-86.0,2,-11,42.4,237.0
2026-03-20 14:07:49.572572-05:00,42.0088321,-93.7481601,18.4,mid-band,00019C015,630720.0,-99.0,-3,-16,27.4,246.0
2026-03-20 14:07:52.149906-05:00,42.0088302,-93.7478894,,mid-band,FFFFFFFFF,-1.0,-77.0,0,-10,20.7,192.0
2026-03-20 14:07:55.708701-05:00,42.0088275,-93.7476054,,,,,,,,,
2026-03-20 14:08:01.369729-05:00,42.0088005,-93.7459102,,,,,,,,,
2026-03-20 14:08:20.962925-05:00,42.0087855,-93.7452539,,,,,,,,,
2026-03-20 14:08:26.624175-05:00,42.0087755,-93.744705,,,,,,,,,
2026-03-20 14:08:32.285316-05:00,42.0087568,-93.7441159,,,,,,,,,
2026-03-20 14:08:37.945653-05:00,42.0087436,-93.7436243,,mid-band,00019C015,630720.0,-73.0,13,-10,,
2026-03-20 14:08:41.503420-05:00,42.0087336,-93.7432356,15.8,mid-band,00019C015,630720.0,-74.0,8,-10,,
2026-03-20 14:08:44.077775-05:00,42.0087301,-93.7430373,17.2,mid-band,00019C015,630720.0,-68.0,-1,-11,,
2026-03-20 14:08:46.653691-05:00,42.0087266,-93.7427531,17.2,mid-band,00019C015,630720.0,-78.0,3,-10,,
2026-03-20 14:08:49.229547-05:00,42.0087209,-93.7424807,16.5,mid-band,00019C015,630720.0,-70.0,8,-10,,
2026-03-20 14:08:51.804306-05:00,42.0087152,-93.7422975,45.6,mid-band,00019C015,630720.0,-68.0,6,-10,,
2026-03-20 14:08:54.408842-05:00,42.0087082,-93.7420235,37.5,mid-band,00019C015,630720.0,-66.0,13,-10,25.9,300.0
2026-03-20 14:08:57.005345-05:00,42.008707,-93.7418423,31.7,mid-band,00019C015,630720.0,-66.0,15,-10,25.9,241.0
2026-03-20 14:08:59.595904-05:00,42.0087055,-93.7415774,26.1,mid-band,00019C015,630720.0,-68.0,7,-10,45.6,284.0
2026-03-20 14:09:02.180872-05:00,42.0087022,-93.741323,22.3,mid-band,00019C015,630720.0,-69.0,3,-11,41.4,248.0
2026-03-20 14:09:04.761479-05:00,42.0086986,-93.7411581,20.0,mid-band,00019C015,630720.0,-71.0,7,-11,46.1,253.0
2026-03-20 14:09:07.340243-05:00,42.008691,-93.7409118,17.0,mid-band,00019C015,630720.0,-72.0,12,-10,54.4,218.0
2026-03-20 14:09:09.915396-05:00,42.0086886,-93.7407383,20.1,mid-band,00019C015,630720.0,-69.0,15,-10,59.0,222.0
2026-03-20 14:09:12.494361-05:00,42.0086873,-93.7404722,83.5,mid-band,00019C015,630720.0,-68.0,10,-10,75.1,241.0
2026-03-20 14:09:15.136874-05:00,42.0086845,-93.7401922,18.8,mid-band,00019C015,630720.0,-66.0,3,-11,31.1,127.0
2026-03-20 14:09:17.713868-05:00,42.0086676,-93.7394396,25.4,mid-band,00019C015,630720.0,-66.0,6,-10,50.2,247.0
2026-03-20 14:09:26.366413-05:00,42.0086635,-93.7391627,25.8,mid-band,00019C015,630720.0,-67.0,10,-10,56.9,233.0
2026-03-20 14:09:28.951229-05:00,42.0086637,-93.7389817,20.3,mid-band,00019C015,630720.0,-66.0,14,-10,50.7,227.0
2026-03-20 14:09:31.530383-05:00,42.0086579,-93.73871,26.8,mid-band,00019C015,630720.0,-89.0,1,-11,43.5,181.0
2026-03-20 14:09:34.116075-05:00,42.008649,-93.7384425,19.4,mid-band,00019C015,630720.0,-80.0,10,-10,49.7,254.0
2026-03-20 14:09:36.694133-05:00,42.0086445,-93.7382685,24.2,mid-band,00019C015,630720.0,-80.0,3,-10,49.7,277.0
2026-03-20 14:09:39.276976-05:00,42.0086379,-93.7380228,18.1,mid-band,00019C015,630720.0,-96.0,3,-11,31.1,251.0
2026-03-20 14:09:41.853967-05:00,42.0086359,-93.7378736,50.1,mid-band,00019C015,630720.0,-88.0,1,-11,12.4,210.0
2026-03-20 14:09:44.462985-05:00,42.0086322,-93.7376701,29.2,mid-band,00019C015,630720.0,-82.0,-4,-11,6.21,175.0
2026-03-20 14:09:47.051105-05:00,42.0086273,-93.737558,166.0,mid-band,00019C015,630720.0,-83.0,-4,-11,18.6,224.0
2026-03-20 14:09:49.776268-05:00,42.0086245,-93.7374381,22.7,mid-band,00019C015,630720.0,-89.0,-7,-12,18.6,177.0
2026-03-20 14:09:52.357864-05:00,42.0086236,-93.7374066,,mid-band,FFFFFFFFF,-1.0,-86.0,0,-13,18.6,125.0
2026-03-20 14:09:56.967976-05:00,42.0086238,-93.7374039,,mid-band,FFFFFFFFF,-1.0,-72.0,0,-12,,
2026-03-20 14:10:01.577612-05:00,42.0086252,-93.7374029,,,,,,,,,
2026-03-20 14:10:07.238923-05:00,42.0086266,-93.7374011,,,,,,,,,
2026-03-20 14:10:12.900301-05:00,42.0086272,-93.7374013,,,,,,,,,
2026-03-20 14:10:18.561910-05:00,42.0086281,-93.7374027,,,,,,,,,
2026-03-20 14:10:24.223271-05:00,42.0086287,-93.7374049,,,,,,,,,
2026-03-20 14:10:29.884481-05:00,42.0086264,-93.7374001,,,,,,,,,
2026-03-20 14:10:38.946269-05:00,42.0086264,-93.7374002,,,,,,,,,
2026-03-20 14:10:44.607555-05:00,42.0086272,-93.7373977,,,,,,,,,
2026-03-20 14:10:50.268762-05:00,42.0086278,-93.7373976,,,,,,,,,
2026-03-20 14:10:55.929936-05:00,42.0086265,-93.7373986,,,,,,,,,
2026-03-20 14:11:01.591237-05:00,42.0086273,-93.7373977,,,,,,,,,
2026-03-20 14:11:07.252406-05:00,42.0086277,-93.737399,,,,,,,,,
2026-03-20 14:11:12.913606-05:00,42.0086281,-93.7373972,,,,,,,,,
2026-03-20 14:11:18.574919-05:00,42.0086274,-93.7373945,,,,,,,,,
2026-03-20 14:11:24.236242-05:00,42.0086285,-93.737397,,,,,,,,,
2026-03-20 14:11:29.897729-05:00,42.0086276,-93.737397,,,,,,,,,
2026-03-20 14:11:35.558943-05:00,42.0086262,-93.7373937,,,,,,,,,
2026-03-20 14:11:49.944429-05:00,42.0086272,-93.7373948,,,,,,,,,
2026-03-20 14:11:55.605950-05:00,42.0086281,-93.7373956,,,,,,,,,
2026-03-20 14:12:01.266645-05:00,42.0086288,-93.7373949,,,,,,,,,
2026-03-20 14:12:06.927381-05:00,42.0086291,-93.7373972,,,,,,,,,
2026-03-20 14:12:12.588675-05:00,42.0086311,-93.7373976,,,,,,,,,
2026-03-20 14:12:18.249856-05:00,42.0086314,-93.7373991,,,,,,,,,
2026-03-20 14:12:23.910630-05:00,42.0086314,-93.7374,,,,,,,,,
2026-03-20 14:12:29.571992-05:00,42.0086312,-93.7373974,,,,,,,,,
2026-03-20 14:12:35.233281-05:00,42.0086309,-93.7373958,,,,,,,,,
2026-03-20 14:12:40.894612-05:00,42.0086291,-93.7373955,,,,,,,,,
2026-03-20 14:12:46.555912-05:00,42.0086293,-93.7373975,,,,,,,,,
2026-03-20 14:12:59.947046-05:00,42.0086285,-93.7373959,,,,,,,,,
2026-03-20 14:13:05.608905-05:00,42.0086278,-93.7373963,,,,,,,,,
2026-03-20 14:13:11.270706-05:00,42.0086281,-93.7373965,,,,,,,,,
2026-03-20 14:13:16.932158-05:00,42.0086284,-93.7373965,,,,,,,,,
2026-03-20 14:13:22.593479-05:00,42.0086279,-93.7373984,,,,,,,,,
2026-03-20 14:13:28.254802-05:00,42.0086272,-93.7373996,,,,,,,,,
2026-03-20 14:13:33.916035-05:00,42.0086259,-93.7374008,,,,,,,,,
2026-03-20 14:13:39.577366-05:00,42.0086231,-93.7373983,,,,,,,,,
2026-03-20 14:13:45.238445-05:00,42.0086213,-93.7373982,,,,,,,,,
2026-03-20 14:13:50.899908-05:00,42.0086215,-93.7373947,,,,,,,,,
2026-03-20 14:13:56.561444-05:00,42.0086247,-93.7373954,,,,,,,,,
2026-03-20 14:14:09.942009-05:00,42.0086256,-93.7373929,,,,,,,,,
2026-03-20 14:14:15.602691-05:00,42.0086277,-93.7373933,,,,,,,,,
2026-03-20 14:14:21.264030-05:00,42.0086263,-93.7373947,,,,,,,,,
2026-03-20 14:14:26.925327-05:00,42.008626,-93.7373969,,,,,,,,,
2026-03-20 14:14:32.586603-05:00,42.0086239,-93.7374002,,,,,,,,,
2026-03-20 14:14:38.247436-05:00,42.0086226,-93.7374003,,,,,,,,,
2026-03-20 14:14:43.908769-05:00,42.0086227,-93.7373985,,,,,,,,,
2026-03-20 14:14:49.569946-05:00,42.0086225,-93.7373967,,,,,,,,,
2026-03-20 14:14:55.231228-05:00,42.008624,-93.7373943,,,,,,,,,
2026-03-20 14:15:00.892517-05:00,42.0086231,-93.7373936,,,,,,,,,
2026-03-20 14:15:06.553623-05:00,42.008625,-93.7373943,,,,,,,,,
2026-03-20 14:15:19.941187-05:00,42.0086275,-93.737374,,,,,,,,,
2026-03-20 14:15:25.601972-05:00,42.0086354,-93.7371691,,,,,,,,,
2026-03-20 14:15:31.263025-05:00,42.0086363,-93.7368883,22.4,mid-band,00019C015,630720.0,-81.0,1,-10,,
2026-03-20 14:15:33.843363-05:00,42.0086359,-93.7367591,25.7,mid-band,00019C015,630720.0,-84.0,4,-11,,
2026-03-20 14:15:36.427344-05:00,42.0086339,-93.7365415,22.5,mid-band,00019C015,630720.0,-91.0,-3,-11,,
2026-03-20 14:15:39.008294-05:00,42.0086343,-93.7363944,16.3,mid-band,00019C015,630720.0,-86.0,0,-11,,
2026-03-20 14:15:41.583252-05:00,42.0086343,-93.7361563,66.2,mid-band,00019C015,630720.0,-86.0,1,-11,22.8,290.0
2026-03-20 14:15:44.207406-05:00,42.0086336,-93.735895,18.2,mid-band,00019C015,630720.0,-85.0,-4,-11,20.7,287.0
2026-03-20 14:15:46.783436-05:00,42.0086343,-93.7357093,21.4,mid-band,00019C015,630720.0,-86.0,-3,-11,40.9,272.0
2026-03-20 14:15:49.363700-05:00,42.0086328,-93.7354198,33.5,mid-band,00019C015,630720.0,-90.0,-2,-13,21.2,180.0
2026-03-20 14:15:51.955365-05:00,42.0086333,-93.7352209,26.0,mid-band,00019C015,630720.0,-75.0,10,-10,34.2,293.0
2026-03-20 14:15:54.539367-05:00,42.0086349,-93.7349052,22.0,mid-band,00019C015,630720.0,-79.0,6,-10,53.3,283.0
2026-03-20 14:15:57.120121-05:00,42.0086351,-93.7345791,25.1,mid-band,00019C015,630720.0,-74.0,6,-10,52.3,253.0
2026-03-20 14:15:59.703396-05:00,42.0086353,-93.7343547,37.9,mid-band,00019C015,630720.0,-77.0,8,-10,21.0,216.0
2026-03-20 14:16:02.299383-05:00,42.0086345,-93.7340112,29.5,mid-band,00019C015,630720.0,-82.0,-2,-11,21.0,230.0
2026-03-20 14:16:04.887836-05:00,42.0086339,-93.7337821,,mid-band,FFFFFFFFF,-1.0,-73.0,1,-12,10.5,134.0
2026-03-20 14:16:08.446656-05:00,42.0086332,-93.733326,,,,,,,,,
2026-03-20 14:16:14.107941-05:00,42.0086339,-93.7326261,,,,,,,,,
2026-03-20 14:16:19.769164-05:00,42.0086321,-93.7315855,31.8,mid-band,00019C015,630720.0,-68.0,9,-10,,
2026-03-20 14:16:25.860290-05:00,42.0086314,-93.7313609,31.5,mid-band,00019C015,630720.0,-69.0,13,-10,73.4,261.0
2026-03-20 14:16:28.450646-05:00,42.0086337,-93.7310208,34.5,mid-band,00019C015,630720.0,-71.0,3,-11,73.4,261.0
2026-03-20 14:16:31.043734-05:00,42.0086368,-93.7307888,20.2,mid-band,00019C015,630720.0,-76.0,10,-10,41.9,249.0
2026-03-20 14:16:33.622623-05:00,42.0086395,-93.7304467,22.7,mid-band,00019C015,630720.0,-90.0,3,-11,41.9,264.0
2026-03-20 14:16:36.204063-05:00,42.0086411,-93.7300958,30.2,mid-band,00019C015,630720.0,-89.0,-3,-11,31.4,262.0
2026-03-20 14:16:38.792969-05:00,42.0086399,-93.7298464,19.0,mid-band,00019C015,630720.0,-71.0,7,-11,41.9,262.0
2026-03-20 14:16:41.370762-05:00,42.008638,-93.729451,17.2,mid-band,00019C015,630720.0,-74.0,1,-11,62.9,267.0
2026-03-20 14:16:43.946912-05:00,42.008638,-93.7291952,27.0,mid-band,00019C015,630720.0,-76.0,1,-11,62.9,264.0
2026-03-20 14:16:46.532859-05:00,42.0086432,-93.728847,25.4,mid-band,00019C015,630720.0,-75.0,3,-11,73.4,254.0
2026-03-20 14:16:49.117244-05:00,42.0086462,-93.7285236,21.2,mid-band,00019C015,630720.0,-76.0,3,-11,62.9,257.0
2026-03-20 14:16:51.697222-05:00,42.0086448,-93.7283122,18.2,mid-band,00019C015,630720.0,-74.0,4,-11,73.4,261.0
2026-03-20 14:16:54.274298-05:00,42.0086409,-93.7279956,38.5,mid-band,00019C015,630720.0,-74.0,6,-10,41.6,182.0
2026-03-20 14:16:56.871708-05:00,42.0086393,-93.7277867,20.0,mid-band,00019C015,630720.0,-78.0,8,-10,73.4,226.0
2026-03-20 14:16:59.450339-05:00,42.0086401,-93.7274778,18.6,mid-band,00019C015,630720.0,-75.0,13,-10,41.9,262.0
2026-03-20 14:17:02.027427-05:00,42.0086418,-93.7272649,85.5,mid-band,00019C015,630720.0,-74.0,18,-10,41.9,224.0
2026-03-20 14:17:04.671895-05:00,42.0086448,-93.7269306,95.0,mid-band,00019C015,630720.0,-80.0,11,-10,21.0,186.0
2026-03-20 14:17:07.325860-05:00,42.0086448,-93.7265941,20.9,mid-band,00019C015,630720.0,-77.0,11,-10,10.5,314.0
2026-03-20 14:17:09.905878-05:00,42.0086442,-93.7263659,23.5,mid-band,00019C015,630720.0,-97.0,0,-11,21.0,254.0
2026-03-20 14:17:12.488141-05:00,42.0086439,-93.7260231,64.9,mid-band,00019C015,630720.0,-92.0,10,-10,10.5,142.0
2026-03-20 14:17:15.111427-05:00,42.0086429,-93.7256852,15.7,mid-band,00019C015,630720.0,-92.0,5,-10,10.5,213.0
2026-03-20 14:17:17.686071-05:00,42.0086435,-93.725463,20.0,mid-band,00019C015,630720.0,-99.0,1,-11,10.5,212.0
2026-03-20 14:17:20.264892-05:00,42.0086438,-93.7251407,17.6,mid-band,00019C015,630720.0,-93.0,1,-10,10.5,229.0
2026-03-20 14:17:22.841350-05:00,42.0086427,-93.7249333,18.0,mid-band,00019C015,630720.0,-98.0,1,-11,10.5,166.0
2026-03-20 14:17:25.418139-05:00,42.0086374,-93.7238593,19.7,mid-band,00019C015,630720.0,-96.0,2,-11,10.5,242.0
2026-03-20 14:17:36.856875-05:00,42.0086413,-93.7235494,22.7,mid-band,00019C015,630720.0,-99.0,1,-11,10.5,254.0
2026-03-20 14:17:39.438263-05:00,42.0086429,-93.7232573,21.1,mid-band,00019C015,630720.0,-94.0,1,-11,10.5,236.0
2026-03-20 14:17:42.017763-05:00,42.00864,-93.723062,21.1,mid-band,00019C015,630720.0,-89.0,2,-10,10.5,250.0
2026-03-20 14:17:44.597099-05:00,42.0086375,-93.7227699,38.2,mid-band,00019C015,630720.0,-89.0,4,-10,10.5,189.0
2026-03-20 14:17:47.194307-05:00,42.0086382,-93.7224861,15.5,mid-band,00019C015,630720.0,-97.0,0,-11,10.5,236.0
2026-03-20 14:17:49.768495-05:00,42.0086388,-93.7222973,22.1,mid-band,00019C015,630720.0,-102.0,-2,-11,10.5,200.0
2026-03-20 14:17:52.349410-05:00,42.0086389,-93.722012,19.3,mid-band,00019C015,630720.0,-95.0,-7,-11,10.5,203.0
2026-03-20 14:17:54.927446-05:00,42.0086383,-93.7218158,,,,,,,,10.5,199.0
2026-03-20 14:18:00.588748-05:00,42.0086398,-93.7211988,,,,,,,,,
2026-03-20 14:18:06.250020-05:00,42.0086398,-93.7205794,,mid-band,FFFFFFFFF,-1.0,-78.0,0,-11,,
2026-03-20 14:18:10.860032-05:00,42.0086395,-93.7201739,,,,,,,,,
2026-03-20 14:18:16.521315-05:00,42.0086402,-93.7195433,101.0,mid-band,00019C015,630720.0,-89.0,3,-11,10.5,72.5
2026-03-20 14:18:19.180706-05:00,42.0086363,-93.7192148,20.9,mid-band,00019C015,630720.0,-89.0,6,-10,21.0,253.0
2026-03-20 14:18:21.760701-05:00,42.0086317,-93.7189998,26.5,mid-band,00019C015,630720.0,-94.0,1,-10,21.0,276.0
2026-03-20 14:18:24.346060-05:00,42.0086267,-93.7187032,28.4,mid-band,00019C015,630720.0,-102.0,0,-11,21.0,260.0
2026-03-20 14:18:26.933423-05:00,42.0086247,-93.7185243,28.9,mid-band,00019C015,630720.0,-94.0,1,-11,10.5,228.0
2026-03-20 14:18:29.521285-05:00,42.0086226,-93.7183641,14.7,mid-band,00019C015,630720.0,-93.0,-2,-11,10.5,276.0
2026-03-20 14:18:32.094845-05:00,42.0086232,-93.7183403,32.8,mid-band,00019C015,630720.0,-92.0,0,-11,10.5,237.0
2026-03-20 14:18:34.686726-05:00,42.0086247,-93.7182795,14.0,mid-band,00019C015,630720.0,-88.0,5,-10,10.5,208.0
2026-03-20 14:18:37.259663-05:00,42.0086242,-93.7176116,,mid-band,FFFFFFFFF,-1.0,-90.0,0,-11,21.0,295.0
2026-03-20 14:18:47.337354-05:00,42.0086208,-93.7172115,,,,,,,,,
2026-03-20 14:18:52.998780-05:00,42.008607,-93.7166598,,,,,,,,,
2026-03-20 14:18:58.660170-05:00,42.0085941,-93.7159897,,,,,,,,,
2026-03-20 14:19:04.321461-05:00,42.008585,-93.7153199,21.2,mid-band,00019C015,630720.0,-83.0,-1,-11,,
2026-03-20 14:19:06.901135-05:00,42.0085818,-93.7150927,,,,,,,,,
2026-03-20 14:19:12.562467-05:00,42.0085682,-93.7144052,,,,,,,,,
2026-03-20 14:19:18.223721-05:00,42.0085529,-93.7137301,,,,,,,,,
2026-03-20 14:19:23.884914-05:00,42.008544,-93.7132032,,mid-band,00019C015,630720.0,-75.0,8,-10,,
2026-03-20 14:19:29.546230-05:00,42.0085322,-93.7125627,22.3,mid-band,00019C015,630720.0,-71.0,11,-10,,
2026-03-20 14:19:32.127405-05:00,42.0085258,-93.7122363,22.7,mid-band,00019C015,630720.0,-72.0,13,-10,,
2026-03-20 14:19:34.708860-05:00,42.0085215,-93.7120201,22.7,mid-band,00019C015,630720.0,-92.0,3,-11,,
2026-03-20 14:19:37.290309-05:00,42.008518,-93.7116801,58.2,mid-band,00019C015,630720.0,-92.0,1,-10,20.8,160.0
2026-03-20 14:19:39.907396-05:00,42.008514,-93.7114462,71.1,mid-band,00019C015,630720.0,-98.0,2,-11,16.6,295.0
2026-03-20 14:19:42.537235-05:00,42.0085066,-93.7111089,22.1,mid-band,00019C015,630720.0,-97.0,-3,-11,8.28,223.0
2026-03-20 14:19:45.118372-05:00,42.0084988,-93.7107788,8.25,mid-band,00019401F,630720.0,-96.0,-2,-11,4.66,142.0
2026-03-20 14:19:47.685492-05:00,42.0084901,-93.7098891,21.2,mid-band,00019401F,630720.0,-104.0,-7,-11,8.8,115.0
2026-03-20 14:19:56.353372-05:00,42.008487,-93.7095503,27.2,mid-band,00019401F,630720.0,-106.0,-11,-12,4.14,126.0
2026-03-20 14:19:58.939367-05:00,42.0084816,-93.7093201,22.7,mid-band,00019401F,630720.0,-106.0,-6,-11,4.14,126.0
2026-03-20 14:20:01.520596-05:00,42.0084741,-93.7089863,34.9,mid-band,00019401F,630720.0,-106.0,-7,-11,4.14,141.0
2026-03-20 14:20:04.114420-05:00,42.0084714,-93.7086703,76.3,mid-band,00019401F,630720.0,-110.0,-9,-11,,
2026-03-20 14:20:06.749621-05:00,42.00847,-93.7084643,37.3,mid-band,00019401F,630720.0,-106.0,-6,-15,4.14,55.8
2026-03-20 14:20:09.345783-05:00,42.0084651,-93.7081567,26.9,mid-band,00019401F,630720.0,-105.0,-7,-13,4.14,110.0
2026-03-20 14:20:11.931405-05:00,42.0084613,-93.7079537,61.7,mid-band,00019401F,630720.0,-106.0,-8,-15,,
2026-03-20 14:20:14.551960-05:00,42.008455,-93.7076546,303.0,mid-band,00019C015,630720.0,-100.0,4,-11,,
2026-03-20 14:20:17.414136-05:00,42.0084483,-93.7073657,13.6,mid-band,00019C015,630720.0,-98.0,2,-11,4.14,27.6
2026-03-20 14:20:19.986215-05:00,42.0084424,-93.7071692,11.6,mid-band,00019C015,630720.0,-101.0,3,-11,4.14,86.6
2026-03-20 14:20:22.556472-05:00,42.0084324,-93.7068675,15.3,mid-band,00019C015,630720.0,-95.0,2,-10,8.28,132.0
2026-03-20 14:20:25.130372-05:00,42.0084262,-93.7065672,12.9,mid-band,00019C015,630720.0,-96.0,3,-10,4.14,126.0
2026-03-20 14:20:27.701826-05:00,42.008422,-93.7063688,21.1,mid-band,00019C015,630720.0,-97.0,0,-11,8.28,163.0
2026-03-20 14:20:30.281459-05:00,42.0084155,-93.7060739,22.4,mid-band,00019C015,630720.0,-98.0,1,-10,4.14,191.0
2026-03-20 14:20:32.862289-05:00,42.0084103,-93.7058822,58.0,mid-band,00019C015,630720.0,-104.0,1,-11,8.28,227.0
2026-03-20 14:20:35.479044-05:00,42.0084022,-93.7055999,36.4,mid-band,00019C015,630720.0,-107.0,-5,-11,4.14,182.0
2026-03-20 14:20:38.074161-05:00,42.0083956,-93.7053212,21.8,mid-band,00019C015,630720.0,-104.0,0,-11,4.14,169.0
2026-03-20 14:20:40.654740-05:00,42.0083902,-93.7051353,30.6,mid-band,00019C015,630720.0,-103.0,0,-11,4.14,214.0
2026-03-20 14:20:43.244092-05:00,42.0083823,-93.7048585,32.0,mid-band,00019C015,630720.0,-110.0,-4,-11,4.14,176.0
2026-03-20 14:20:45.834952-05:00,42.0083788,-93.704677,30.7,mid-band,00019C015,630720.0,-104.0,0,-11,4.14,213.0
2026-03-20 14:20:48.424157-05:00,42.0083738,-93.7044157,19.6,mid-band,00019C015,630720.0,-103.0,2,-11,12.4,268.0
2026-03-20 14:20:51.002441-05:00,42.0083706,-93.7042475,60.4,mid-band,00019C015,630720.0,-107.0,-1,-11,4.14,119.0
2026-03-20 14:20:53.621599-05:00,42.0083655,-93.7040024,22.8,mid-band,00019C015,630720.0,-101.0,0,-11,8.28,256.0
2026-03-20 14:20:56.203227-05:00,42.0083494,-93.7031801,,,,,,,,,
2026-03-20 14:21:09.934643-05:00,42.0083393,-93.7025368,30.5,mid-band,00019C015,630720.0,-92.0,1,-10,,
2026-03-20 14:21:12.523761-05:00,42.0083311,-93.7022045,17.9,mid-band,00019C015,630720.0,-99.0,0,-11,4.14,232.0
2026-03-20 14:21:15.100526-05:00,42.0083232,-93.7018801,21.6,mid-band,00019C015,630720.0,-102.0,0,-11,4.14,221.0
2026-03-20 14:21:17.680965-05:00,42.0083189,-93.7016618,20.6,mid-band,00019C015,630720.0,-93.0,3,-10,4.14,286.0
2026-03-20 14:21:20.260293-05:00,42.00831,-93.701338,21.3,mid-band,00019C015,630720.0,-95.0,-1,-10,8.28,229.0
2026-03-20 14:21:22.840362-05:00,42.0083049,-93.7011243,11.3,mid-band,00019C015,630720.0,-97.0,1,-10,4.14,182.0
2026-03-20 14:21:25.410272-05:00,42.0083025,-93.7008019,27.2,mid-band,00019C015,630720.0,-100.0,1,-11,8.28,226.0
2026-03-20 14:21:27.995414-05:00,42.0083016,-93.7005834,51.3,mid-band,00019C015,630720.0,-100.0,3,-11,4.14,146.0
2026-03-20 14:21:30.605465-05:00,42.0082932,-93.7002488,29.8,mid-band,00019C015,630720.0,-102.0,0,-11,8.28,208.0
2026-03-20 14:21:33.193970-05:00,42.0082877,-93.6999007,16.4,mid-band,00019C015,630720.0,-101.0,1,-11,4.14,206.0
2026-03-20 14:21:35.768531-05:00,42.0082836,-93.6996667,10.5,mid-band,00019C015,630720.0,-101.0,1,-11,8.8,219.0
2026-03-20 14:21:38.337581-05:00,42.0082752,-93.6993161,17.1,mid-band,00019C015,630720.0,-97.0,2,-10,8.8,229.0
2026-03-20 14:21:40.913520-05:00,42.0082706,-93.6990985,30.7,mid-band,00019C015,630720.0,-109.0,0,-11,4.14,221.0
2026-03-20 14:21:43.503177-05:00,42.0082652,-93.6988662,17.8,mid-band,00019C015,630720.0,-98.0,2,-11,8.28,248.0
2026-03-20 14:21:46.079727-05:00,42.0082643,-93.6988169,17.1,mid-band,00019C015,630720.0,-95.0,5,-11,8.28,216.0
2026-03-20 14:21:48.655483-05:00,42.0082642,-93.6987753,29.1,mid-band,00019C015,630720.0,-103.0,2,-11,8.28,287.0
2026-03-20 14:21:51.243632-05:00,42.0082639,-93.6986202,31.4,mid-band,00019C015,630720.0,-94.0,3,-10,8.28,250.0
2026-03-20 14:21:53.834040-05:00,42.0082656,-93.6984783,22.7,mid-band,00019C015,630720.0,-103.0,0,-11,9.32,214.0
2026-03-20 14:21:56.415454-05:00,42.0082687,-93.6982103,37.7,mid-band,00019C015,630720.0,-106.0,0,-11,8.28,206.0
2026-03-20 14:21:59.011867-05:00,42.0082746,-93.69801,,mid-band,FFFFFFFFF,-1.0,-86.0,0,-10,4.14,65.6
2026-03-20 14:22:03.621934-05:00,42.0082848,-93.6974974,,,,,,,,,
2026-03-20 14:22:09.282648-05:00,42.0082959,-93.6964365,105.0,mid-band,00019C015,630720.0,-109.0,1,-11,,
2026-03-20 14:22:15.930613-05:00,42.0082986,-93.696232,22.4,mid-band,00019C015,630720.0,-105.0,2,-11,,
2026-03-20 14:22:18.511763-05:00,42.0083026,-93.6959309,34.8,mid-band,00019C015,630720.0,-108.0,1,-11,,
2026-03-20 14:22:21.104936-05:00,42.0083042,-93.6956298,76.2,mid-band,00019C015,630720.0,-108.0,-1,-11,,
2026-03-20 14:22:23.739902-05:00,42.0083032,-93.6954196,62.0,mid-band,00019C015,630720.0,-107.0,-2,-11,,
2026-03-20 14:22:26.360582-05:00,42.0083036,-93.6950948,23.8,mid-band,00019C015,630720.0,-108.0,-2,-11,1.01,15.1
2026-03-20 14:22:28.943222-05:00,42.0083064,-93.6948695,91.7,mid-band,00019C015,630720.0,-111.0,-2,-11,0.604,157.0
2026-03-20 14:22:31.593895-05:00,42.0083137,-93.6945234,92.0,mid-band,00019C015,630720.0,-113.0,-2,-11,,
2026-03-20 14:22:34.244712-05:00,42.0083188,-93.6941744,72.7,mid-band,00019C015,630720.0,-108.0,0,-11,0.572,158.0
2026-03-20 14:22:36.875427-05:00,42.008319,-93.6939391,,mid-band,FFFFFFFFF,-1.0,-91.0,0,-10,0.572,133.0
2026-03-20 14:22:40.433795-05:00,42.0083215,-93.6934715,,mid-band,00019C015,630720.0,-110.0,3,-11,,
2026-03-20 14:22:45.043786-05:00,42.0083247,-93.6930157,36.9,mid-band,00019C015,630720.0,-112.0,-3,-11,0.625,182.0
2026-03-20 14:22:47.639404-05:00,42.0083225,-93.6926789,80.0,mid-band,00019C015,630720.0,-112.0,-4,-11,0.636,136.0
2026-03-20 14:22:50.278083-05:00,42.0083224,-93.6923401,66.6,mid-band,00019C015,630720.0,-110.0,-1,-11,0.582,119.0
2026-03-20 14:22:52.903402-05:00,42.0083242,-93.6921203,59.0,mid-band,00019C015,630720.0,-106.0,-1,-11,0.625,109.0
2026-03-20 14:22:55.521171-05:00,42.0083251,-93.6918028,41.7,mid-band,00019C015,630720.0,-105.0,-1,-11,0.733,122.0
2026-03-20 14:22:58.121635-05:00,42.0083288,-93.6914866,37.2,mid-band,00019C015,630720.0,-103.0,7,-10,0.69,133.0
2026-03-20 14:23:00.717418-05:00,42.0083297,-93.6912709,,mid-band,00019C015,630720.0,-108.0,-1,-11,0.518,83.4
2026-03-20 14:23:05.327448-05:00,42.0083287,-93.6907361,17.9,mid-band,00019C015,630720.0,-106.0,-1,-11,,
2026-03-20 14:23:07.904047-05:00,42.0083295,-93.6905144,48.3,mid-band,00019C015,630720.0,-113.0,-5,-11,,
2026-03-20 14:23:10.510956-05:00,42.0083325,-93.6901691,,mid-band,00019C015,630720.0,-111.0,-5,-11,0.518,117.0
2026-03-20 14:23:15.120956-05:00,42.0083525,-93.6887253,16.6,mid-band,00019C015,630720.0,-103.0,-3,-11,,
2026-03-20 14:23:26.847417-05:00,42.0083547,-93.6883891,24.5,mid-band,00019C015,630720.0,-101.0,-5,-11,3.11,147.0
2026-03-20 14:23:29.430595-05:00,42.008351,-93.6880659,16.4,mid-band,00019C015,630720.0,-98.0,-3,-11,4.14,173.0
2026-03-20 14:23:32.005726-05:00,42.0083455,-93.6878518,30.3,mid-band,00019C015,630720.0,-99.0,-5,-11,4.66,143.0
2026-03-20 14:23:34.594799-05:00,42.0083428,-93.6875432,53.9,mid-band,00019C015,630720.0,-105.0,-5,-11,4.66,213.0
2026-03-20 14:23:37.207412-05:00,42.0083476,-93.687246,28.6,mid-band,00019C015,630720.0,-105.0,-7,-11,4.66,185.0
2026-03-20 14:23:39.794806-05:00,42.0083557,-93.6870379,374.0,mid-band,00019401F,630720.0,-97.0,3,-11,4.66,170.0
2026-03-20 14:23:42.727170-05:00,42.0083621,-93.6867169,15.7,mid-band,00019401F,630720.0,-95.0,4,-10,3.11,50.7
2026-03-20 14:23:45.301588-05:00,42.0083702,-93.686386,13.8,mid-band,00019401F,630720.0,-96.0,4,-11,12.4,167.0
2026-03-20 14:23:47.873583-05:00,42.0083727,-93.6861669,30.1,mid-band,00019401F,630720.0,-98.0,1,-11,10.4,209.0
2026-03-20 14:23:50.462234-05:00,42.008372,-93.6858404,13.1,mid-band,00019401F,630720.0,-105.0,1,-11,9.32,214.0
2026-03-20 14:23:53.034309-05:00,42.0083731,-93.6856238,21.1,mid-band,00019401F,630720.0,-104.0,2,-11,5.69,188.0
2026-03-20 14:23:55.614346-05:00,42.0083768,-93.685302,22.9,mid-band,00019401F,630720.0,-106.0,0,-11,2.59,207.0
2026-03-20 14:23:58.195409-05:00,42.0083833,-93.6849858,20.1,mid-band,00019401F,630720.0,-101.0,2,-10,5.18,198.0
2026-03-20 14:24:00.774267-05:00,42.0083815,-93.6847773,27.3,mid-band,00019401F,630720.0,-102.0,1,-11,5.18,181.0
2026-03-20 14:24:03.360485-05:00,42.0083582,-93.6844655,22.7,mid-band,00019401F,630720.0,-101.0,0,-11,5.18,229.0
2026-03-20 14:24:05.941828-05:00,42.0083208,-93.6842605,11.6,mid-band,00019401F,630720.0,-99.0,0,-11,7.76,201.0
2026-03-20 14:24:08.512017-05:00,42.0082308,-93.6839766,6.82,mid-band,00019401F,630720.0,-102.0,2,-11,7.76,221.0
2026-03-20 14:24:11.077651-05:00,42.0081029,-93.683723,17.6,mid-band,00019401F,630720.0,-100.0,0,-11,7.76,221.0
2026-03-20 14:24:13.653836-05:00,42.0080022,-93.6835708,18.1,mid-band,00019401F,630720.0,-95.0,4,-11,12.4,249.0
2026-03-20 14:24:16.230611-05:00,42.0078271,-93.6833865,23.1,mid-band,00019401F,630720.0,-85.0,8,-10,12.4,252.0
2026-03-20 14:24:18.812525-05:00,42.0076991,-93.6832902,23.6,mid-band,00019401F,630720.0,-82.0,9,-10,33.1,274.0
2026-03-20 14:24:21.395198-05:00,42.007492,-93.6831624,8.85,mid-band,00019401F,630720.0,-95.0,1,-11,25.4,254.0
2026-03-20 14:24:23.962422-05:00,42.0073482,-93.6831044,20.3,mid-band,00019401F,630720.0,-83.0,7,-10,51.2,263.0
2026-03-20 14:24:26.541657-05:00,42.0065829,-93.6830351,17.4,mid-band,00019401F,630720.0,-87.0,12,-10,52.4,272.0
2026-03-20 14:24:36.842801-05:00,42.0063531,-93.682975,17.9,mid-band,00019401F,630720.0,-82.0,9,-10,41.9,226.0
2026-03-20 14:24:39.419719-05:00,42.0061243,-93.682863,13.8,mid-band,00019401F,630720.0,-84.0,10,-10,52.4,261.0
2026-03-20 14:24:41.992522-05:00,42.0059824,-93.6827638,25.3,mid-band,00019401F,630720.0,-90.0,9,-10,31.5,269.0
2026-03-20 14:24:44.576822-05:00,42.0057958,-93.6825818,19.1,mid-band,00019401F,630720.0,-85.0,10,-10,41.9,253.0
2026-03-20 14:24:47.154913-05:00,42.005638,-93.6823655,17.4,mid-band,00019401F,630720.0,-83.0,15,-10,41.9,214.0
2026-03-20 14:24:49.731352-05:00,42.0055497,-93.6822055,20.0,mid-band,00019401F,630720.0,-77.0,18,-10,31.5,244.0
2026-03-20 14:24:52.310365-05:00,42.0054391,-93.6819482,20.6,mid-band,00019401F,630720.0,-76.0,20,-10,41.9,277.0
2026-03-20 14:24:54.889946-05:00,42.0053813,-93.6817666,15.2,mid-band,00019401F,630720.0,-86.0,16,-10,52.4,277.0
2026-03-20 14:24:57.464099-05:00,42.0053317,-93.681483,16.2,mid-band,00019401F,630720.0,-82.0,16,-10,31.5,260.0
2026-03-20 14:25:00.039242-05:00,42.0053171,-93.6812876,21.3,mid-band,00019401F,630720.0,-79.0,17,-10,52.4,267.0
2026-03-20 14:25:02.619646-05:00,42.0053117,-93.6809856,22.8,mid-band,00019401F,630720.0,-84.0,17,-10,41.9,226.0
2026-03-20 14:25:05.201422-05:00,42.0053096,-93.6806746,17.4,mid-band,00019401F,630720.0,-84.0,14,-10,41.9,261.0
2026-03-20 14:25:07.777680-05:00,42.0053097,-93.6804638,24.7,mid-band,00019401F,630720.0,-86.0,15,-10,41.9,266.0
2026-03-20 14:25:10.361416-05:00,42.0053148,-93.6801547,17.1,mid-band,00019401F,630720.0,-85.0,14,-10,41.9,260.0
2026-03-20 14:25:12.937547-05:00,42.0053183,-93.6799492,13.5,mid-band,00019401F,630720.0,-87.0,15,-10,52.4,244.0
2026-03-20 14:25:15.510075-05:00,42.005323,-93.6796432,27.2,mid-band,00019401F,630720.0,-84.0,15,-10,52.4,257.0
2026-03-20 14:25:18.096354-05:00,42.0053211,-93.6793483,25.9,mid-band,00019401F,630720.0,-83.0,11,-10,52.4,245.0
2026-03-20 14:25:20.681376-05:00,42.0053205,-93.6791611,21.0,mid-band,00019401F,630720.0,-81.0,16,-10,62.9,248.0
2026-03-20 14:25:23.261386-05:00,42.0053165,-93.678943,26.8,mid-band,00019401F,630720.0,-75.0,16,-10,62.9,247.0
2026-03-20 14:25:25.847421-05:00,42.0053121,-93.6788544,32.2,mid-band,00019401F,630720.0,-72.0,16,-10,83.9,244.0
2026-03-20 14:25:28.438796-05:00,42.0052544,-93.6787334,34.3,mid-band,00019401F,630720.0,-71.0,21,-10,105.0,225.0
2026-03-20 14:25:31.032305-05:00,42.0051545,-93.6786968,39.6,mid-band,00019401F,630720.0,-68.0,21,-10,115.0,220.0
2026-03-20 14:25:33.630930-05:00,42.004946,-93.6786825,53.6,mid-band,00019401F,630720.0,-78.0,12,-10,83.9,243.0
2026-03-20 14:25:36.243734-05:00,42.0039786,-93.67863,36.4,mid-band,00019401F,630720.0,-85.0,1,-11,94.4,241.0
2026-03-20 14:25:46.862023-05:00,42.0036929,-93.6786127,27.1,mid-band,00019401F,630720.0,-97.0,1,-11,31.5,242.0
2026-03-20 14:25:49.447965-05:00,42.0034171,-93.6786061,26.2,mid-band,00019401F,630720.0,-99.0,-1,-11,10.5,263.0
2026-03-20 14:25:52.033284-05:00,42.0032337,-93.6786003,13.4,mid-band,00019401F,630720.0,-100.0,1,-11,10.5,147.0
2026-03-20 14:25:54.605598-05:00,42.0029506,-93.6785956,16.1,mid-band,00019401F,630720.0,-96.0,2,-11,10.5,208.0
2026-03-20 14:25:57.180566-05:00,42.0026315,-93.6785956,32.5,mid-band,00019401F,630720.0,-99.0,1,-11,10.5,201.0
2026-03-20 14:25:59.771601-05:00,42.0024052,-93.678595,21.5,mid-band,00019401F,630720.0,-97.0,2,-11,10.5,187.0
2026-03-20 14:26:02.351418-05:00,42.0020617,-93.6785919,51.8,mid-band,00019401F,630720.0,-101.0,1,-11,,
2026-03-20 14:26:04.961732-05:00,42.0018374,-93.6785895,39.3,mid-band,00019401F,630720.0,-106.0,-1,-11,10.5,169.0
2026-03-20 14:26:07.559892-05:00,42.0015086,-93.678585,27.4,mid-band,00019401F,630720.0,-107.0,-2,-11,,
2026-03-20 14:26:10.145855-05:00,42.0011875,-93.6785798,438.0,mid-band,00019401F,630720.0,-108.0,-2,-11,,
2026-03-20 14:26:13.142493-05:00,42.0008805,-93.6785773,116.0,mid-band,00019401F,630720.0,-108.0,-3,-11,,
2026-03-20 14:26:15.817420-05:00,42.0006729,-93.6785783,123.0,mid-band,00019401F,630720.0,-112.0,-5,-11,,
2026-03-20 14:26:18.499315-05:00,42.0003529,-93.6785811,17.3,mid-band,00019401F,630720.0,-113.0,-4,-11,,
2026-03-20 14:26:21.075308-05:00,42.0000387,-93.6785934,16.1,mid-band,00019401F,630720.0,-110.0,-1,-11,,
2026-03-20 14:26:23.650052-05:00,41.9998718,-93.6786055,42.9,mid-band,00019401F,630720.0,-112.0,-5,-11,,
2026-03-20 14:26:26.251405-05:00,41.9997374,-93.6786152,61.3,mid-band,00019401F,630720.0,-112.0,-5,-11,,
2026-03-20 14:26:28.871425-05:00,41.99972,-93.6786133,80.9,mid-band,00019401F,630720.0,-109.0,0,-11,,
2026-03-20 14:26:31.511314-05:00,41.9997167,-93.6786104,186.0,mid-band,00019401F,630720.0,-112.0,-3,-11,,
2026-03-20 14:26:34.255723-05:00,41.9997161,-93.6786086,55.0,mid-band,00019401F,630720.0,-110.0,0,-11,,
2026-03-20 14:26:36.869290-05:00,41.9997167,-93.6786067,104.0,mid-band,00019401F,630720.0,-110.0,-3,-11,,
2026-03-20 14:26:39.531388-05:00,41.9996563,-93.6785974,49.8,mid-band,00019401F,630720.0,-111.0,-2,-11,,
2026-03-20 14:26:42.139865-05:00,41.9995235,-93.6785726,157.0,mid-band,00019401F,630720.0,-107.0,0,-11,,
2026-03-20 14:26:44.855270-05:00,41.9994066,-93.6785659,15.5,mid-band,00019401F,630720.0,-109.0,0,-11,10.5,18.0
2026-03-20 14:26:47.429596-05:00,41.998656,-93.6785572,14.4,mid-band,00019401F,630720.0,-103.0,6,-11,,
2026-03-20 14:26:56.340169-05:00,41.9983566,-93.6785566,32.4,mid-band,00019401F,630720.0,-113.0,-7,-11,,
2026-03-20 14:26:58.931409-05:00,41.9981465,-93.678557,65.1,mid-band,00019401F,630720.0,-113.0,-4,-11,,
2026-03-20 14:27:01.555223-05:00,41.9978135,-93.6785563,65.9,mid-band,00019401F,630720.0,-109.0,-2,-11,,
2026-03-20 14:27:04.179882-05:00,41.9974646,-93.6785575,87.7,mid-band,00019401F,630720.0,-107.0,-4,-11,,
2026-03-20 14:27:06.826337-05:00,41.9972219,-93.6785587,82.1,mid-band,00019401F,630720.0,-104.0,-5,-11,,
2026-03-20 14:27:09.467221-05:00,41.9968383,-93.6785535,99.9,mid-band,00019401F,630720.0,-113.0,-9,-11,,
2026-03-20 14:27:12.125828-05:00,41.996437,-93.678554,90.9,mid-band,00019401F,630720.0,-112.0,-6,-11,,
2026-03-20 14:27:14.775417-05:00,41.9961767,-93.6785598,142.0,mid-band,00019401F,630720.0,-108.0,-5,-11,,
2026-03-20 14:27:17.475898-05:00,41.9958545,-93.6785655,,mid-band,00019C015,630720.0,-105.0,-2,-11,,
2026-03-20 14:27:22.085952-05:00,41.9955302,-93.6785728,15.9,mid-band,00019C015,630720.0,-108.0,-2,-11,10.5,147.0
2026-03-20 14:27:24.660627-05:00,41.9954952,-93.6785708,37.1,mid-band,00019C015,630720.0,-106.0,-3,-11,,
2026-03-20 14:27:27.255427-05:00,41.9954942,-93.6785723,13.6,mid-band,00019C015,630720.0,-107.0,-2,-11,4.55,49.5
2026-03-20 14:27:29.827762-05:00,41.9954948,-93.6785731,106.0,mid-band,00019C015,630720.0,-103.0,-3,-11,4.66,178.0
2026-03-20 14:27:32.492523-05:00,41.9954992,-93.6785735,57.8,mid-band,00019C015,630720.0,-105.0,-3,-11,4.14,166.0
2026-03-20 14:27:35.109454-05:00,41.9955024,-93.6785741,58.8,mid-band,00019C015,630720.0,-105.0,-4,-11,4.14,191.0
2026-03-20 14:27:37.727018-05:00,41.9955055,-93.6785736,61.7,mid-band,00019C015,630720.0,-104.0,-2,-11,4.14,146.0
2026-03-20 14:27:40.347406-05:00,41.9955088,-93.6785725,47.1,mid-band,00019C015,630720.0,-107.0,-2,-11,4.14,167.0
2026-03-20 14:27:42.953166-05:00,41.9955108,-93.6785719,41.2,mid-band,00019C015,630720.0,-106.0,-3,-11,2.07,199.0
2026-03-20 14:27:45.553222-05:00,41.9955123,-93.6785692,80.7,mid-band,00019C015,630720.0,-104.0,-6,-11,2.07,153.0
2026-03-20 14:27:48.192682-05:00,41.995421,-93.678556,93.5,mid-band,00019C015,630720.0,-107.0,-6,-11,6.21,203.0
2026-03-20 14:27:50.845091-05:00,41.9952888,-93.6785413,,mid-band,FFFFFFFFF,-1.0,-100.0,0,-12,,
2026-03-20 14:27:54.403417-05:00,41.9949072,-93.6785374,,,,,,,,,
2026-03-20 14:28:00.064668-05:00,41.9940469,-93.6785795,,,,,,,,,
2026-03-20 14:28:08.919561-05:00,41.9939724,-93.678863,,,,,,,,,
2026-03-20 14:28:14.580786-05:00,41.9939549,-93.6792834,,,,,,,,,
2026-03-20 14:28:20.242074-05:00,41.9939478,-93.6798112,,,,,,,,,
2026-03-20 14:28:25.902640-05:00,41.9939437,-93.6802842,,,,,,,,,
2026-03-20 14:28:31.563989-05:00,41.9939419,-93.6808582,76.9,mid-band,00019401F,630720.0,-102.0,-3,-11,,
2026-03-20 14:28:34.199681-05:00,41.9939387,-93.6811375,44.0,mid-band,00019401F,630720.0,-99.0,-5,-11,,
2026-03-20 14:28:36.802377-05:00,41.9939381,-93.6813182,34.7,mid-band,00019401F,630720.0,-98.0,0,-11,,
2026-03-20 14:28:39.395408-05:00,41.993939,-93.6815932,15.4,mid-band,00019401F,630720.0,-102.0,-1,-11,,
2026-03-20 14:28:41.969502-05:00,41.993937,-93.6817807,24.1,mid-band,00019401F,630720.0,-98.0,2,-11,6.84,57.6
2026-03-20 14:28:44.551441-05:00,41.9939324,-93.6820716,37.3,mid-band,00019401F,630720.0,-117.0,-1,-11,4.14,188.0
2026-03-20 14:28:47.147564-05:00,41.9939283,-93.6823626,25.6,mid-band,00019401F,630720.0,-99.0,1,-11,4.14,166.0
2026-03-20 14:28:49.731411-05:00,41.9939285,-93.682554,95.9,mid-band,00019401F,630720.0,-94.0,-1,-11,4.14,183.0
2026-03-20 14:28:52.386022-05:00,41.9939276,-93.6828444,111.0,mid-band,00019401F,630720.0,-97.0,0,-11,8.28,231.0
2026-03-20 14:28:55.055966-05:00,41.9939252,-93.6830434,20.7,mid-band,00019401F,630720.0,-100.0,-1,-11,4.14,126.0
2026-03-20 14:28:57.635375-05:00,41.9939229,-93.683338,18.5,mid-band,00019401F,630720.0,-98.0,-2,-11,6.21,174.0
2026-03-20 14:29:00.212662-05:00,41.9939217,-93.683629,49.1,mid-band,00019401F,630720.0,-104.0,2,-11,8.28,194.0
2026-03-20 14:29:02.820512-05:00,41.993921,-93.6838271,35.0,mid-band,00019401F,630720.0,-100.0,-2,-11,2.59,142.0
2026-03-20 14:29:05.414312-05:00,41.9939121,-93.68495,29.2,mid-band,00019401F,630720.0,-96.0,-1,-11,4.14,177.0
2026-03-20 14:29:16.858195-05:00,41.993911,-93.6852848,22.1,mid-band,00019401F,630720.0,-94.0,3,-10,4.14,187.0
2026-03-20 14:29:19.439317-05:00,41.9939105,-93.6856122,51.9,mid-band,00019401F,630720.0,-100.0,0,-11,4.14,140.0
2026-03-20 14:29:22.050019-05:00,41.9939104,-93.6858208,43.9,mid-band,00019401F,630720.0,-102.0,0,-11,6.21,214.0
2026-03-20 14:29:24.652827-05:00,41.9939096,-93.6861247,48.4,mid-band,00019401F,630720.0,-102.0,-3,-11,4.14,173.0
2026-03-20 14:29:27.260093-05:00,41.9939069,-93.6864514,558.0,mid-band,00019401F,630720.0,-107.0,-7,-11,4.14,74.3
2026-03-20 14:29:30.376951-05:00,41.9939029,-93.6867814,,mid-band,FFFFFFFFF,-1.0,-99.0,0,-13,,
2026-03-20 14:29:33.935428-05:00,41.9939016,-93.6870988,,,,,,,,,
2026-03-20 14:29:39.596795-05:00,41.993899,-93.6876954,,,,,,,,,
2026-03-20 14:29:45.258130-05:00,41.9938885,-93.6882517,,,,,,,,,
2026-03-20 14:29:50.919556-05:00,41.9938907,-93.6886729,43.8,mid-band,00019401F,630720.0,-106.0,-4,-11,,
2026-03-20 14:29:53.522338-05:00,41.9938899,-93.6889189,,,,,,,,,
2026-03-20 14:29:59.183893-05:00,41.9938917,-93.6894432,,,,,,,,,
2026-03-20 14:30:04.845209-05:00,41.9938969,-93.6899156,,,,,,,,,
2026-03-20 14:30:10.506361-05:00,41.9938995,-93.6904322,,,,,,,,,
2026-03-20 14:30:16.167363-05:00,41.9938843,-93.6913772,,mid-band,FFFFFFFFF,-1.0,-140.0,-,-,,
2026-03-20 14:30:28.886741-05:00,41.9938789,-93.6918262,,,,,,,,,
2026-03-20 14:30:34.548538-05:00,41.9938852,-93.6924045,,mid-band,FFFFFFFFF,-1.0,-102.0,0,-14,,
2026-03-20 14:30:39.158483-05:00,41.9938859,-93.6928523,33.7,mid-band,00019401F,630720.0,-103.0,-3,-11,2.07,60.3
2026-03-20 14:30:41.750909-05:00,41.9938829,-93.6930439,28.4,mid-band,00019401F,630720.0,-101.0,-4,-11,4.14,75.4
2026-03-20 14:30:44.337988-05:00,41.9938762,-93.6933423,103.0,mid-band,00019401F,630720.0,-140.0,-,-,4.14,53.9
2026-03-20 14:30:46.999412-05:00,41.9938741,-93.6935416,6.84,mid-band,0001A0015,630720.0,-105.0,-4,-11,2.59,14.2
2026-03-20 14:30:49.564936-05:00,41.9938765,-93.6938445,6.63,mid-band,0001A0015,630720.0,-101.0,-11,-12,12.4,46.6
2026-03-20 14:30:52.130322-05:00,41.9938749,-93.6941599,11.5,mid-band,0001A0015,630720.0,-103.0,-7,-11,10.4,23.3
2026-03-20 14:30:54.700859-05:00,41.9938723,-93.6943781,11.6,mid-band,0001A0015,630720.0,-101.0,-8,-11,16.6,66.4
2026-03-20 14:30:57.271114-05:00,41.9938725,-93.6947023,50.8,mid-band,0001A0015,630720.0,-99.0,-3,-11,12.4,71.8
2026-03-20 14:30:59.880568-05:00,41.9938702,-93.6949182,16.2,mid-band,0001A0015,630720.0,-95.0,-3,-11,26.9,113.0
2026-03-20 14:31:02.455333-05:00,41.9938676,-93.6952456,13.0,mid-band,0001A0015,630720.0,-100.0,-5,-11,34.7,140.0
2026-03-20 14:31:05.027179-05:00,41.9938671,-93.6954723,14.0,mid-band,0001A0015,630720.0,-98.0,-7,-11,27.4,143.0
2026-03-20 14:31:07.600004-05:00,41.9938669,-93.6958236,15.0,mid-band,00019401F,630720.0,-92.0,3,-11,27.9,157.0
2026-03-20 14:31:10.173853-05:00,41.9938647,-93.6961797,16.8,mid-band,00019401F,630720.0,-94.0,3,-11,20.7,115.0
2026-03-20 14:31:12.749489-05:00,41.9938627,-93.6964198,12.7,mid-band,00019401F,630720.0,-91.0,2,-11,20.7,172.0
2026-03-20 14:31:15.321167-05:00,41.9938601,-93.696771,31.6,mid-band,00019401F,630720.0,-99.0,-1,-11,20.7,176.0
2026-03-20 14:31:17.911713-05:00,41.9938599,-93.697001,11.8,mid-band,00019401F,630720.0,-94.0,0,-11,10.4,123.0
2026-03-20 14:31:20.482232-05:00,41.9938607,-93.6973476,17.7,mid-band,00019401F,630720.0,-88.0,6,-10,20.7,179.0
2026-03-20 14:31:23.058923-05:00,41.993863,-93.697578,14.3,mid-band,00019401F,630720.0,-93.0,3,-11,20.2,197.0
2026-03-20 14:31:25.632129-05:00,41.9938641,-93.6979109,40.5,mid-band,00019401F,630720.0,-92.0,6,-11,10.4,137.0
2026-03-20 14:31:28.231560-05:00,41.9938618,-93.6987224,45.2,mid-band,00019401F,630720.0,-94.0,-1,-11,20.7,201.0
2026-03-20 14:31:36.379143-05:00,41.9938641,-93.6990261,43.4,mid-band,00019401F,630720.0,-95.0,-1,-11,20.7,223.0
2026-03-20 14:31:38.981592-05:00,41.9938662,-93.6992309,65.7,mid-band,00019401F,630720.0,-92.0,0,-11,20.7,257.0
2026-03-20 14:31:41.606335-05:00,41.9938696,-93.6995516,91.1,mid-band,00019401F,630720.0,-94.0,0,-11,20.7,198.0
2026-03-20 14:31:44.256604-05:00,41.9938734,-93.6998967,44.9,mid-band,00019401F,630720.0,-94.0,-2,-11,20.2,180.0
2026-03-20 14:31:46.859440-05:00,41.9938769,-93.7001336,22.9,mid-band,00019401F,630720.0,-97.0,0,-11,20.7,243.0
2026-03-20 14:31:49.441354-05:00,41.9938816,-93.7004776,34.1,mid-band,00019401F,630720.0,-95.0,-2,-11,10.4,186.0
2026-03-20 14:31:52.034660-05:00,41.9938855,-93.700705,24.0,mid-band,00019401F,630720.0,-91.0,-1,-11,20.7,222.0
2026-03-20 14:31:54.617848-05:00,41.9938911,-93.7010582,28.2,mid-band,00019401F,630720.0,-89.0,0,-11,31.1,224.0
2026-03-20 14:31:57.205015-05:00,41.9938928,-93.70142,29.8,mid-band,00019401F,630720.0,-86.0,-1,-11,31.2,289.0
2026-03-20 14:31:59.793762-05:00,41.9938936,-93.7016529,88.1,mid-band,00019401F,630720.0,-93.0,-3,-11,21.0,144.0
2026-03-20 14:32:02.440912-05:00,41.9938976,-93.7020071,34.6,mid-band,00019401F,630720.0,-91.0,-2,-11,21.0,220.0
2026-03-20 14:32:05.034617-05:00,41.9939018,-93.7022493,46.9,mid-band,00019401F,630720.0,-93.0,-2,-11,31.5,242.0
2026-03-20 14:32:07.640444-05:00,41.9939075,-93.7026244,42.8,mid-band,00019401F,630720.0,-90.0,0,-11,31.5,270.0
2026-03-20 14:32:10.242129-05:00,41.993911,-93.7030063,50.7,mid-band,00019401F,630720.0,-94.0,-1,-11,31.5,261.0
2026-03-20 14:32:12.851752-05:00,41.9939142,-93.7032526,29.5,mid-band,00019401F,630720.0,-98.0,-3,-11,10.5,285.0
2026-03-20 14:32:15.439428-05:00,41.9939212,-93.7035984,70.1,mid-band,00019401F,630720.0,-101.0,-4,-12,10.5,255.0
2026-03-20 14:32:18.068349-05:00,41.9939257,-93.7038275,45.4,mid-band,00019401F,630720.0,-102.0,-6,-18,10.5,183.0
2026-03-20 14:32:20.671409-05:00,41.9939315,-93.7041622,705.0,mid-band,00019C015,630720.0,-92.0,0,-11,,
2026-03-20 14:32:23.935407-05:00,41.9939352,-93.7044942,333.0,mid-band,00019C015,630720.0,-94.0,-1,-11,,
2026-03-20 14:32:26.826645-05:00,41.9939379,-93.7048331,221.0,mid-band,00019C015,630720.0,-94.0,-2,-11,,
2026-03-20 14:32:29.606610-05:00,41.9939434,-93.7051744,,,,,,,,,
2026-03-20 14:32:35.267884-05:00,41.9939526,-93.7058371,,,,,,,,,
2026-03-20 14:32:40.929217-05:00,41.9939651,-93.706712,,,,,,,,,
2026-03-20 14:32:48.937078-05:00,41.9939736,-93.7072522,,,,,,,,,
2026-03-20 14:32:54.598414-05:00,41.993982,-93.7078817,,,,,,,,,
2026-03-20 14:33:00.259369-05:00,41.993989,-93.7084685,454.0,mid-band,00019401F,630720.0,-100.0,-1,-11,,
2026-03-20 14:33:03.271571-05:00,41.993999,-93.7087609,44.3,mid-band,00019401F,630720.0,-102.0,-4,-11,,
2026-03-20 14:33:05.874668-05:00,41.9940033,-93.7089499,34.2,mid-band,00019401F,630720.0,-99.0,-5,-11,,
2026-03-20 14:33:08.467422-05:00,41.9940016,-93.7092228,,,,,,,,,
2026-03-20 14:33:14.128383-05:00,41.994002,-93.7097762,,,,,,,,,
2026-03-20 14:33:19.789667-05:00,41.9940114,-93.7102699,,,,,,,,,
2026-03-20 14:33:25.450955-05:00,41.9940231,-93.7108857,,,,,,,,,
2026-03-20 14:33:31.112212-05:00,41.9940416,-93.7114636,,,,,,,,,
2026-03-20 14:33:36.773493-05:00,41.994048,-93.7119286,,,,,,,,,
2026-03-20 14:33:42.434445-05:00,41.9940551,-93.7125388,,,,,,,,,
2026-03-20 14:33:48.095814-05:00,41.9940764,-93.7137109,,mid-band,00019C015,630720.0,-92.0,0,-11,,
2026-03-20 14:33:58.388933-05:00,41.9940849,-93.7142223,26.2,mid-band,00019C015,630720.0,-91.0,0,-11,,
2026-03-20 14:34:00.973916-05:00,41.9940885,-93.7144255,23.4,mid-band,00019C015,630720.0,-92.0,2,-11,,
2026-03-20 14:34:03.556002-05:00,41.9940948,-93.7147243,19.4,mid-band,00019C015,630720.0,-90.0,6,-10,,
2026-03-20 14:34:06.133992-05:00,41.9940979,-93.7150303,22.4,mid-band,00019C015,630720.0,-95.0,1,-11,,
2026-03-20 14:34:08.714983-05:00,41.9940998,-93.7152367,14.9,mid-band,00019C015,630720.0,-89.0,7,-10,21.0,235.0
2026-03-20 14:34:11.288667-05:00,41.9941028,-93.7155587,18.7,mid-band,00019C015,630720.0,-89.0,6,-10,31.5,249.0
2026-03-20 14:34:13.866326-05:00,41.9941059,-93.7157784,13.9,mid-band,00019C015,630720.0,-92.0,3,-11,21.0,278.0
2026-03-20 14:34:16.438770-05:00,41.9941117,-93.7160972,16.7,mid-band,00019C015,630720.0,-91.0,5,-10,21.0,217.0
2026-03-20 14:34:19.014331-05:00,41.9941163,-93.7163006,23.1,mid-band,00019C015,630720.0,-91.0,6,-10,21.0,277.0
2026-03-20 14:34:21.596390-05:00,41.9941189,-93.7165992,16.7,mid-band,00019C015,630720.0,-95.0,0,-11,21.0,245.0
2026-03-20 14:34:24.171443-05:00,41.9941188,-93.7168908,45.5,mid-band,00019C015,630720.0,-96.0,-4,-11,21.0,238.0
2026-03-20 14:34:26.775448-05:00,41.9941236,-93.7170734,,mid-band,FFFFFFFFF,-1.0,-75.0,0,-11,21.0,240.0
2026-03-20 14:34:31.385603-05:00,41.9941398,-93.717523,,,,,,,,,
2026-03-20 14:34:37.046437-05:00,41.9941444,-93.7177342,,,,,,,,,
2026-03-20 14:34:42.707732-05:00,41.9941458,-93.7178964,24.8,mid-band,00019C015,630720.0,-90.0,2,-11,,
2026-03-20 14:34:45.291437-05:00,41.9941455,-93.7180843,29.9,mid-band,00019C015,630720.0,-96.0,-1,-11,,
2026-03-20 14:34:47.879413-05:00,41.9941448,-93.7182255,24.4,mid-band,00019C015,630720.0,-96.0,-4,-11,,
2026-03-20 14:34:50.462643-05:00,41.9941443,-93.7184532,21.1,mid-band,00019C015,630720.0,-86.0,0,-11,,
2026-03-20 14:34:53.042749-05:00,41.9941448,-93.7186062,24.7,mid-band,00019C015,630720.0,-87.0,-3,-11,31.5,279.0
2026-03-20 14:34:55.626666-05:00,41.9941451,-93.718847,29.4,mid-band,00019C015,630720.0,-87.0,-2,-11,41.9,290.0
2026-03-20 14:34:58.214959-05:00,41.9941422,-93.7195848,54.9,mid-band,00019C015,630720.0,-100.0,-5,-11,42.0,291.0
2026-03-20 14:35:06.400695-05:00,41.9941405,-93.7198807,20.2,mid-band,00019C015,630720.0,-88.0,-2,-11,21.0,245.0
2026-03-20 14:35:08.979416-05:00,41.9941393,-93.7200766,21.1,mid-band,00019C015,630720.0,-91.0,-1,-11,31.5,262.0
2026-03-20 14:35:11.559087-05:00,41.9941392,-93.7203737,19.8,mid-band,00019C015,630720.0,-88.0,0,-11,31.5,276.0
2026-03-20 14:35:14.138030-05:00,41.9941396,-93.7206781,22.1,mid-band,00019C015,630720.0,-87.0,1,-11,31.5,256.0
2026-03-20 14:35:16.719242-05:00,41.9941391,-93.720889,,,,,,,,10.5,101.0
2026-03-20 14:35:22.380789-05:00,41.9941388,-93.7215347,,,,,,,,,
2026-03-20 14:35:28.041993-05:00,41.9941361,-93.7220698,,mid-band,00019401F,630720.0,-95.0,4,-11,,
2026-03-20 14:35:33.703338-05:00,41.9941307,-93.722755,17.9,mid-band,00019401F,630720.0,-92.0,7,-10,,
2026-03-20 14:35:36.280003-05:00,41.9941303,-93.7231055,17.9,mid-band,00019401F,630720.0,-96.0,4,-11,,
2026-03-20 14:35:38.856558-05:00,41.9941331,-93.7233354,21.5,mid-band,00019401F,630720.0,-96.0,1,-11,,
2026-03-20 14:35:41.436529-05:00,41.9941346,-93.7236625,7.78,mid-band,00019401F,630720.0,-96.0,0,-11,10.5,232.0
2026-03-20 14:35:44.003212-05:00,41.9941341,-93.7238735,24.4,mid-band,00019401F,630720.0,-103.0,-7,-11,10.5,190.0
2026-03-20 14:35:46.586465-05:00,41.9941332,-93.7241843,,mid-band,00019C015,630720.0,-92.0,6,-11,,
2026-03-20 14:35:50.145356-05:00,41.9941317,-93.7246023,16.7,mid-band,00019C015,630720.0,-87.0,3,-10,31.5,191.0
2026-03-20 14:35:52.721018-05:00,41.994132,-93.7248153,28.1,mid-band,00019C015,630720.0,-88.0,4,-11,31.5,211.0
2026-03-20 14:35:55.308298-05:00,41.9941311,-93.7251343,11.4,mid-band,00019C015,630720.0,-89.0,6,-11,31.5,200.0
2026-03-20 14:35:57.878963-05:00,41.9941335,-93.7253489,11.7,mid-band,00019C015,630720.0,-87.0,6,-11,31.5,235.0
2026-03-20 14:36:00.449817-05:00,41.9941357,-93.7256693,71.1,mid-band,00019C015,630720.0,-89.0,7,-11,10.5,87.1
2026-03-20 14:36:03.079666-05:00,41.9941369,-93.7259819,36.6,mid-band,00019C015,630720.0,-82.0,6,-11,41.9,292.0
2026-03-20 14:36:05.675437-05:00,41.9941361,-93.7261908,19.1,mid-band,00019C015,630720.0,-84.0,6,-11,41.9,228.0
2026-03-20 14:36:08.253835-05:00,41.9941349,-93.7270783,26.3,mid-band,00019C015,630720.0,-85.0,10,-11,41.9,256.0
2026-03-20 14:36:16.363366-05:00,41.9941354,-93.727422,28.0,mid-band,00019C015,630720.0,-84.0,9,-10,52.4,276.0
2026-03-20 14:36:18.949832-05:00,41.9941372,-93.727656,18.1,mid-band,00019C015,630720.0,-85.0,8,-10,41.9,278.0
2026-03-20 14:36:21.526495-05:00,41.9941385,-93.728004,21.3,mid-band,00019C015,630720.0,-86.0,8,-10,41.9,266.0
2026-03-20 14:36:24.106954-05:00,41.9941364,-93.7283621,16.0,mid-band,00019C015,630720.0,-88.0,6,-10,31.5,203.0
2026-03-20 14:36:26.681938-05:00,41.9941333,-93.728609,35.8,mid-band,00019C015,630720.0,-92.0,1,-11,21.0,262.0
2026-03-20 14:36:29.276692-05:00,41.9941319,-93.7289859,,,,,,,,,
2026-03-20 14:36:34.938161-05:00,41.9941332,-93.7296107,,,,,,,,,
2026-03-20 14:36:40.599545-05:00,41.9941354,-93.7303204,,,,,,,,,
2026-03-20 14:36:46.260861-05:00,41.9941276,-93.7310126,,,,,,,,,
2026-03-20 14:36:51.922234-05:00,41.9941296,-93.7315646,,,,,,,,,
2026-03-20 14:36:57.582661-05:00,41.9941222,-93.7322223,,mid-band,00019C015,630720.0,-84.0,10,-10,,
2026-03-20 14:37:01.141403-05:00,41.994121,-93.7326914,24.4,mid-band,00019C015,630720.0,-87.0,3,-11,,
2026-03-20 14:37:03.724113-05:00,41.9941235,-93.7329298,29.6,mid-band,00019C015,630720.0,-91.0,-5,-11,,
2026-03-20 14:37:06.312589-05:00,41.9941236,-93.7332872,20.3,mid-band,00019C015,630720.0,-87.0,-3,-11,,
2026-03-20 14:37:08.891613-05:00,41.9941249,-93.7335257,21.5,mid-band,00019C015,630720.0,-88.0,0,-11,,
2026-03-20 14:37:11.471449-05:00,41.994123,-93.7338786,18.5,mid-band,00019C015,630720.0,-89.0,-7,-11,31.1,291.0
2026-03-20 14:37:14.048926-05:00,41.9941222,-93.7341082,,mid-band,FFFFFFFFF,-1.0,-80.0,14,-10,,
2026-03-20 14:37:17.607787-05:00,41.9941242,-93.7352258,,mid-band,FFFFFFFFF,-1.0,-88.0,0,-12,,
2026-03-20 14:37:28.393436-05:00,41.9941219,-93.7357751,,,,,,,,,
2026-03-20 14:37:34.054774-05:00,41.9941237,-93.7363057,,,,,,,,,
2026-03-20 14:37:39.716064-05:00,41.9941321,-93.7369281,,,,,,,,,
2026-03-20 14:37:45.377395-05:00,41.9941319,-93.737561,,,,,,,,,
2026-03-20 14:37:51.038067-05:00,41.9941393,-93.7380963,,,,,,,,,
2026-03-20 14:37:56.698683-05:00,41.9941409,-93.7387226,,,,,,,,,
2026-03-20 14:38:02.359992-05:00,41.9941483,-93.7393661,,,,,,,,,
2026-03-20 14:38:08.021236-05:00,41.9941542,-93.739907,,,,,,,,,
2026-03-20 14:38:13.681997-05:00,41.9941649,-93.7405424,,,,,,,,,
2026-03-20 14:38:19.343314-05:00,41.9941695,-93.7411831,,,,,,,,,
2026-03-20 14:38:25.004687-05:00,41.994176,-93.741729,,,,,,,,,
2026-03-20 14:38:30.665994-05:00,41.9941936,-93.7426803,,,,,,,,,
2026-03-20 14:38:38.934004-05:00,41.9941998,-93.7431911,,,,,,,,,
2026-03-20 14:38:44.595379-05:00,41.9942038,-93.7437223,,,,,,,,,
2026-03-20 14:38:50.255949-05:00,41.994211,-93.7442961,,,,,,,,,
2026-03-20 14:38:55.917257-05:00,41.9942181,-93.7448185,,,,,,,,,
2026-03-20 14:39:01.578541-05:00,41.994226,-93.7455311,,,,,,,,,
2026-03-20 14:39:07.239735-05:00,41.9942325,-93.746262,,,,,,,,,
2026-03-20 14:39:12.901017-05:00,41.9942362,-93.7468321,,,,,,,,,
2026-03-20 14:39:18.562304-05:00,41.9942412,-93.7475002,,,,,,,,,
2026-03-20 14:39:24.223362-05:00,41.9942494,-93.7482016,,,,,,,,,
2026-03-20 14:39:29.884592-05:00,41.9942545,-93.7487739,,,,,,,,,
2026-03-20 14:39:35.545883-05:00,41.9942617,-93.7501522,,,,,,,,,
2026-03-20 14:39:49.946023-05:00,41.9942684,-93.7507674,,,,,,,,,
2026-03-20 14:39:55.607494-05:00,41.9942702,-93.7513517,,,,,,,,,
2026-03-20 14:40:01.268790-05:00,41.9942697,-93.7519426,,,,,,,,,
2026-03-20 14:40:06.930117-05:00,41.9942776,-93.7524304,,,,,,,,,
2026-03-20 14:40:12.591408-05:00,41.9942817,-93.7530008,,,,,,,,,
2026-03-20 14:40:18.252678-05:00,41.9942873,-93.7535857,,,,,,,,,
2026-03-20 14:40:23.913901-05:00,41.9942891,-93.7540592,,,,,,,,,
2026-03-20 14:40:29.575215-05:00,41.9942925,-93.7546008,,,,,,,,,
2026-03-20 14:40:35.236473-05:00,41.9943077,-93.7551737,,,,,,,,,
2026-03-20 14:40:40.897752-05:00,41.994303,-93.7556746,,,,,,,,,
2026-03-20 14:40:46.559166-05:00,41.9943068,-93.7569503,,,,,,,,,
2026-03-20 14:40:59.948950-05:00,41.9943081,-93.7575491,,,,,,,,,
2026-03-20 14:41:05.610285-05:00,41.9943124,-93.7581358,,,,,,,,,
2026-03-20 14:41:11.271516-05:00,41.9943112,-93.7587103,,,,,,,,,
2026-03-20 14:41:16.932799-05:00,41.9943076,-93.7591753,,,,,,,,,
2026-03-20 14:41:22.594070-05:00,41.9943072,-93.7597474,,,,,,,,,
2026-03-20 14:41:28.255251-05:00,41.9943131,-93.7603194,,,,,,,,,
2026-03-20 14:41:33.916455-05:00,41.9943182,-93.7608042,,,,,,,,,
2026-03-20 14:41:39.577681-05:00,41.9943186,-93.7613496,,,,,,,,,
2026-03-20 14:41:45.239000-05:00,41.9943165,-93.7619441,,,,,,,,,
2026-03-20 14:41:50.900432-05:00,41.9943156,-93.762459,,,,,,,,,
2026-03-20 14:41:56.561951-05:00,41.9943154,-93.7637968,,,,,,,,,
2026-03-20 14:42:09.942769-05:00,41.9943148,-93.7643967,,,,,,,,,
2026-03-20 14:42:15.604133-05:00,41.9943144,-93.7650068,,,,,,,,,
2026-03-20 14:42:21.265342-05:00,41.9943149,-93.7656758,,,,,,,,,
2026-03-20 14:42:26.926626-05:00,41.9943176,-93.7662021,,,,,,,,,
2026-03-20 14:42:32.587876-05:00,41.9943188,-93.7668014,,,,,,,,,
2026-03-20 14:42:38.249010-05:00,41.9943133,-93.7674057,,,,,,,,,
2026-03-20 14:42:43.910281-05:00,41.994312,-93.7679286,,,,,,,,,
2026-03-20 14:42:49.571599-05:00,41.9943119,-93.768588,,,,,,,,,
2026-03-20 14:42:55.232795-05:00,41.9943136,-93.7692652,,,,,,,,,
2026-03-20 14:43:00.894038-05:00,41.9943085,-93.7698421,,,,,,,,,
2026-03-20 14:43:06.555213-05:00,41.9943107,-93.771358,,,,,,,,,
2026-03-20 14:43:19.947516-05:00,41.9943078,-93.7719779,,,,,,,,,
2026-03-20 14:43:25.608717-05:00,41.9943084,-93.7726132,,mid-band,00019C01F,630720.0,-83.0,2,-11,,
2026-03-20 14:43:31.270027-05:00,41.9943026,-93.773297,21.3,mid-band,00019C01F,630720.0,-78.0,6,-11,,
2026-03-20 14:43:33.850131-05:00,41.9943021,-93.7735333,29.5,mid-band,00019C01F,630720.0,-81.0,-1,-11,49.2,275.0
2026-03-20 14:43:36.438661-05:00,41.9943044,-93.7738716,33.2,mid-band,00019C01F,630720.0,-80.0,2,-11,49.2,272.0
2026-03-20 14:43:39.030834-05:00,41.9943054,-93.7740828,24.0,mid-band,00019C01F,630720.0,-77.0,0,-11,48.7,260.0
2026-03-20 14:43:41.613817-05:00,41.9943047,-93.7743801,30.0,mid-band,00019C01F,630720.0,-76.0,-1,-11,63.7,269.0
2026-03-20 14:43:44.202903-05:00,41.9943044,-93.7746667,25.0,mid-band,00019C01F,630720.0,-78.0,-1,-11,64.2,262.0
2026-03-20 14:43:46.786903-05:00,41.9943038,-93.7748569,13.8,mid-band,00019C01F,630720.0,-78.0,-6,-11,77.7,238.0
2026-03-20 14:43:49.359512-05:00,41.9943038,-93.7751402,27.7,mid-band,00019C01F,630720.0,-80.0,-6,-12,52.9,208.0
2026-03-20 14:43:51.946340-05:00,41.9943042,-93.7753308,,,,,,,,52.4,190.0
2026-03-20 14:43:57.607388-05:00,41.9943075,-93.7758894,,,,,,,,,
2026-03-20 14:44:03.268759-05:00,41.9942877,-93.7762839,,,,,,,,,
2026-03-20 14:44:08.929993-05:00,41.9940885,-93.776424,,,,,,,,,
2026-03-20 14:44:14.591110-05:00,41.9935898,-93.7764231,,,,,,,,,
2026-03-20 14:44:20.252463-05:00,41.9924118,-93.7764065,23.1,mid-band,00019C01F,630720.0,-76.0,6,-11,,
2026-03-20 14:44:25.853160-05:00,41.9920878,-93.776402,25.9,mid-band,00019C01F,630720.0,-77.0,-2,-11,,
2026-03-20 14:44:28.437793-05:00,41.9915769,-93.7763998,16.9,mid-band,00019C01F,630720.0,-80.0,-2,-11,,
2026-03-20 14:44:31.013357-05:00,41.9912211,-93.7763989,94.8,mid-band,00019C01F,630720.0,-78.0,3,-11,24.7,43.2
2026-03-20 14:44:33.666591-05:00,41.9906637,-93.7763974,53.7,mid-band,00019C01F,630720.0,-78.0,2,-11,16.6,125.0
2026-03-20 14:44:36.279259-05:00,41.9900847,-93.7763927,41.5,mid-band,00019C01F,630720.0,-80.0,-5,-11,34.2,195.0
2026-03-20 14:44:38.879051-05:00,41.9896982,-93.7763879,,mid-band,FFFFFFFFF,-1.0,-71.0,0,-10,34.3,261.0
2026-03-20 14:44:42.437672-05:00,41.9889034,-93.7763767,,,,,,,,,
2026-03-20 14:44:48.099049-05:00,41.9877389,-93.7763728,,,,,,,,,
2026-03-20 14:44:53.760236-05:00,41.98687,-93.7763561,18.7,mid-band,00019C01F,630720.0,-81.0,3,-11,,
2026-03-20 14:44:56.337729-05:00,41.9863421,-93.7763523,25.4,mid-band,00019C01F,630720.0,-78.0,-1,-11,,
2026-03-20 14:44:58.921981-05:00,41.9859751,-93.776346,17.8,mid-band,00019C01F,630720.0,-83.0,-4,-11,50.2,279.0
2026-03-20 14:45:01.498809-05:00,41.985404,-93.7763345,,,,,,,,16.6,264.0
2026-03-20 14:45:07.159858-05:00,41.9841811,-93.7763207,,,,,,,,,
2026-03-20 14:45:12.821192-05:00,41.9831116,-93.7763098,,mid-band,FFFFFFFFF,-1.0,-76.0,25,-10,,
2026-03-20 14:45:17.431298-05:00,41.9820421,-93.7762959,,,,,,,,,
2026-03-20 14:45:23.092485-05:00,41.9808944,-93.7762729,19.5,mid-band,00019C01F,630720.0,-88.0,5,-11,,
2026-03-20 14:45:25.670719-05:00,41.979893,-93.7762608,,,,,,,,,
2026-03-20 14:45:39.943783-05:00,41.9797682,-93.7761189,,,,,,,,,
2026-03-20 14:45:45.604957-05:00,41.9797303,-93.7757634,,,,,,,,,
2026-03-20 14:45:51.266365-05:00,41.9797184,-93.7753074,,,,,,,,,
2026-03-20 14:45:56.927891-05:00,41.9797152,-93.7752116,,,,,,,,,
2026-03-20 14:46:02.589239-05:00,41.9797155,-93.7752138,,,,,,,,,
2026-03-20 14:46:08.249959-05:00,41.9797101,-93.7752077,,,,,,,,,
2026-03-20 14:46:13.910662-05:00,41.9797093,-93.7750002,,,,,,,,,
2026-03-20 14:46:19.571973-05:00,41.9797091,-93.7745196,,,,,,,,,
2026-03-20 14:46:25.233179-05:00,41.9797079,-93.7739304,,,,,,,,,
2026-03-20 14:46:30.894460-05:00,41.9797056,-93.7734273,,,,,,,,,
2026-03-20 14:46:36.555341-05:00,41.9797038,-93.7721896,,,,,,,,,
2026-03-20 14:46:49.949209-05:00,41.9797019,-93.7716395,,,,,,,,,
2026-03-20 14:46:55.610374-05:00,41.9797082,-93.7711597,,,,,,,,,
2026-03-20 14:47:01.271362-05:00,41.9797092,-93.7706924,,,,,,,,,
2026-03-20 14:47:06.932626-05:00,41.9797112,-93.7702351,,,,,,,,,
2026-03-20 14:47:12.593943-05:00,41.9797095,-93.7696819,,,,,,,,,
2026-03-20 14:47:18.254636-05:00,41.9797044,-93.7691447,,,,,,,,,
2026-03-20 14:47:23.915982-05:00,41.9797073,-93.7687189,,,,,,,,,
2026-03-20 14:47:29.577225-05:00,41.9797083,-93.7682257,,,,,,,,,
2026-03-20 14:47:35.238471-05:00,41.9797069,-93.7677335,,,,,,,,,
2026-03-20 14:47:40.899789-05:00,41.9797063,-93.7672953,,,,,,,,,
2026-03-20 14:47:46.561029-05:00,41.9797079,-93.7660524,,,,,,,,,
2026-03-20 14:47:59.954635-05:00,41.9797084,-93.7654469,,,,,,,,,
2026-03-20 14:48:05.616083-05:00,41.9797124,-93.7647979,,,,,,,,,
2026-03-20 14:48:11.277383-05:00,41.9797162,-93.7641687,,,,,,,,,
2026-03-20 14:48:16.938420-05:00,41.9797177,-93.7636764,,,,,,,,,
2026-03-20 14:48:22.599845-05:00,41.9797226,-93.7630938,,,,,,,,,
2026-03-20 14:48:28.261083-05:00,41.9797275,-93.7624977,,,,,,,,,
2026-03-20 14:48:33.922121-05:00,41.9797269,-93.7620288,,,,,,,,,
2026-03-20 14:48:39.583380-05:00,41.9797308,-93.7614881,,,,,,,,,
2026-03-20 14:48:45.244692-05:00,41.9797312,-93.7608914,,,,,,,,,
2026-03-20 14:48:50.905705-05:00,41.9797382,-93.7603846,,,,,,,,,
2026-03-20 14:48:56.567091-05:00,41.9797439,-93.7591368,,,,,,,,,
2026-03-20 14:49:09.943385-05:00,41.9797479,-93.7584681,,,,,,,,,
2026-03-20 14:49:15.604549-05:00,41.9797536,-93.7577616,,,,,,,,,
2026-03-20 14:49:21.265814-05:00,41.9797533,-93.7570974,,,,,,,,,
2026-03-20 14:49:26.927064-05:00,41.9797523,-93.7566327,,,,,,,,,
2026-03-20 14:49:32.588331-05:00,41.9797549,-93.7560853,,,,,,,,,
2026-03-20 14:49:38.249626-05:00,41.9797491,-93.7554841,,,,,,,,,
2026-03-20 14:49:43.910850-05:00,41.9797482,-93.7549848,,,,,,,,,
2026-03-20 14:49:49.572061-05:00,41.979748,-93.7544251,,,,,,,,,
2026-03-20 14:49:55.233551-05:00,41.9797371,-93.7538301,,,,,,,,,
2026-03-20 14:50:00.894939-05:00,41.9797397,-93.7533358,,,,,,,,,
2026-03-20 14:50:06.555392-05:00,41.9797287,-93.7520016,,,,,,,,,
2026-03-20 14:50:19.943538-05:00,41.9797261,-93.751449,,,,,,,,,
2026-03-20 14:50:25.604770-05:00,41.9797223,-93.7508996,,,,,,,,,
2026-03-20 14:50:31.265717-05:00,41.9797092,-93.7503302,,,,,,,,,
2026-03-20 14:50:36.927023-05:00,41.9797073,-93.7498354,,,,,,,,,
2026-03-20 14:50:42.588325-05:00,41.979702,-93.7492452,,,,,,,,,
2026-03-20 14:50:48.249584-05:00,41.9796976,-93.7486685,,,,,,,,,
2026-03-20 14:50:53.910407-05:00,41.9796845,-93.7481898,,,,,,,,,
2026-03-20 14:50:59.571686-05:00,41.979668,-93.7476204,,,,,,,,,
2026-03-20 14:51:12.664617-05:00,41.9796591,-93.7463941,,,,,,,,,
2026-03-20 14:51:18.326818-05:00,41.9796547,-93.7453265,,,,,,,,,
2026-03-20 14:51:29.442012-05:00,41.9796522,-93.7447579,,,,,,,,,
2026-03-20 14:51:35.103199-05:00,41.9796435,-93.7441982,,,,,,,,,
2026-03-20 14:51:40.764418-05:00,41.9796402,-93.7437068,,,,,,,,,
2026-03-20 14:51:46.425770-05:00,41.979635,-93.7431166,,,,,,,,,
2026-03-20 14:51:52.087190-05:00,41.9796289,-93.7425091,,,,,,,,,
2026-03-20 14:51:57.748834-05:00,41.9796292,-93.7419929,,,,,,,,,
2026-03-20 14:52:03.409961-05:00,41.9796212,-93.7413572,,,,,,,,,
2026-03-20 14:52:09.071305-05:00,41.9796164,-93.7407226,,,,,,,,,
2026-03-20 14:52:14.732582-05:00,41.9796148,-93.740196,,,,,,,,,
2026-03-20 14:52:20.393612-05:00,41.9796133,-93.7396022,,mid-band,00019C015,630720.0,-80.0,-3,-11,,
2026-03-20 14:52:25.002733-05:00,41.9796134,-93.7392272,21.1,mid-band,00019C015,630720.0,-83.0,-6,-11,,
2026-03-20 14:52:27.582616-05:00,41.9796053,-93.7383555,,,,,,,,,
2026-03-20 14:52:39.437719-05:00,41.9795988,-93.7377683,,mid-band,00019C015,630720.0,-84.0,4,-11,,
2026-03-20 14:52:44.047765-05:00,41.9795951,-93.7373879,23.2,mid-band,00019C015,630720.0,-86.0,2,-11,,
2026-03-20 14:52:46.629772-05:00,41.9795948,-93.7371152,56.5,mid-band,00019C015,630720.0,-85.0,4,-10,18.2,118.0
2026-03-20 14:52:49.244781-05:00,41.979592,-93.7368315,,,,,,,,12.9,311.0
2026-03-20 14:52:54.906206-05:00,41.9795893,-93.7363481,,mid-band,FFFFFFFFF,-1.0,-87.0,0,-10,,
2026-03-20 14:53:00.567255-05:00,41.9795849,-93.7357425,,,,,,,,,
2026-03-20 14:53:06.227375-05:00,41.9795817,-93.7351144,,,,,,,,,
2026-03-20 14:53:11.888642-05:00,41.9795828,-93.7345841,,,,,,,,,
2026-03-20 14:53:17.549893-05:00,41.9795812,-93.7339451,,,,,,,,,
2026-03-20 14:53:23.210682-05:00,41.979583,-93.7333028,,,,,,,,,
2026-03-20 14:53:28.871867-05:00,41.9795799,-93.7327452,,,,,,,,,
2026-03-20 14:53:34.533063-05:00,41.9795807,-93.7320441,,mid-band,00019C015,630720.0,-77.0,5,-11,,
2026-03-20 14:53:39.142687-05:00,41.9795812,-93.7309907,11.5,mid-band,00019C015,630720.0,-87.0,-5,-11,,
2026-03-20 14:53:45.843753-05:00,41.9795818,-93.7307528,37.5,mid-band,00019C015,630720.0,-84.0,-4,-11,,
2026-03-20 14:53:48.439949-05:00,41.9795834,-93.7303932,64.0,mid-band,00019C015,630720.0,-83.0,2,-11,36.0,116.0
2026-03-20 14:53:51.063156-05:00,41.9795836,-93.7301559,24.0,mid-band,00019C015,630720.0,-80.0,9,-10,72.6,259.0
2026-03-20 14:53:53.646422-05:00,41.9795831,-93.7298022,28.3,mid-band,00019C015,630720.0,-84.0,7,-10,94.4,196.0
2026-03-20 14:53:56.233999-05:00,41.9795812,-93.7294525,27.1,mid-band,00019C015,630720.0,-86.0,3,-11,52.4,256.0
2026-03-20 14:53:58.820233-05:00,41.9795802,-93.7292217,18.9,mid-band,00019C015,630720.0,-80.0,2,-11,73.4,256.0
2026-03-20 14:54:01.398074-05:00,41.97958,-93.7288782,26.2,mid-band,00019C015,630720.0,-83.0,4,-11,73.4,236.0
2026-03-20 14:54:03.983162-05:00,41.9795815,-93.7286515,28.4,mid-band,00019C015,630720.0,-84.0,3,-11,73.4,247.0
2026-03-20 14:54:06.570610-05:00,41.9795816,-93.7283285,31.1,mid-band,00019C015,630720.0,-79.0,5,-10,73.4,258.0
2026-03-20 14:54:09.160813-05:00,41.9795841,-93.7280204,25.9,mid-band,00019C015,630720.0,-82.0,5,-11,83.9,219.0
2026-03-20 14:54:11.745749-05:00,41.9795849,-93.7278166,27.8,mid-band,00019C015,630720.0,-81.0,0,-11,62.9,228.0
2026-03-20 14:54:14.332550-05:00,41.9795825,-93.7275047,21.6,mid-band,00019C015,630720.0,-82.0,-1,-11,73.4,232.0
2026-03-20 14:54:16.913194-05:00,41.9795818,-93.7272905,21.3,mid-band,00019C015,630720.0,-80.0,1,-11,73.4,236.0
2026-03-20 14:54:19.493610-05:00,41.9795813,-93.726955,22.1,mid-band,00019C015,630720.0,-84.0,0,-11,83.9,236.0
2026-03-20 14:54:22.074713-05:00,41.9795798,-93.7266117,,,,,,,,52.4,238.0
2026-03-20 14:54:27.736212-05:00,41.9795741,-93.7260485,,,,,,,,,
2026-03-20 14:54:33.397564-05:00,41.9795743,-93.7254296,,,,,,,,,
2026-03-20 14:54:39.058939-05:00,41.9795731,-93.7249303,,,,,,,,,
2026-03-20 14:54:44.720166-05:00,41.9795741,-93.7242953,,,,,,,,,
2026-03-20 14:54:50.381423-05:00,41.9795725,-93.7232852,,,,,,,,,
2026-03-20 14:54:58.933455-05:00,41.9795694,-93.7227889,,,,,,,,,
2026-03-20 14:55:04.594394-05:00,41.9795685,-93.7221823,,,,,,,,,
2026-03-20 14:55:10.254651-05:00,41.9795679,-93.721565,,,,,,,,,
2026-03-20 14:55:15.916076-05:00,41.9795702,-93.7210432,,,,,,,,,
2026-03-20 14:55:21.577482-05:00,41.9795653,-93.7204398,,,,,,,,,
2026-03-20 14:55:27.238764-05:00,41.9795611,-93.7198343,,,,,,,,,
2026-03-20 14:55:32.900047-05:00,41.9795539,-93.7192984,,,,,,,,,
2026-03-20 14:55:38.561308-05:00,41.9795505,-93.718618,,,,,,,,,
2026-03-20 14:55:44.222609-05:00,41.9795462,-93.7180285,,,,,,,,,
2026-03-20 14:55:49.883905-05:00,41.9795482,-93.7179066,,,,,,,,,
2026-03-20 14:55:55.545492-05:00,41.9795392,-93.7169168,46.7,mid-band,00019C015,630720.0,-99.0,-1,-11,,
2026-03-20 14:56:06.891035-05:00,41.9795371,-93.7166228,24.9,mid-band,00019C015,630720.0,-95.0,0,-11,10.5,167.0
2026-03-20 14:56:09.474778-05:00,41.9795357,-93.716341,22.7,mid-band,00019C015,630720.0,-98.0,-6,-11,21.0,261.0
2026-03-20 14:56:12.056211-05:00,41.9795342,-93.7161682,27.8,mid-band,00019C015,630720.0,-102.0,-4,-11,21.0,262.0
2026-03-20 14:56:14.642910-05:00,41.9795349,-93.7159054,27.4,mid-band,00019C015,630720.0,-103.0,-4,-11,10.5,243.0
2026-03-20 14:56:17.229108-05:00,41.9795375,-93.7156254,17.1,mid-band,00019C015,630720.0,-103.0,-6,-11,10.5,213.0
2026-03-20 14:56:19.804499-05:00,41.9795373,-93.7154349,36.0,mid-band,00019C015,630720.0,-109.0,-7,-11,10.5,188.0
2026-03-20 14:56:22.399299-05:00,41.9795339,-93.7151517,12.6,mid-band,00019C015,630720.0,-105.0,-6,-11,,
2026-03-20 14:56:24.970654-05:00,41.9795296,-93.7149573,18.4,mid-band,00019C015,630720.0,-105.0,-4,-11,10.5,203.0
2026-03-20 14:56:27.547520-05:00,41.9795255,-93.7146544,29.8,mid-band,00019C015,630720.0,-104.0,-5,-11,10.5,192.0
2026-03-20 14:56:30.136159-05:00,41.9795212,-93.7143584,32.0,mid-band,00019C015,630720.0,-104.0,-3,-11,10.5,206.0
2026-03-20 14:56:32.726877-05:00,41.9795197,-93.714171,20.2,mid-band,00019C015,630720.0,-103.0,-2,-11,,
2026-03-20 14:56:35.305625-05:00,41.9795155,-93.7139074,19.8,mid-band,00019C015,630720.0,-104.0,-3,-11,10.5,202.0
2026-03-20 14:56:37.883433-05:00,41.9795131,-93.7137326,62.1,mid-band,00019C015,630720.0,-107.0,-6,-11,,
2026-03-20 14:56:40.504204-05:00,41.9795091,-93.7134607,39.4,mid-band,00019C015,630720.0,-112.0,-9,-11,,
2026-03-20 14:56:43.102227-05:00,41.9795025,-93.7131747,,,,,,,,10.5,93.4
2026-03-20 14:56:48.763719-05:00,41.979499,-93.7126819,,,,,,,,,
2026-03-20 14:56:54.424926-05:00,41.979492,-93.712114,,,,,,,,,
2026-03-20 14:57:00.086331-05:00,41.9794876,-93.7115735,,,,,,,,,
2026-03-20 14:57:05.747378-05:00,41.9794826,-93.7111424,421.0,mid-band,00019C015,630720.0,-109.0,-5,-11,,
2026-03-20 14:57:08.726828-05:00,41.9794782,-93.7104418,,mid-band,FFFFFFFFF,-1.0,-109.0,-5,-16,,
2026-03-20 14:57:18.386668-05:00,41.9794706,-93.7099795,,,,,,,,,
2026-03-20 14:57:24.047382-05:00,41.9794659,-93.7094668,,,,,,,,,
2026-03-20 14:57:29.708506-05:00,41.9794696,-93.7088157,,,,,,,,,
2026-03-20 14:57:35.369644-05:00,41.9794629,-93.7081741,,,,,,,,,
2026-03-20 14:57:41.029954-05:00,41.9794563,-93.7076239,,,,,,,,,
2026-03-20 14:57:46.691296-05:00,41.9794498,-93.7069566,8.67,mid-band,00019C015,630720.0,-90.0,2,-11,,
2026-03-20 14:57:49.258724-05:00,41.9794471,-93.7066327,16.1,mid-band,00019C015,630720.0,-96.0,-2,-12,,
2026-03-20 14:57:51.833758-05:00,41.9794454,-93.7064213,,,,,,,,,
2026-03-20 14:57:57.494710-05:00,41.9794352,-93.7057926,,,,,,,,,
2026-03-20 14:58:03.155372-05:00,41.9794297,-93.7051501,,mid-band,00019C015,630720.0,-78.0,13,-10,,
2026-03-20 14:58:08.816639-05:00,41.9794265,-93.7046103,19.2,mid-band,00019C015,630720.0,-81.0,9,-10,,
2026-03-20 14:58:11.394319-05:00,41.9794237,-93.7042819,17.4,mid-band,00019C015,630720.0,-81.0,8,-11,,
2026-03-20 14:58:13.970015-05:00,41.9794223,-93.7040549,14.3,mid-band,00019C015,630720.0,-80.0,8,-10,,
2026-03-20 14:58:16.542988-05:00,41.9794145,-93.7028857,32.2,mid-band,00019C015,630720.0,-82.0,12,-10,,
2026-03-20 14:58:26.670405-05:00,41.979415,-93.7025534,28.9,mid-band,00019C015,630720.0,-83.0,12,-10,94.4,234.0
2026-03-20 14:58:29.258491-05:00,41.9794114,-93.7022332,19.4,mid-band,00019C015,630720.0,-82.0,12,-10,94.4,235.0
2026-03-20 14:58:31.836932-05:00,41.9794092,-93.7020217,23.0,mid-band,00019C015,630720.0,-82.0,9,-11,94.4,231.0
2026-03-20 14:58:34.419176-05:00,41.9794046,-93.7016988,21.6,mid-band,00019C015,630720.0,-83.0,5,-11,83.9,236.0
2026-03-20 14:58:36.999444-05:00,41.9794001,-93.7014768,29.3,mid-band,00019C015,630720.0,-81.0,4,-11,94.4,238.0
2026-03-20 14:58:39.587763-05:00,41.9793967,-93.7011381,25.9,mid-band,00019C015,630720.0,-81.0,5,-11,105.0,231.0
2026-03-20 14:58:42.172717-05:00,41.9793949,-93.7008007,27.0,mid-band,00019C015,630720.0,-80.0,6,-11,94.4,215.0
2026-03-20 14:58:44.758813-05:00,41.9793933,-93.7005753,18.7,mid-band,00019C015,630720.0,-81.0,8,-10,94.4,215.0
2026-03-20 14:58:47.336541-05:00,41.97939,-93.7002403,23.3,mid-band,00019C015,630720.0,-81.0,8,-10,94.4,214.0
2026-03-20 14:58:49.918646-05:00,41.9793885,-93.7000265,22.4,mid-band,00019C015,630720.0,-82.0,10,-10,105.0,236.0
2026-03-20 14:58:52.500073-05:00,41.9793906,-93.6997145,21.5,mid-band,00019C015,630720.0,-84.0,6,-11,94.4,233.0
2026-03-20 14:58:55.080642-05:00,41.9793912,-93.6994084,22.1,mid-band,00019C015,630720.0,-84.0,2,-11,83.9,222.0
2026-03-20 14:58:57.661841-05:00,41.9793895,-93.6992056,23.2,mid-band,00019C015,630720.0,-86.0,3,-11,52.4,252.0
2026-03-20 14:59:00.243437-05:00,41.9793842,-93.6989156,21.9,mid-band,00019C015,630720.0,-84.0,-1,-11,52.4,266.0
2026-03-20 14:59:02.823438-05:00,41.9793812,-93.6987201,23.4,mid-band,00019C015,630720.0,-82.0,-1,-11,62.9,244.0
2026-03-20 14:59:05.405993-05:00,41.9793759,-93.6984259,26.9,mid-band,00019C015,630720.0,-88.0,-6,-11,62.9,270.0
2026-03-20 14:59:07.991407-05:00,41.979376,-93.6982296,22.4,mid-band,00019C015,630720.0,-100.0,-4,-11,10.5,191.0
2026-03-20 14:59:10.572735-05:00,41.9793775,-93.6979271,,mid-band,FFFFFFFFF,-1.0,-140.0,-,-,10.5,73.4
2026-03-20 14:59:15.182734-05:00,41.9793751,-93.697443,,mid-band,00019C015,630720.0,-106.0,-6,-12,,
2026-03-20 14:59:18.741852-05:00,41.9793714,-93.6971475,18.2,mid-band,00019C015,630720.0,-103.0,-2,-11,10.5,130.0
2026-03-20 14:59:21.318943-05:00,41.9793685,-93.6968419,9.12,mid-band,00019C015,630720.0,-101.0,-3,-11,21.0,194.0
2026-03-20 14:59:23.886966-05:00,41.9793663,-93.6966398,,mid-band,00019C015,630720.0,-94.0,7,-10,10.5,115.0
2026-03-20 14:59:28.497025-05:00,41.9793569,-93.6956624,46.9,mid-band,00019C015,630720.0,-106.0,-6,-11,10.5,83.7
2026-03-20 14:59:36.389918-05:00,41.9793548,-93.6953421,90.0,mid-band,00019C015,630720.0,-107.0,-2,-11,,
2026-03-20 14:59:39.038372-05:00,41.9793547,-93.6951198,,,,,,,,,
2026-03-20 14:59:44.699624-05:00,41.9793554,-93.6944311,,,,,,,,,
2026-03-20 14:59:50.360925-05:00,41.9793527,-93.6937534,,,,,,,,,
2026-03-20 14:59:56.022466-05:00,41.9793489,-93.6931702,,,,,,,,,
2026-03-20 15:00:01.683833-05:00,41.9793521,-93.6925005,,,,,,,,,
2026-03-20 15:00:07.345075-05:00,41.9793515,-93.6918415,,mid-band,00019C015,630720.0,-96.0,-3,-11,,
2026-03-20 15:00:13.006412-05:00,41.9793465,-93.6912956,28.2,mid-band,00019C015,630720.0,-100.0,-5,-11,,
2026-03-20 15:00:15.593474-05:00,41.9793476,-93.6909723,8.42,mid-band,00019C015,630720.0,-99.0,-8,-12,,
2026-03-20 15:00:18.160659-05:00,41.9793496,-93.6906432,8.47,mid-band,00019C015,630720.0,-91.0,-2,-11,,
2026-03-20 15:00:20.727378-05:00,41.9793504,-93.6904156,16.6,mid-band,00019C015,630720.0,-86.0,-3,-11,,
2026-03-20 15:00:23.302601-05:00,41.9793514,-93.6900878,29.4,mid-band,00019C015,630720.0,-85.0,-1,-11,19.2,305.0
2026-03-20 15:00:25.891005-05:00,41.979352,-93.6898754,22.5,mid-band,00019C015,630720.0,-90.0,-1,-11,23.3,304.0
2026-03-20 15:00:28.471425-05:00,41.979353,-93.6895512,17.4,mid-band,00019C015,630720.0,-86.0,1,-11,31.1,206.0
2026-03-20 15:00:31.047431-05:00,41.9793521,-93.6893271,24.5,mid-band,00019C015,630720.0,-85.0,2,-11,53.3,275.0
2026-03-20 15:00:33.630764-05:00,41.9793537,-93.6889851,16.3,mid-band,00019C015,630720.0,-87.0,3,-11,49.2,239.0
2026-03-20 15:00:36.205973-05:00,41.9793607,-93.6878865,19.5,mid-band,00019C015,630720.0,-86.0,10,-10,54.4,260.0
2026-03-20 15:00:46.864106-05:00,41.9793624,-93.6875733,33.4,mid-band,00019C015,630720.0,-84.0,12,-10,62.9,237.0
2026-03-20 15:00:49.456065-05:00,41.9793624,-93.6872471,44.5,mid-band,00019C015,630720.0,-87.0,6,-10,62.9,254.0
2026-03-20 15:00:52.059454-05:00,41.9793609,-93.6870194,13.7,mid-band,00019C015,630720.0,-87.0,7,-10,62.9,274.0
2026-03-20 15:00:54.632203-05:00,41.9793599,-93.6866755,23.5,mid-band,00019C015,630720.0,-94.0,1,-11,31.5,260.0
2026-03-20 15:00:57.214801-05:00,41.9793609,-93.6863398,23.2,mid-band,00019C015,630720.0,-90.0,2,-11,21.0,170.0
2026-03-20 15:00:59.796851-05:00,41.9793626,-93.6861236,40.5,mid-band,00019C015,630720.0,-89.0,2,-11,52.4,270.0
2026-03-20 15:01:02.396392-05:00,41.9793659,-93.6858063,30.7,mid-band,00019C015,630720.0,-97.0,-1,-11,41.9,222.0
2026-03-20 15:01:04.986102-05:00,41.9793678,-93.6855998,,,,,,,,10.5,72.3
2026-03-20 15:01:10.647243-05:00,41.979364,-93.6849997,,,,,,,,,
2026-03-20 15:01:16.308552-05:00,41.9793617,-93.6843716,,mid-band,00019C015,630720.0,-85.0,1,-11,,
2026-03-20 15:01:20.918502-05:00,41.979359,-93.6839453,16.3,mid-band,00019C015,630720.0,-87.0,0,-11,,
2026-03-20 15:01:23.493523-05:00,41.9793556,-93.6836315,24.4,mid-band,00019C015,630720.0,-87.0,2,-11,,
2026-03-20 15:01:26.076291-05:00,41.979356,-93.6833249,23.5,mid-band,00019C015,630720.0,-87.0,5,-10,,
2026-03-20 15:01:28.658742-05:00,41.9793581,-93.6831275,21.6,mid-band,00019C015,630720.0,-83.0,8,-10,,
2026-03-20 15:01:31.239101-05:00,41.9793572,-93.6828459,23.1,mid-band,00019C015,630720.0,-80.0,6,-10,21.0,271.0
2026-03-20 15:01:33.821005-05:00,41.979358,-93.6826584,19.6,mid-band,00019C015,630720.0,-81.0,7,-10,,
2026-03-20 15:01:36.399563-05:00,41.9793577,-93.6823734,106.0,mid-band,00019C015,630720.0,-85.0,1,-11,14.5,312.0
2026-03-20 15:01:39.064583-05:00,41.9793569,-93.6821805,31.2,mid-band,00019C015,630720.0,-84.0,2,-11,16.6,149.0
2026-03-20 15:01:41.654688-05:00,41.9793586,-93.681883,25.7,mid-band,00019C015,630720.0,-89.0,-2,-11,31.6,214.0
2026-03-20 15:01:44.239285-05:00,41.9793616,-93.6815773,24.4,mid-band,00019C015,630720.0,-87.0,-2,-11,32.6,215.0
2026-03-20 15:01:46.822633-05:00,41.9793624,-93.6806398,56.7,mid-band,00019C015,630720.0,-86.0,0,-11,41.4,239.0
2026-03-20 15:01:56.904523-05:00,41.9793611,-93.6803154,34.7,mid-band,00019C015,630720.0,-90.0,-1,-11,41.4,242.0
2026-03-20 15:01:59.497996-05:00,41.9793647,-93.6799942,30.7,mid-band,00019C015,630720.0,-89.0,-1,-11,41.4,256.0
2026-03-20 15:02:02.087592-05:00,41.9793644,-93.6796782,60.1,mid-band,00019C015,630720.0,-91.0,-4,-11,16.6,171.0
2026-03-20 15:02:04.706391-05:00,41.9793603,-93.6794689,741.0,mid-band,00019C015,630720.0,-101.0,-6,-11,8.28,102.0
2026-03-20 15:02:08.006721-05:00,41.9793569,-93.6791421,28.2,mid-band,00019C015,630720.0,-98.0,-5,-11,,
2026-03-20 15:02:10.593587-05:00,41.9793568,-93.6788196,21.4,mid-band,00019C015,630720.0,-103.0,-5,-11,8.28,100.0
2026-03-20 15:02:13.173793-05:00,41.9793538,-93.6785259,35.1,mid-band,00019C015,630720.0,-99.0,-4,-11,8.28,162.0
2026-03-20 15:02:15.767783-05:00,41.9793492,-93.6783749,25.0,mid-band,00019C015,630720.0,-100.0,-4,-11,8.28,148.0
2026-03-20 15:02:18.351406-05:00,41.9793494,-93.6782966,29.2,mid-band,00019C015,630720.0,-101.0,-3,-11,8.28,162.0
2026-03-20 15:02:20.939443-05:00,41.9793515,-93.6782909,48.2,mid-band,00019C015,630720.0,-103.0,-7,-11,8.28,165.0
2026-03-20 15:02:23.546492-05:00,41.9793554,-93.678224,73.1,mid-band,00019C015,630720.0,-106.0,-7,-11,8.28,123.0
2026-03-20 15:02:26.178490-05:00,41.9794342,-93.6781094,,mid-band,FFFFFFFFF,-1.0,-140.0,-,-,,
2026-03-20 15:02:29.737339-05:00,41.9796266,-93.6780814,,,,,,,,,
2026-03-20 15:02:35.398646-05:00,41.9801657,-93.6780826,,,,,,,,,
2026-03-20 15:02:41.059565-05:00,41.9806497,-93.6780862,,,,,,,,,
2026-03-20 15:02:46.720876-05:00,41.981274,-93.6781002,,,,,,,,,
2026-03-20 15:02:52.382109-05:00,41.9819447,-93.6781239,,,,,,,,,
2026-03-20 15:02:58.043274-05:00,41.983272,-93.6781598,,mid-band,00019C015,630720.0,-87.0,4,-11,,
2026-03-20 15:03:09.448827-05:00,41.9840413,-93.678185,26.5,mid-band,00019C015,630720.0,-87.0,6,-11,,
2026-03-20 15:03:12.034096-05:00,41.9843045,-93.6781961,20.7,mid-band,00019C015,630720.0,-86.0,6,-11,,
2026-03-20 15:03:14.613446-05:00,41.9847005,-93.6782076,20.5,mid-band,00019C015,630720.0,-88.0,5,-11,,
2026-03-20 15:03:17.191562-05:00,41.9851,-93.6782216,23.7,mid-band,00019C015,630720.0,-84.0,6,-11,,
2026-03-20 15:03:19.774015-05:00,41.9853679,-93.6782309,25.9,mid-band,00019C015,630720.0,-85.0,4,-11,,
2026-03-20 15:03:22.358709-05:00,41.9857676,-93.6782449,22.1,mid-band,00019C015,630720.0,-89.0,5,-10,,
2026-03-20 15:03:24.939437-05:00,41.9860296,-93.6782512,27.6,mid-band,00019C015,630720.0,-87.0,6,-10,49.7,285.0
2026-03-20 15:03:27.526080-05:00,41.986422,-93.6782677,16.7,mid-band,00019C015,630720.0,-91.0,3,-11,21.0,196.0
2026-03-20 15:03:30.101666-05:00,41.9868221,-93.678281,16.9,mid-band,00019C015,630720.0,-89.0,2,-11,31.5,289.0
2026-03-20 15:03:32.677545-05:00,41.9870917,-93.6782869,11.5,mid-band,00019C015,630720.0,-94.0,3,-11,31.5,274.0
2026-03-20 15:03:35.247917-05:00,41.9874955,-93.6783036,18.2,mid-band,00019C015,630720.0,-95.0,2,-11,31.5,244.0
2026-03-20 15:03:37.825031-05:00,41.9877619,-93.678313,25.7,mid-band,00019C015,630720.0,-98.0,-2,-11,10.5,246.0
2026-03-20 15:03:40.409775-05:00,41.9881468,-93.6783254,24.8,mid-band,00019C015,630720.0,-98.0,-4,-11,10.5,239.0
2026-03-20 15:03:42.993580-05:00,41.9883842,-93.67833,,,,,,,,10.5,216.0
2026-03-20 15:03:48.654983-05:00,41.9888764,-93.6783071,11.6,mid-band,00019C015,630720.0,-99.0,-3,-11,,
2026-03-20 15:03:51.225497-05:00,41.9889223,-93.6783072,16.4,mid-band,00019C015,630720.0,-98.0,-1,-11,10.5,137.0
2026-03-20 15:03:53.800860-05:00,41.9889215,-93.6783064,13.1,mid-band,00019C015,630720.0,-99.0,-1,-11,10.5,155.0
2026-03-20 15:03:56.372339-05:00,41.9889204,-93.6783046,18.5,mid-band,00019C015,630720.0,-97.0,-1,-11,21.0,162.0
2026-03-20 15:03:58.949634-05:00,41.9889193,-93.6783034,18.5,mid-band,00019C015,630720.0,-97.0,-2,-11,10.5,182.0
2026-03-20 15:04:01.527028-05:00,41.9889196,-93.6783021,23.9,mid-band,00019C015,630720.0,-98.0,-1,-11,21.0,194.0
2026-03-20 15:04:04.109893-05:00,41.9889199,-93.6783011,58.3,mid-band,00019C015,630720.0,-98.0,-1,-11,21.0,197.0
2026-03-20 15:04:06.727016-05:00,41.9889222,-93.6782986,37.8,mid-band,00019C015,630720.0,-96.0,-2,-11,10.5,153.0
2026-03-20 15:04:16.887224-05:00,41.9889231,-93.6782986,39.2,mid-band,00019C015,630720.0,-98.0,-1,-11,10.5,233.0
2026-03-20 15:04:19.485432-05:00,41.9889245,-93.6782987,38.1,mid-band,00019C015,630720.0,-97.0,-1,-11,21.0,218.0
2026-03-20 15:04:22.082361-05:00,41.9889253,-93.6782986,48.8,mid-band,00019C015,630720.0,-97.0,-2,-11,10.5,246.0
2026-03-20 15:04:24.689528-05:00,41.9889255,-93.6782985,37.6,mid-band,00019C015,630720.0,-98.0,-2,-11,21.0,228.0
2026-03-20 15:04:27.286130-05:00,41.9889238,-93.6782971,37.8,mid-band,00019C015,630720.0,-98.0,-1,-11,10.5,231.0
2026-03-20 15:04:29.882897-05:00,41.9889239,-93.6782964,47.8,mid-band,00019C015,630720.0,-97.0,-1,-11,10.5,238.0
2026-03-20 15:04:32.489691-05:00,41.9889221,-93.6782954,59.2,mid-band,00019C015,630720.0,-98.0,-1,-11,10.5,253.0
2026-03-20 15:04:35.107716-05:00,41.9889224,-93.6782943,51.1,mid-band,00019C015,630720.0,-97.0,0,-11,21.0,185.0
2026-03-20 15:04:37.717747-05:00,41.9889222,-93.6782939,44.2,mid-band,00019C015,630720.0,-98.0,-1,-11,10.5,233.0
2026-03-20 15:04:40.320877-05:00,41.9889233,-93.678294,50.0,mid-band,00019C015,630720.0,-97.0,-2,-11,10.5,180.0
2026-03-20 15:04:42.929927-05:00,41.9889241,-93.6782953,55.8,mid-band,00019C015,630720.0,-97.0,-1,-11,20.9,223.0
2026-03-20 15:04:45.544540-05:00,41.9889233,-93.6782957,69.5,mid-band,00019C015,630720.0,-97.0,-1,-11,10.5,246.0
2026-03-20 15:04:48.172923-05:00,41.9889239,-93.6782973,91.9,mid-band,00019C015,630720.0,-97.0,-1,-11,21.0,225.0
2026-03-20 15:04:50.823779-05:00,41.9889244,-93.6782991,57.6,mid-band,00019C015,630720.0,-97.0,-1,-11,10.5,244.0
2026-03-20 15:04:53.439430-05:00,41.9889238,-93.6783012,53.2,mid-band,00019C015,630720.0,-98.0,-1,-11,10.5,229.0
2026-03-20 15:04:56.051427-05:00,41.9889228,-93.6783011,48.5,mid-band,00019C015,630720.0,-97.0,-2,-11,10.4,248.0
2026-03-20 15:04:58.658873-05:00,41.9889212,-93.6782998,28.7,mid-band,00019C015,630720.0,-98.0,-1,-11,10.5,180.0
2026-03-20 15:05:01.246505-05:00,41.9889215,-93.6782997,24.2,mid-band,00019C015,630720.0,-98.0,-1,-11,21.0,237.0
2026-03-20 15:05:03.829780-05:00,41.9889208,-93.678299,19.6,mid-band,00019C015,630720.0,-98.0,0,-11,10.5,224.0
2026-03-20 15:05:06.408302-05:00,41.9889176,-93.6782969,28.2,mid-band,00019C015,630720.0,-97.0,-1,-11,20.9,202.0
2026-03-20 15:05:08.995413-05:00,41.9889162,-93.6782957,33.1,mid-band,00019C015,630720.0,-97.0,-1,-11,10.4,235.0
2026-03-20 15:05:11.587478-05:00,41.988916,-93.6782957,26.6,mid-band,00019C015,630720.0,-97.0,0,-11,21.0,245.0
2026-03-20 15:05:14.172944-05:00,41.9889149,-93.6782954,22.0,mid-band,00019C015,630720.0,-99.0,-2,-12,10.5,195.0
2026-03-20 15:05:16.753893-05:00,41.9889122,-93.6782966,34.0,mid-band,00019C015,630720.0,-97.0,-1,-11,10.5,230.0
2026-03-20 15:05:26.884325-05:00,41.9889125,-93.6782989,35.2,mid-band,00019C015,630720.0,-97.0,-1,-11,10.5,208.0
2026-03-20 15:05:29.478403-05:00,41.9889138,-93.6783008,71.6,mid-band,00019C015,630720.0,-97.0,-1,-11,10.5,226.0
2026-03-20 15:05:32.109186-05:00,41.9889145,-93.6783011,42.7,mid-band,00019C015,630720.0,-98.0,-1,-11,10.5,158.0
2026-03-20 15:05:34.710792-05:00,41.9889154,-93.678301,62.7,mid-band,00019C015,630720.0,-98.0,-1,-11,21.0,247.0
2026-03-20 15:05:37.332530-05:00,41.9889166,-93.6782998,84.9,mid-band,00019C015,630720.0,-97.0,-1,-11,21.0,242.0
2026-03-20 15:05:39.976434-05:00,41.9889173,-93.6782989,96.4,mid-band,00019C015,630720.0,-97.0,-2,-11,21.0,247.0
2026-03-20 15:05:42.631721-05:00,41.9889175,-93.678298,26.3,mid-band,00019C015,630720.0,-98.0,-2,-11,10.5,243.0
2026-03-20 15:05:45.216829-05:00,41.9889201,-93.6783,30.8,mid-band,00019C015,630720.0,-98.0,-2,-11,10.5,218.0
2026-03-20 15:05:47.806519-05:00,41.9889221,-93.678301,52.5,mid-band,00019C015,630720.0,-97.0,0,-11,10.5,187.0
2026-03-20 15:05:50.417972-05:00,41.9889236,-93.6783,30.6,mid-band,00019C015,630720.0,-97.0,-1,-11,10.5,175.0
2026-03-20 15:05:53.007581-05:00,41.9889222,-93.6782987,40.6,mid-band,00019C015,630720.0,-97.0,-2,-11,21.0,208.0
2026-03-20 15:05:55.607290-05:00,41.9889218,-93.6783001,43.4,mid-band,00019C015,630720.0,-97.0,-2,-11,10.5,218.0
2026-03-20 15:05:58.209509-05:00,41.9889215,-93.6783011,54.2,mid-band,00019C015,630720.0,-97.0,-2,-11,21.0,224.0
2026-03-20 15:06:00.822275-05:00,41.9889223,-93.6783017,66.4,mid-band,00019C015,630720.0,-97.0,-1,-11,10.5,251.0
2026-03-20 15:06:03.447602-05:00,41.9889255,-93.6783055,158.0,mid-band,00019C015,630720.0,-97.0,-1,-11,10.5,236.0
2026-03-20 15:06:06.164414-05:00,41.9889273,-93.6783081,45.1,mid-band,00019C015,630720.0,-98.0,-1,-11,10.5,162.0
2026-03-20 15:06:08.768519-05:00,41.9889296,-93.6783101,50.1,mid-band,00019C015,630720.0,-98.0,-1,-11,21.0,239.0
2026-03-20 15:06:11.377996-05:00,41.9889336,-93.678311,55.1,mid-band,00019C015,630720.0,-97.0,-1,-11,21.0,248.0
2026-03-20 15:06:13.992143-05:00,41.9889357,-93.6783125,43.0,mid-band,00019C015,630720.0,-97.0,-1,-11,21.0,246.0
2026-03-20 15:06:16.594158-05:00,41.9889361,-93.6783142,50.9,mid-band,00019C015,630720.0,-99.0,-1,-11,10.5,245.0
2026-03-20 15:06:19.203945-05:00,41.9889378,-93.6783164,64.6,mid-band,00019C015,630720.0,-97.0,-1,-11,10.5,237.0
2026-03-20 15:06:21.827466-05:00,41.9889387,-93.6783153,38.0,mid-band,00019C015,630720.0,-98.0,-1,-11,10.5,221.0
2026-03-20 15:06:24.424426-05:00,41.9889408,-93.6783163,67.9,mid-band,00019C015,630720.0,-98.0,-1,-11,10.5,195.0
2026-03-20 15:06:27.051333-05:00,41.9889475,-93.6783224,68.8,mid-band,00019C015,630720.0,-99.0,-1,-11,10.5,216.0
2026-03-20 15:06:36.914978-05:00,41.9889473,-93.6783245,74.5,mid-band,00019C015,630720.0,-96.0,-1,-11,21.0,242.0
2026-03-20 15:06:39.548521-05:00,41.9889476,-93.6783241,20.6,mid-band,00019C015,630720.0,-97.0,-1,-11,10.5,142.0
2026-03-20 15:06:42.128132-05:00,41.9889444,-93.6783229,27.4,mid-band,00019C015,630720.0,-97.0,-1,-11,21.0,218.0
2026-03-20 15:06:44.714458-05:00,41.9889393,-93.6783228,26.8,mid-band,00019C015,630720.0,-98.0,-3,-11,10.5,220.0
2026-03-20 15:06:47.300169-05:00,41.988956,-93.6783232,30.7,mid-band,00019C015,630720.0,-95.0,-1,-11,10.5,242.0
2026-03-20 15:06:49.889832-05:00,41.9890134,-93.678335,25.4,mid-band,00019C015,630720.0,-100.0,-2,-11,31.5,266.0
2026-03-20 15:06:52.474278-05:00,41.9891501,-93.6783528,32.8,mid-band,00019C015,630720.0,-107.0,-3,-11,21.0,268.0
2026-03-20 15:06:55.065509-05:00,41.9892494,-93.6783588,,mid-band,0001A0015,630720.0,-105.0,-2,-11,,
2026-03-20 15:06:59.674699-05:00,41.9895788,-93.6783719,13.7,mid-band,0001A0015,630720.0,-96.0,6,-10,,
2026-03-20 15:07:02.247121-05:00,41.9898176,-93.678385,17.3,mid-band,0001A0015,630720.0,-100.0,-1,-11,10.5,234.0
2026-03-20 15:07:04.823314-05:00,41.989986,-93.678391,39.5,mid-band,0001A0015,630720.0,-100.0,1,-11,10.5,249.0
2026-03-20 15:07:07.421680-05:00,41.9902476,-93.6783977,23.7,mid-band,0001A0015,630720.0,-112.0,-12,-12,,
2026-03-20 15:07:10.004079-05:00,41.9904218,-93.6784035,,,,,,,,,
2026-03-20 15:07:15.665351-05:00,41.9909525,-93.6784106,,,,,,,,,
2026-03-20 15:07:21.326360-05:00,41.9914891,-93.678426,,,,,,,,,
2026-03-20 15:07:26.987717-05:00,41.9919406,-93.6784433,,,,,,,,,
2026-03-20 15:07:32.648986-05:00,41.9924851,-93.6784603,,,,,,,,,
2026-03-20 15:07:38.310281-05:00,41.9934809,-93.6784905,,,,,,,,,
2026-03-20 15:07:49.451322-05:00,41.9938535,-93.6785235,,,,,,,,,
2026-03-20 15:07:55.112978-05:00,41.9939437,-93.6788399,,,,,,,,,
2026-03-20 15:08:00.774453-05:00,41.9939461,-93.6790776,,,,,,,,,
2026-03-20 15:08:06.435900-05:00,41.993939,-93.6793797,,,,,,,,,
2026-03-20 15:08:12.097305-05:00,41.9939362,-93.6798104,,,,,,,,,
2026-03-20 15:08:17.758698-05:00,41.9939399,-93.6802487,,,,,,,,,
2026-03-20 15:08:23.419390-05:00,41.9939383,-93.6809018,,,,,,,,,
2026-03-20 15:08:29.080760-05:00,41.9939367,-93.6817323,45.8,mid-band,00019401F,630720.0,-94.0,0,-11,,
2026-03-20 15:08:31.684766-05:00,41.9939362,-93.6820403,14.2,mid-band,00019401F,630720.0,-96.0,0,-11,,
2026-03-20 15:08:34.257773-05:00,41.9939349,-93.6825278,10.8,mid-band,00019401F,630720.0,-96.0,0,-11,10.5,126.0
2026-03-20 15:08:36.827471-05:00,41.9939342,-93.6828671,7.48,mid-band,00019401F,630720.0,-102.0,-4,-11,,
2026-03-20 15:08:39.393880-05:00,41.9939338,-93.6833888,31.7,mid-band,00019401F,630720.0,-96.0,0,-11,2.07,111.0
2026-03-20 15:08:41.984464-05:00,41.9939351,-93.6837466,5.57,mid-band,00019401F,630720.0,-98.0,1,-11,3.11,234.0
2026-03-20 15:08:44.548832-05:00,41.9939343,-93.6842862,34.9,mid-band,00019401F,630720.0,-99.0,0,-11,6.21,221.0
2026-03-20 15:08:47.142647-05:00,41.9939236,-93.6859424,45.3,mid-band,00019401F,630720.0,-98.0,-3,-11,3.11,133.0
2026-03-20 15:08:56.392089-05:00,41.9939181,-93.6865196,40.2,mid-band,00019401F,630720.0,-101.0,-5,-11,2.59,150.0
2026-03-20 15:08:58.991384-05:00,41.9939148,-93.6869126,,,,,,,,,
2026-03-20 15:09:04.652650-05:00,41.9939099,-93.6881375,,,,,,,,,
2026-03-20 15:09:10.313948-05:00,41.9939051,-93.6893574,,,,,,,,,
2026-03-20 15:09:15.975236-05:00,41.9939086,-93.6900281,,,,,,,,,
2026-03-20 15:09:21.636503-05:00,41.9938475,-93.6904616,,,,,,,,,
2026-03-20 15:09:27.297800-05:00,41.9935177,-93.6905153,,mid-band,00019C015,630720.0,-95.0,-6,-11,,
2026-03-20 15:09:30.856524-05:00,41.9933017,-93.6905181,16.4,mid-band,00019C015,630720.0,-86.0,0,-11,,
2026-03-20 15:09:33.431686-05:00,41.9930613,-93.6905161,21.3,mid-band,00019C015,630720.0,-87.0,-2,-11,,
2026-03-20 15:09:36.011403-05:00,41.9928901,-93.6905161,14.5,mid-band,00019C015,630720.0,-93.0,-1,-11,2.59,266.0
2026-03-20 15:09:38.584668-05:00,41.9926223,-93.6905147,14.0,mid-band,00019C015,630720.0,-98.0,-1,-11,15.5,276.0
2026-03-20 15:09:41.157108-05:00,41.9923732,-93.6905143,32.2,mid-band,00019C015,630720.0,-102.0,-6,-12,5.18,149.0
2026-03-20 15:09:43.748153-05:00,41.9922299,-93.690515,20.2,mid-band,00019C015,630720.0,-82.0,4,-11,23.3,279.0
2026-03-20 15:09:46.327206-05:00,41.9920065,-93.6905135,19.4,mid-band,00019C015,630720.0,-83.0,5,-11,29.5,230.0
2026-03-20 15:09:48.905363-05:00,41.9918517,-93.6905107,26.8,mid-band,00019C015,630720.0,-83.0,0,-11,54.4,227.0
2026-03-20 15:09:51.490888-05:00,41.9916189,-93.6905108,23.0,mid-band,00019C015,630720.0,-87.0,-3,-11,51.8,235.0
2026-03-20 15:09:54.072749-05:00,41.9913891,-93.6905117,19.0,mid-band,00019C015,630720.0,-82.0,-1,-11,24.8,200.0
2026-03-20 15:09:56.650696-05:00,41.9907018,-93.6904996,23.2,mid-band,00019C015,630720.0,-81.0,1,-11,9.32,152.0
2026-03-20 15:10:06.867490-05:00,41.9904802,-93.6904938,22.6,mid-band,00019C015,630720.0,-82.0,3,-11,65.2,253.0
2026-03-20 15:10:09.449050-05:00,41.9902574,-93.6904881,18.1,mid-band,00019C015,630720.0,-89.0,0,-11,55.9,273.0
2026-03-20 15:10:12.026106-05:00,41.9901016,-93.690485,20.7,mid-band,00019C015,630720.0,-89.0,1,-11,21.0,285.0
2026-03-20 15:10:14.605715-05:00,41.9898577,-93.6904834,38.3,mid-band,00019C015,630720.0,-93.0,0,-11,21.0,214.0
2026-03-20 15:10:17.202963-05:00,41.9896092,-93.6904885,17.0,mid-band,00019C015,630720.0,-92.0,-1,-11,10.5,163.0
2026-03-20 15:10:19.778744-05:00,41.9894453,-93.6904926,339.0,mid-band,00019C015,630720.0,-92.0,-2,-11,10.5,204.0
2026-03-20 15:10:22.676670-05:00,41.9892299,-93.690493,87.7,mid-band,00019C015,630720.0,-92.0,-1,-11,10.5,245.0
2026-03-20 15:10:25.323190-05:00,41.9890722,-93.6904941,,mid-band,00019C015,630720.0,-95.0,0,-11,10.5,205.0
2026-03-20 15:10:28.882092-05:00,41.9889097,-93.6904939,153.0,mid-band,00019C015,630720.0,-91.0,0,-11,10.5,183.0
2026-03-20 15:10:31.593545-05:00,41.9887214,-93.6904915,27.0,mid-band,00019C015,630720.0,-82.0,4,-11,21.0,300.0
2026-03-20 15:10:34.179523-05:00,41.988518,-93.6904863,21.6,mid-band,00019C015,630720.0,-85.0,4,-11,31.5,293.0
2026-03-20 15:10:36.759439-05:00,41.9883731,-93.6904871,44.1,mid-band,00019C015,630720.0,-90.0,-3,-11,21.0,257.0
2026-03-20 15:10:39.362398-05:00,41.988155,-93.6904928,28.7,mid-band,00019C015,630720.0,-95.0,-2,-11,10.5,109.0
2026-03-20 15:10:41.949945-05:00,41.9880216,-93.6904969,96.5,mid-band,00019C015,630720.0,-94.0,-1,-11,10.5,212.0
2026-03-20 15:10:44.604606-05:00,41.9878325,-93.6904976,,,,,,,,10.5,170.0
2026-03-20 15:10:50.266072-05:00,41.9874848,-93.6904897,,,,,,,,,
2026-03-20 15:10:55.926689-05:00,41.9872141,-93.6904668,,,,,,,,,
2026-03-20 15:11:01.587943-05:00,41.9869469,-93.6904596,,,,,,,,,
2026-03-20 15:11:07.249191-05:00,41.9862344,-93.6904533,,,,,,,,,
2026-03-20 15:11:19.948769-05:00,41.9859197,-93.6904477,,,,,,,,,
2026-03-20 15:11:25.610041-05:00,41.9856132,-93.6904521,,,,,,,,,
2026-03-20 15:11:31.271307-05:00,41.985238,-93.6904467,,mid-band,00019C015,630720.0,-94.0,-3,-12,,
2026-03-20 15:11:35.881213-05:00,41.9849695,-93.6904457,,mid-band,00019C015,630720.0,-90.0,6,-11,,
2026-03-20 15:11:41.542006-05:00,41.9845713,-93.6904456,16.4,mid-band,00019C015,630720.0,-91.0,0,-12,,
2026-03-20 15:11:44.117084-05:00,41.9843741,-93.6904378,47.5,mid-band,00019C015,630720.0,-91.0,-4,-12,,
2026-03-20 15:11:46.723279-05:00,41.9842376,-93.6904338,26.1,mid-band,00019C015,630720.0,-84.0,-2,-11,13.6,49.9
2026-03-20 15:11:49.308128-05:00,41.9840231,-93.6904283,42.7,mid-band,00019C015,630720.0,-87.0,0,-12,12.4,253.0
2026-03-20 15:11:51.909802-05:00,41.9838756,-93.6904261,40.3,mid-band,00019C015,630720.0,-85.0,5,-11,19.2,298.0
2026-03-20 15:11:54.509057-05:00,41.9836474,-93.690425,49.0,mid-band,00019C015,630720.0,-85.0,0,-11,40.4,275.0
2026-03-20 15:11:57.117003-05:00,41.9834223,-93.6904186,22.5,mid-band,00019C015,630720.0,-78.0,0,-11,28.5,232.0
2026-03-20 15:11:59.698447-05:00,41.9832715,-93.6904162,16.7,mid-band,00019C015,630720.0,-81.0,2,-11,53.3,249.0
2026-03-20 15:12:02.273886-05:00,41.9830448,-93.6904179,31.2,mid-band,00019C015,630720.0,-82.0,0,-11,41.9,228.0
2026-03-20 15:12:04.864034-05:00,41.9829703,-93.6904187,44.7,mid-band,00019C015,630720.0,-87.0,-2,-11,31.5,238.0
2026-03-20 15:13:05.181316-05:00,41.9795037,-93.6902986,21.3,mid-band,00019C015,630720.0,-98.0,-4,-11,10.5,194.0
2026-03-20 15:13:16.873639-05:00,41.9794262,-93.6903199,,mid-band,0001A0015,630720.0,-44.0,3,-3,21.0,191.0
2026-03-20 15:13:21.483819-05:00,41.9793851,-93.6904465,16.1,mid-band,0001A0015,630720.0,-94.0,-2,-11,10.5,158.0
2026-03-20 15:13:24.058766-05:00,41.9793899,-93.6905519,17.8,mid-band,0001A0015,630720.0,-97.0,-2,-11,21.0,207.0
2026-03-20 15:13:26.635412-05:00,41.9793952,-93.6907861,17.6,mid-band,0001A0015,630720.0,-94.0,0,-11,10.5,177.0
2026-03-20 15:13:29.211799-05:00,41.9793976,-93.6911129,17.4,mid-band,0001A0015,630720.0,-94.0,-4,-11,21.0,259.0
2026-03-20 15:13:31.787803-05:00,41.9793992,-93.6913634,17.3,mid-band,0001A0015,630720.0,-91.0,-3,-11,41.9,263.0
2026-03-20 15:13:34.364029-05:00,41.9793986,-93.6917627,62.5,mid-band,0001A0015,630720.0,-102.0,-5,-11,31.5,268.0
2026-03-20 15:13:36.985374-05:00,41.9794,-93.6920404,,,,,,,,10.5,212.0
2026-03-20 15:13:42.646709-05:00,41.9794094,-93.6929849,,,,,,,,,
2026-03-20 15:13:48.308090-05:00,41.9794139,-93.6941276,,mid-band,FFFFFFFFF,-1.0,-102.0,0,-15,,
2026-03-20 15:13:51.866920-05:00,41.9794056,-93.6947459,,,,,,,,,
2026-03-20 15:13:57.528376-05:00,41.9794096,-93.6959935,,,,,,,,,
2026-03-20 15:14:03.189745-05:00,41.9794076,-93.6972003,,,,,,,,,
2026-03-20 15:14:08.851113-05:00,41.9794086,-93.6979475,,,,,,,,,
2026-03-20 15:14:14.512444-05:00,41.979489,-93.6982911,,,,,,,,,
2026-03-20 15:14:20.173782-05:00,41.9799066,-93.6983043,,,,,,,,,
2026-03-20 15:14:28.946806-05:00,41.980227,-93.6983107,,,,,,,,,
2026-03-20 15:14:34.608095-05:00,41.9806447,-93.6983024,,,,,,,,,
2026-03-20 15:14:40.269419-05:00,41.9810883,-93.6983114,,,,,,,,,
2026-03-20 15:14:45.930674-05:00,41.9814694,-93.6983227,,,,,,,,,
2026-03-20 15:14:51.591913-05:00,41.9819367,-93.6983284,,,,,,,,,
2026-03-20 15:14:57.253206-05:00,41.9823434,-93.6983324,,,,,,,,,
2026-03-20 15:15:02.914433-05:00,41.9826797,-93.6983329,,,,,,,,,
2026-03-20 15:15:08.575740-05:00,41.9830096,-93.6983359,,,,,,,,,
2026-03-20 15:15:14.237057-05:00,41.9834092,-93.6983386,,,,,,,,,
2026-03-20 15:15:19.898397-05:00,41.9838078,-93.6983434,,,,,,,,,
2026-03-20 15:15:25.559625-05:00,41.9849643,-93.6983581,,,,,,,,,
2026-03-20 15:15:39.955370-05:00,41.9854544,-93.6983733,,,,,,,,,
2026-03-20 15:15:45.616569-05:00,41.9859527,-93.6983766,,,,,,,,,
2026-03-20 15:15:51.277762-05:00,41.9864308,-93.6983784,,,,,,,,,
2026-03-20 15:15:56.939378-05:00,41.9866908,-93.6983817,,,,,,,,,
2026-03-20 15:16:02.600742-05:00,41.9870363,-93.6983953,,,,,,,,,
2026-03-20 15:16:08.261952-05:00,41.9875509,-93.6984007,,,,,,,,,
2026-03-20 15:16:13.923302-05:00,41.9880248,-93.6984056,,,,,,,,,
2026-03-20 15:16:19.584532-05:00,41.9885928,-93.6984099,,,,,,,,,
2026-03-20 15:16:25.245737-05:00,41.9891829,-93.69842,,,,,,,,,
2026-03-20 15:16:30.906943-05:00,41.9896723,-93.6984218,,,,,,,,,
2026-03-20 15:16:36.568273-05:00,41.9907848,-93.6984388,,,,,,,,,
2026-03-20 15:16:49.952543-05:00,41.9913043,-93.6984485,,,,,,,,,
2026-03-20 15:16:55.613846-05:00,41.9918124,-93.6984525,6.84,mid-band,00019C015,630720.0,-83.0,3,-11,,
2026-03-20 15:16:58.179440-05:00,41.9920672,-93.6984525,12.3,mid-band,00019C015,630720.0,-83.0,5,-11,,
2026-03-20 15:17:00.750338-05:00,41.9922416,-93.6984526,11.6,mid-band,00019C015,630720.0,-87.0,5,-11,,
2026-03-20 15:17:03.320283-05:00,41.992508,-93.6984571,15.6,mid-band,00019C015,630720.0,-91.0,3,-11,,
2026-03-20 15:17:05.894426-05:00,41.9926815,-93.6984589,11.2,mid-band,00019C015,630720.0,-90.0,-1,-11,,
2026-03-20 15:17:08.463619-05:00,41.9929365,-93.6984637,62.6,mid-band,00019C015,630720.0,-89.0,1,-11,32.1,74.0
2026-03-20 15:17:11.084946-05:00,41.9931768,-93.6984685,21.9,mid-band,00019C015,630720.0,-86.0,2,-11,31.6,291.0
2026-03-20 15:17:13.665830-05:00,41.9933303,-93.6984705,22.0,mid-band,00019C015,630720.0,-91.0,1,-11,25.4,223.0
2026-03-20 15:17:16.246691-05:00,41.993549,-93.6984749,62.8,mid-band,00019C015,630720.0,-85.0,2,-11,41.4,249.0
2026-03-20 15:17:18.868325-05:00,41.9936734,-93.698477,26.6,mid-band,00019C015,630720.0,-86.0,3,-11,33.1,258.0
2026-03-20 15:17:21.453451-05:00,41.9938024,-93.6984417,25.4,mid-band,00019C015,630720.0,-81.0,0,-11,45.6,251.0
2026-03-20 15:17:24.037594-05:00,41.9938382,-93.6983481,22.2,mid-band,00019C015,630720.0,-81.0,7,-10,19.2,193.0
2026-03-20 15:17:26.618199-05:00,41.9938478,-93.6981342,681.0,mid-band,00019C015,630720.0,-87.0,2,-11,24.8,275.0
2026-03-20 15:17:29.858159-05:00,41.9938476,-93.6978739,29.4,mid-band,00019C015,630720.0,-85.0,2,-11,12.4,192.0
2026-03-20 15:17:32.446385-05:00,41.9938533,-93.6975806,30.9,mid-band,00019C015,630720.0,-85.0,2,-11,,
2026-03-20 15:17:35.035433-05:00,41.9938558,-93.6973781,20.4,mid-band,00019C015,630720.0,-86.0,5,-11,,
2026-03-20 15:17:37.614722-05:00,41.9938572,-93.69706,22.5,mid-band,00019C015,630720.0,-83.0,6,-10,6.21,114.0
2026-03-20 15:17:40.196163-05:00,41.9938552,-93.6967124,35.5,mid-band,00019C015,630720.0,-83.0,7,-11,6.21,282.0
2026-03-20 15:17:42.790720-05:00,41.9938574,-93.6964664,95.6,mid-band,00019C015,630720.0,-81.0,9,-11,20.3,289.0
2026-03-20 15:17:45.445438-05:00,41.9938578,-93.6960812,20.0,mid-band,00019C015,630720.0,-86.0,7,-10,31.5,295.0
2026-03-20 15:17:48.024356-05:00,41.993862,-93.6950646,25.8,mid-band,00019C015,630720.0,-89.0,6,-11,21.0,208.0
2026-03-20 15:17:56.374338-05:00,41.9938634,-93.6946983,19.4,mid-band,00019C015,630720.0,-88.0,8,-10,31.5,289.0
2026-03-20 15:17:58.952795-05:00,41.9938658,-93.6944551,37.9,mid-band,00019C015,630720.0,-104.0,1,-11,10.5,266.0
2026-03-20 15:18:01.549212-05:00,41.9938701,-93.694083,22.1,mid-band,00019C015,630720.0,-96.0,1,-11,10.5,233.0
2026-03-20 15:18:04.129971-05:00,41.993873,-93.6937101,31.5,mid-band,00019C015,630720.0,-93.0,1,-11,10.5,169.0
2026-03-20 15:18:06.720279-05:00,41.9938739,-93.693465,55.8,mid-band,00019C015,630720.0,-105.0,-8,-20,10.5,232.0
2026-03-20 15:18:09.334943-05:00,41.9938756,-93.6930984,17.9,mid-band,00019C015,630720.0,-88.0,5,-11,21.0,291.0
2026-03-20 15:18:11.911767-05:00,41.9938765,-93.6928459,27.7,mid-band,00019C015,630720.0,-85.0,3,-11,31.5,286.0
2026-03-20 15:18:14.498318-05:00,41.9938774,-93.6924558,32.7,mid-band,00019C015,630720.0,-93.0,0,-11,21.0,266.0
2026-03-20 15:18:17.089586-05:00,41.993883,-93.6920539,18.0,mid-band,00019C015,630720.0,-90.0,6,-11,21.0,285.0
2026-03-20 15:18:19.666344-05:00,41.9938833,-93.6917893,23.1,mid-band,00019C015,630720.0,-88.0,2,-11,41.9,233.0
2026-03-20 15:18:22.248432-05:00,41.9938839,-93.6913986,25.4,mid-band,00019C015,630720.0,-94.0,0,-11,21.0,116.0
2026-03-20 15:18:24.832776-05:00,41.993887,-93.6911571,25.1,mid-band,00019C015,630720.0,-93.0,2,-11,10.5,201.0
2026-03-20 15:18:27.416616-05:00,41.9938909,-93.6908312,19.5,mid-band,00019C015,630720.0,-97.0,-1,-11,10.5,271.0
2026-03-20 15:18:29.994821-05:00,41.9938961,-93.6906612,37.8,mid-band,00019C015,630720.0,-96.0,-2,-11,10.5,272.0
2026-03-20 15:18:32.591473-05:00,41.9938456,-93.6905304,29.6,mid-band,00019C015,630720.0,-99.0,-1,-11,21.0,239.0
2026-03-20 15:18:35.179920-05:00,41.9937349,-93.6905168,22.5,mid-band,00019C015,630720.0,-95.0,-6,-11,10.5,217.0
2026-03-20 15:18:37.761074-05:00,41.9936211,-93.6905195,54.7,mid-band,00019C015,630720.0,-93.0,-4,-11,10.5,136.0
2026-03-20 15:18:40.374708-05:00,41.9934088,-93.6905247,26.5,mid-band,00019C015,630720.0,-94.0,-7,-15,21.0,245.0
2026-03-20 15:18:42.959889-05:00,41.9932537,-93.6905247,25.8,mid-band,00019C015,630720.0,-91.0,0,-11,31.5,279.0
2026-03-20 15:18:45.544527-05:00,41.9930094,-93.6905275,22.7,mid-band,00019C015,630720.0,-93.0,0,-11,31.5,280.0
2026-03-20 15:18:48.125979-05:00,41.9927568,-93.6905275,37.6,mid-band,00019C015,630720.0,-98.0,-3,-11,21.0,240.0
2026-03-20 15:18:50.722356-05:00,41.9925958,-93.6905261,42.0,mid-band,00019C015,630720.0,-101.0,0,-11,31.5,271.0
2026-03-20 15:18:53.323291-05:00,41.9923943,-93.6905198,243.0,mid-band,00019401F,630720.0,-94.0,5,-11,10.5,119.0
2026-03-20 15:18:56.124770-05:00,41.9917608,-93.6905179,51.1,mid-band,00019C015,630720.0,-93.0,3,-11,10.5,133.0
2026-03-20 15:19:06.901787-05:00,41.9915503,-93.6905178,17.3,mid-band,00019C015,630720.0,-85.0,3,-11,21.0,228.0
2026-03-20 15:19:09.478058-05:00,41.9913502,-93.6905104,15.7,mid-band,00019C015,630720.0,-91.0,3,-11,31.5,244.0
2026-03-20 15:19:12.052470-05:00,41.9912253,-93.6905077,19.5,mid-band,00019C015,630720.0,-85.0,2,-11,41.9,257.0
2026-03-20 15:19:14.630904-05:00,41.991035,-93.6905048,12.7,mid-band,00019C015,630720.0,-88.0,1,-11,41.9,276.0
2026-03-20 15:19:17.202310-05:00,41.990849,-93.690504,20.5,mid-band,00019C015,630720.0,-82.0,6,-11,21.0,170.0
2026-03-20 15:19:19.781354-05:00,41.9907257,-93.690505,23.8,mid-band,00019C015,630720.0,-85.0,4,-11,41.9,280.0
2026-03-20 15:19:22.363395-05:00,41.9905247,-93.6905023,21.8,mid-band,00019C015,630720.0,-89.0,5,-11,41.9,253.0
2026-03-20 15:19:24.944078-05:00,41.9903688,-93.6904995,17.9,mid-band,00019C015,630720.0,-96.0,3,-11,21.0,283.0
2026-03-20 15:19:27.520568-05:00,41.990105,-93.690494,27.1,mid-band,00019C015,630720.0,-97.0,1,-11,10.5,212.0
2026-03-20 15:19:30.106356-05:00,41.9898377,-93.6904911,24.2,mid-band,00019C015,630720.0,-95.0,0,-11,10.5,229.0
2026-03-20 15:19:32.689119-05:00,41.9896613,-93.6904915,60.5,mid-band,00019C015,630720.0,-98.0,1,-11,10.5,218.0
2026-03-20 15:19:35.308286-05:00,41.9894196,-93.6904944,45.7,mid-band,00019C015,630720.0,-97.0,-1,-12,,
2026-03-20 15:19:37.912490-05:00,41.9892823,-93.6904982,42.5,mid-band,00019C015,630720.0,-98.0,-1,-11,21.0,170.0
2026-03-20 15:19:40.513667-05:00,41.9891257,-93.6905019,98.1,mid-band,00019C015,630720.0,-103.0,-4,-13,10.5,197.0
2026-03-20 15:19:43.170635-05:00,41.9889898,-93.6905018,34.9,mid-band,00019C015,630720.0,-95.0,0,-11,21.0,175.0
2026-03-20 15:19:45.764029-05:00,41.9888754,-93.6905029,19.5,mid-band,00019C015,630720.0,-94.0,0,-12,21.0,273.0
2026-03-20 15:19:48.342395-05:00,41.9886756,-93.6905013,24.9,mid-band,00019C015,630720.0,-88.0,6,-11,31.5,291.0
2026-03-20 15:19:50.925568-05:00,41.9885439,-93.6905039,24.8,mid-band,00019C015,630720.0,-93.0,4,-11,10.5,194.0
2026-03-20 15:19:53.509303-05:00,41.9883344,-93.690504,17.4,mid-band,00019C015,630720.0,-92.0,-1,-11,10.5,219.0
2026-03-20 15:19:56.085300-05:00,41.9881105,-93.6905065,88.9,mid-band,00019C015,630720.0,-95.0,0,-12,21.0,246.0
2026-03-20 15:19:58.732765-05:00,41.9879575,-93.6905113,34.9,mid-band,00019C015,630720.0,-104.0,-2,-12,10.5,181.0
2026-03-20 15:20:01.326274-05:00,41.9877262,-93.6905107,61.5,mid-band,00019C015,630720.0,-98.0,-4,-14,10.5,55.1
2026-03-20 15:20:03.946498-05:00,41.9875723,-93.6905032,,mid-band,FFFFFFFFF,-1.0,-76.0,9,-10,,
2026-03-20 15:20:09.607859-05:00,41.9870366,-93.6905827,,mid-band,FFFFFFFFF,-1.0,-102.0,0,-14,,
2026-03-20 15:20:18.949143-05:00,41.9870352,-93.6908615,25.8,mid-band,0001A0015,630720.0,-119.0,-6,-12,10.5,104.0
2026-03-20 15:20:21.533287-05:00,41.9870411,-93.6910637,21.8,mid-band,0001A0015,630720.0,-108.0,-3,-11,21.0,177.0
2026-03-20 15:20:24.113649-05:00,41.9870462,-93.6912824,,,,,,,,10.5,97.8
2026-03-20 15:20:29.774941-05:00,41.987044,-93.6916759,,,,,,,,,
2026-03-20 15:20:35.435363-05:00,41.9870424,-93.6921736,,,,,,,,,
2026-03-20 15:20:41.096609-05:00,41.9870419,-93.6926162,,,,,,,,,
2026-03-20 15:20:46.757789-05:00,41.9870359,-93.6929738,,,,,,,,,
2026-03-20 15:20:52.419095-05:00,41.9870303,-93.6934193,,,,,,,,,
2026-03-20 15:20:58.080330-05:00,41.987031,-93.6937529,,,,,,,,,
2026-03-20 15:21:03.741597-05:00,41.9870275,-93.6941775,,mid-band,00019401F,630720.0,-100.0,-1,-14,,
2026-03-20 15:21:07.300295-05:00,41.9870226,-93.6944689,17.6,mid-band,00019401F,630720.0,-93.0,-2,-13,,
2026-03-20 15:21:09.876534-05:00,41.9870195,-93.6946127,16.1,mid-band,00019401F,630720.0,-96.0,1,-15,,
2026-03-20 15:21:12.451207-05:00,41.9869938,-93.6948114,489.0,mid-band,00019C015,630720.0,-103.0,-6,-11,,
2026-03-20 15:21:15.499288-05:00,41.9866813,-93.6954093,,mid-band,FFFFFFFFF,-1.0,-92.0,4,-12,,
2026-03-20 15:21:27.849078-05:00,41.9866718,-93.6956854,253.0,mid-band,00019401F,630720.0,-104.0,-4,-11,,
2026-03-20 15:21:30.660570-05:00,41.9866696,-93.69593,135.0,mid-band,00019401F,630720.0,-107.0,-7,-12,9.32,60.3
2026-03-20 15:21:33.353935-05:00,41.9866652,-93.6961992,114.0,mid-band,00019401F,630720.0,-108.0,-2,-12,3.11,48.0
2026-03-20 15:21:36.026761-05:00,41.9866623,-93.6963803,195.0,mid-band,00019401F,630720.0,-104.0,-7,-18,6.21,142.0
2026-03-20 15:21:38.781072-05:00,41.9866592,-93.6966562,20.1,mid-band,00019401F,630720.0,-94.0,4,-11,,
2026-03-20 15:21:41.359879-05:00,41.9866545,-93.6969356,28.6,mid-band,00019401F,630720.0,-100.0,-3,-12,15.5,89.5
2026-03-20 15:21:43.947306-05:00,41.9866507,-93.69712,39.0,mid-band,00019401F,630720.0,-105.0,-4,-18,25.4,132.0
2026-03-20 15:21:46.544252-05:00,41.9866502,-93.6973953,10.2,mid-band,00019401F,630720.0,-93.0,-1,-12,5.69,91.3
2026-03-20 15:21:49.113171-05:00,41.9866477,-93.6976687,19.3,mid-band,00019401F,630720.0,-95.0,0,-12,11.4,142.0
2026-03-20 15:21:51.691316-05:00,41.9866454,-93.6978483,22.4,mid-band,00019401F,630720.0,-92.0,0,-11,11.4,124.0
2026-03-20 15:21:54.272687-05:00,41.9866426,-93.6980975,23.0,mid-band,00019401F,630720.0,-98.0,-6,-16,34.2,207.0
2026-03-20 15:21:56.854253-05:00,41.9866386,-93.6982057,24.9,mid-band,00019401F,630720.0,-90.0,2,-11,22.8,183.0
2026-03-20 15:21:59.438196-05:00,41.986633,-93.6983137,31.3,mid-band,00019401F,630720.0,-93.0,-2,-11,22.8,234.0
2026-03-20 15:22:02.028532-05:00,41.9866066,-93.6983537,,mid-band,00019C015,630720.0,-82.0,2,-11,17.1,151.0
2026-03-20 15:22:06.638179-05:00,41.9864342,-93.6983939,9.87,mid-band,00019C015,630720.0,-85.0,-1,-11,5.69,74.6
2026-03-20 15:22:09.206859-05:00,41.9862618,-93.6983962,54.7,mid-band,00019C015,630720.0,-107.0,-9,-12,22.8,148.0
2026-03-20 15:22:11.820502-05:00,41.9861174,-93.6983944,20.1,mid-band,00019C015,630720.0,-88.0,1,-11,5.7,62.8
2026-03-20 15:22:14.399466-05:00,41.9858713,-93.6983893,48.9,mid-band,00019C015,630720.0,-104.0,-7,-12,17.1,149.0
2026-03-20 15:22:17.006924-05:00,41.9856802,-93.6983874,,mid-band,00019C015,630720.0,-96.0,0,-11,,
2026-03-20 15:22:20.565729-05:00,41.985215,-93.6983796,25.6,mid-band,00019C015,630720.0,-102.0,-5,-11,,
2026-03-20 15:22:23.150234-05:00,41.9848085,-93.6983782,14.8,mid-band,00019C015,630720.0,-93.0,-1,-11,17.1,173.0
2026-03-20 15:22:25.723450-05:00,41.984513,-93.6983737,12.0,mid-band,00019C015,630720.0,-91.0,-2,-11,22.8,229.0
2026-03-20 15:22:28.294201-05:00,41.9831759,-93.6983605,,,,,,,,34.2,236.0
2026-03-20 15:22:39.454822-05:00,41.9821042,-93.6983431,,,,,,,,,
2026-03-20 15:22:45.116000-05:00,41.9809726,-93.6983293,,,,,,,,,
2026-03-20 15:22:50.777344-05:00,41.9800258,-93.6983228,,,,,,,,,
2026-03-20 15:22:56.438168-05:00,41.9789887,-93.6983102,,,,,,,,,
2026-03-20 15:23:02.099454-05:00,41.9782105,-93.6982966,,,,,,,,,
2026-03-20 15:23:07.760682-05:00,41.977913,-93.6983008,23.0,mid-band,00019C015,630720.0,-89.0,0,-11,,
2026-03-20 15:23:10.342786-05:00,41.9777403,-93.698281,14.8,mid-band,00019C015,630720.0,-89.0,0,-11,,
2026-03-20 15:23:12.916279-05:00,41.9776385,-93.6982956,44.4,mid-band,00019C015,630720.0,-96.0,-5,-11,,
2026-03-20 15:23:15.519473-05:00,41.9775806,-93.6983953,,,,,,,,,
2026-03-20 15:23:21.180713-05:00,41.9775724,-93.6984311,,mid-band,FFFFFFFFF,-1.0,-90.0,0,-10,,
2026-03-20 15:23:25.790698-05:00,41.9775686,-93.6983608,,,,,,,,,
2026-03-20 15:23:31.451476-05:00,41.9775329,-93.6982712,,mid-band,00019C015,630720.0,-44.0,0,-3,,
2026-03-20 15:23:37.112788-05:00,41.9778431,-93.6982829,25.0,mid-band,00019C015,630720.0,-94.0,3,-11,,
2026-03-20 15:23:46.373967-05:00,41.9781212,-93.6982899,27.9,mid-band,00019C015,630720.0,-97.0,3,-11,,
2026-03-20 15:23:48.960498-05:00,41.9783465,-93.6982944,26.9,mid-band,00019C015,630720.0,-100.0,1,-11,,
2026-03-20 15:23:51.545115-05:00,41.9786969,-93.6982948,40.5,mid-band,00019C015,630720.0,-103.0,-3,-11,,
2026-03-20 15:23:54.144541-05:00,41.9789959,-93.6982963,27.0,mid-band,00019C015,630720.0,-98.0,-3,-11,11.5,84.9
2026-03-20 15:23:56.729969-05:00,41.97913,-93.6982919,19.9,mid-band,00019C015,630720.0,-93.0,-2,-11,10.9,304.0
2026-03-20 15:23:59.308625-05:00,41.9792198,-93.6982868,16.1,mid-band,00019C015,630720.0,-92.0,0,-11,28.0,273.0
2026-03-20 15:24:01.883396-05:00,41.979222,-93.6982862,23.3,mid-band,00019C015,630720.0,-92.0,-1,-12,35.2,244.0
2026-03-20 15:24:04.465512-05:00,41.9792208,-93.6982862,20.9,mid-band,00019C015,630720.0,-93.0,-1,-11,42.4,273.0
2026-03-20 15:24:07.045318-05:00,41.9792199,-93.6982864,21.7,mid-band,00019C015,630720.0,-93.0,0,-14,41.9,278.0
2026-03-20 15:24:09.625985-05:00,41.9792184,-93.6982872,20.0,mid-band,00019C015,630720.0,-94.0,-1,-11,41.9,287.0
2026-03-20 15:24:12.204165-05:00,41.9792169,-93.6982881,23.0,mid-band,00019C015,630720.0,-94.0,-1,-11,41.9,269.0
2026-03-20 15:24:14.785967-05:00,41.9792181,-93.6982897,34.5,mid-band,00019C015,630720.0,-92.0,-1,-11,31.5,291.0
2026-03-20 15:24:17.379419-05:00,41.979217,-93.6982899,48.1,mid-band,00019C015,630720.0,-93.0,-1,-11,41.9,288.0
2026-03-20 15:24:19.986683-05:00,41.979216,-93.6982899,68.1,mid-band,00019C015,630720.0,-93.0,-1,-11,41.9,289.0
2026-03-20 15:24:22.614126-05:00,41.9792148,-93.6982895,25.2,mid-band,00019C015,630720.0,-94.0,-2,-11,41.9,288.0
2026-03-20 15:24:25.198420-05:00,41.9792271,-93.6982885,30.8,mid-band,00019C015,630720.0,-94.0,0,-11,31.5,288.0
2026-03-20 15:24:27.788300-05:00,41.9792635,-93.6982872,57.1,mid-band,00019C015,630720.0,-92.0,-4,-11,21.0,223.0
2026-03-20 15:24:30.404218-05:00,41.9793444,-93.6982383,22.7,mid-band,00019C015,630720.0,-95.0,-7,-11,21.0,269.0
2026-03-20 15:24:32.985982-05:00,41.9793755,-93.6981466,,,,,,,,21.0,227.0
2026-03-20 15:24:38.647414-05:00,41.9793766,-93.6976965,,,,,,,,,
2026-03-20 15:24:44.308609-05:00,41.9793803,-93.69688,,,,,,,,,
2026-03-20 15:24:49.969867-05:00,41.9793816,-93.6950421,,,,,,,,,
2026-03-20 15:24:58.940196-05:00,41.9793848,-93.6938366,,,,,,,,,
2026-03-20 15:25:04.601545-05:00,41.9793775,-93.6923391,,,,,,,,,
2026-03-20 15:25:10.261961-05:00,41.9793771,-93.6908452,,mid-band,00019C015,630720.0,-87.0,-1,-14,,
2026-03-20 15:25:14.871429-05:00,41.979379,-93.6898285,14.5,mid-band,00019C015,630720.0,-83.0,-1,-11,,
2026-03-20 15:25:17.444677-05:00,41.9793828,-93.6890443,33.5,mid-band,00019C015,630720.0,-87.0,1,-11,,
2026-03-20 15:25:20.037039-05:00,41.9793835,-93.6885144,18.7,mid-band,00019C015,630720.0,-83.0,3,-11,,
2026-03-20 15:25:22.614470-05:00,41.9793828,-93.6877123,16.8,mid-band,00019C015,630720.0,-83.0,10,-10,,
2026-03-20 15:25:25.189958-05:00,41.9793841,-93.6868966,21.6,mid-band,00019C015,630720.0,-90.0,4,-11,,
2026-03-20 15:25:27.770211-05:00,41.9793846,-93.6863435,18.3,mid-band,00019C015,630720.0,-85.0,1,-11,,
2026-03-20 15:25:30.347091-05:00,41.9793858,-93.6855006,,,,,,,,,
2026-03-20 15:25:36.007373-05:00,41.9793875,-93.6840767,18.1,mid-band,00019C015,630720.0,-86.0,2,-11,,
2026-03-20 15:25:38.584197-05:00,41.9793828,-93.6832718,24.0,mid-band,00019C015,630720.0,-83.0,5,-11,,
2026-03-20 15:25:41.167004-05:00,41.9793763,-93.682526,23.7,mid-band,00019C015,630720.0,-84.0,5,-11,,
2026-03-20 15:25:43.749558-05:00,41.979375,-93.6820594,40.8,mid-band,00019C015,630720.0,-86.0,-2,-11,,
2026-03-20 15:25:46.349036-05:00,41.9793721,-93.6813903,26.9,mid-band,00019C015,630720.0,-86.0,-2,-11,10.5,242.0
2026-03-20 15:25:48.934770-05:00,41.9793695,-93.6809646,33.8,mid-band,00019C015,630720.0,-89.0,-3,-11,31.5,229.0
2026-03-20 15:25:51.527681-05:00,41.979366,-93.6803433,46.2,mid-band,00019C015,630720.0,-85.0,0,-11,31.5,250.0
2026-03-20 15:25:54.133102-05:00,41.9793637,-93.6797564,134.0,mid-band,00019C015,630720.0,-99.0,-4,-12,21.0,209.0
2026-03-20 15:25:56.825933-05:00,41.9793612,-93.6784795,,,,,,,,10.5,81.5
2026-03-20 15:26:09.952587-05:00,41.9793472,-93.6783004,,,,,,,,,
2026-03-20 15:26:15.613885-05:00,41.9793465,-93.6782987,,,,,,,,,
2026-03-20 15:26:21.275149-05:00,41.9793461,-93.6782974,,,,,,,,,
2026-03-20 15:26:26.936418-05:00,41.9793455,-93.678296,,,,,,,,,
2026-03-20 15:26:32.597689-05:00,41.9793449,-93.678296,,,,,,,,,
2026-03-20 15:26:38.258648-05:00,41.9793463,-93.6782966,,mid-band,00019401F,630720.0,-44.0,0,-3,,
2026-03-20 15:26:41.817295-05:00,41.9793447,-93.6782657,41.9,mid-band,00019401F,630720.0,-96.0,-1,-11,10.5,185.0
2026-03-20 15:26:44.418160-05:00,41.9793096,-93.678158,50.3,mid-band,00019C015,630720.0,-94.0,-1,-11,10.5,80.9
2026-03-20 15:26:47.027295-05:00,41.9792187,-93.6781208,18.5,mid-band,00019C015,630720.0,-97.0,-5,-12,,
2026-03-20 15:26:49.604561-05:00,41.9789912,-93.6781024,15.5,mid-band,0001A0015,630720.0,-94.0,-1,-11,6.84,26.7
2026-03-20 15:26:52.178727-05:00,41.9786812,-93.678086,12.6,mid-band,0001A0015,630720.0,-100.0,-6,-18,5.69,31.7
2026-03-20 15:26:54.750026-05:00,41.9784355,-93.6780768,,mid-band,FFFFFFFFF,-1.0,-84.0,0,-11,3.1,1.67
2026-03-20 15:26:58.308703-05:00,41.977872,-93.6780621,,,,,,,,,
2026-03-20 15:27:03.969949-05:00,41.9770627,-93.6780394,,mid-band,FFFFFFFFF,-1.0,-140.0,-,-,,
2026-03-20 15:27:09.631248-05:00,41.9752718,-93.6779975,,mid-band,00019C015,630720.0,-90.0,3,-11,,
2026-03-20 15:27:17.895794-05:00,41.9745387,-93.6779863,14.3,mid-band,00019C015,630720.0,-89.0,3,-11,,
2026-03-20 15:27:20.468763-05:00,41.9739733,-93.677976,16.9,mid-band,00019C015,630720.0,-87.0,3,-11,,
2026-03-20 15:27:23.044449-05:00,41.9735993,-93.6779676,15.9,mid-band,00019C015,630720.0,-87.0,-1,-11,,
2026-03-20 15:27:25.618885-05:00,41.9730469,-93.6779575,23.3,mid-band,00019C015,630720.0,-93.0,-7,-12,,
2026-03-20 15:27:28.200845-05:00,41.9724985,-93.6779482,24.0,mid-band,00019C015,630720.0,-91.0,-4,-11,15.5,162.0
2026-03-20 15:27:30.783419-05:00,41.9721337,-93.6779432,27.2,mid-band,00019C015,630720.0,-92.0,-4,-11,25.4,202.0
2026-03-20 15:27:33.369200-05:00,41.9715871,-93.6779367,53.4,mid-band,00019C015,630720.0,-89.0,-4,-11,24.8,226.0
2026-03-20 15:27:35.981312-05:00,41.9712207,-93.6779302,,,,,,,,21.7,152.0
2026-03-20 15:27:41.641991-05:00,41.9701463,-93.6779178,,,,,,,,,
2026-03-20 15:27:47.302667-05:00,41.9691385,-93.6779038,,mid-band,00019C015,630720.0,-97.0,-6,-11,,
2026-03-20 15:27:52.963434-05:00,41.9683018,-93.6778932,11.9,mid-band,00019C015,630720.0,-90.0,-3,-11,,
2026-03-20 15:27:55.534237-05:00,41.9678012,-93.6778835,,mid-band,FFFFFFFFF,-1.0,-88.0,0,-11,,
2026-03-20 15:27:59.093017-05:00,41.9671259,-93.6778713,,,,,,,,,
2026-03-20 15:28:04.754330-05:00,41.9662668,-93.6778596,,,,,,,,,
2026-03-20 15:28:10.415607-05:00,41.9654021,-93.6778447,,,,,,,,,
2026-03-20 15:28:16.076900-05:00,41.9649055,-93.6784726,,,,,,,,,
2026-03-20 15:28:29.948895-05:00,41.9649102,-93.6791125,,mid-band,FFFFFFFFF,-1.0,-88.0,1,-12,,
2026-03-20 15:28:35.610133-05:00,41.9649128,-93.6797895,,,,,,,,,
2026-03-20 15:28:41.270679-05:00,41.9649142,-93.6804514,,,,,,,,,
2026-03-20 15:28:46.931934-05:00,41.9649142,-93.6810432,,,,,,,,,
2026-03-20 15:28:52.593012-05:00,41.9649199,-93.6817959,,,,,,,,,
2026-03-20 15:28:58.254236-05:00,41.9649235,-93.6825711,,,,,,,,,
2026-03-20 15:29:03.915526-05:00,41.9649248,-93.6832193,,,,,,,,,
2026-03-20 15:29:09.576757-05:00,41.9649298,-93.6840148,,,,,,,,,
2026-03-20 15:29:15.238061-05:00,41.9649352,-93.6848588,,,,,,,,,
2026-03-20 15:29:20.899316-05:00,41.9649373,-93.6855228,,,,,,,,,
2026-03-20 15:29:26.560536-05:00,41.9649384,-93.6872686,,,,,,,,,
2026-03-20 15:29:39.952439-05:00,41.9649402,-93.6881075,,,,,,,,,
2026-03-20 15:29:45.613717-05:00,41.9649445,-93.6888942,,,,,,,,,
2026-03-20 15:29:51.275099-05:00,41.9649476,-93.6896863,,,,,,,,,
2026-03-20 15:29:56.936604-05:00,41.9649523,-93.6903967,,,,,,,,,
2026-03-20 15:30:02.597804-05:00,41.9649541,-93.6912645,,,,,,,,,
2026-03-20 15:30:08.258827-05:00,41.9649609,-93.6921422,,,,,,,,,
2026-03-20 15:30:13.920196-05:00,41.9649661,-93.6928569,,,,,,,,,
2026-03-20 15:30:19.581563-05:00,41.964963,-93.6937032,,,,,,,,,
2026-03-20 15:30:25.242827-05:00,41.9649668,-93.6945628,,mid-band,0001A0015,630720.0,-91.0,0,-11,,
2026-03-20 15:30:28.801527-05:00,41.9649664,-93.6949892,20.7,mid-band,0001A0015,630720.0,-89.0,2,-11,,
2026-03-20 15:30:31.380892-05:00,41.9649697,-93.6954224,22.4,mid-band,0001A0015,630720.0,-94.0,0,-11,,
2026-03-20 15:30:33.961890-05:00,41.9649693,-93.6957151,188.0,mid-band,0001A0015,630720.0,-105.0,-7,-11,,
2026-03-20 15:30:36.708554-05:00,41.9649748,-93.6971449,16.6,mid-band,0001A0015,630720.0,-96.0,-1,-12,,
2026-03-20 15:30:46.866670-05:00,41.9649745,-93.6975534,38.1,mid-band,0001A0015,630720.0,-92.0,0,-11,31.1,278.0
2026-03-20 15:30:49.463751-05:00,41.9649749,-93.6979677,13.6,mid-band,0001A0015,630720.0,-87.0,1,-11,44.5,266.0
2026-03-20 15:30:52.035390-05:00,41.9649764,-93.6982473,18.4,mid-band,0001A0015,630720.0,-90.0,0,-11,52.3,272.0
2026-03-20 15:30:54.611710-05:00,41.9649822,-93.698669,41.4,mid-band,0001A0015,630720.0,-88.0,0,-11,52.4,241.0
2026-03-20 15:30:57.211443-05:00,41.9649863,-93.6990956,21.4,mid-band,0001A0015,630720.0,-93.0,-2,-11,41.9,113.0
2026-03-20 15:30:59.791761-05:00,41.9649864,-93.6993839,23.5,mid-band,0001A0015,630720.0,-92.0,-2,-11,41.9,132.0
2026-03-20 15:31:02.374064-05:00,41.9649858,-93.699826,26.4,mid-band,0001A0015,630720.0,-91.0,-3,-11,41.9,261.0
2026-03-20 15:31:04.959238-05:00,41.9649866,-93.700119,29.1,mid-band,0001A0015,630720.0,-95.0,-3,-11,52.4,280.0
2026-03-20 15:31:07.547260-05:00,41.9649926,-93.7005527,28.9,mid-band,0001A0015,630720.0,-97.0,-5,-11,41.9,289.0
2026-03-20 15:31:10.134772-05:00,41.9649967,-93.7009856,17.2,mid-band,0001A0015,630720.0,-94.0,-6,-11,41.9,287.0
2026-03-20 15:31:12.710609-05:00,41.9649959,-93.7012758,43.4,mid-band,0001A0015,630720.0,-97.0,-4,-12,21.0,219.0
2026-03-20 15:31:15.312443-05:00,41.964996,-93.701711,21.1,mid-band,0001A0015,630720.0,-100.0,-4,-12,21.0,241.0
2026-03-20 15:31:17.891950-05:00,41.9649986,-93.701999,17.7,mid-band,0001A0015,630720.0,-96.0,-6,-11,21.0,240.0
2026-03-20 15:31:20.468398-05:00,41.9649994,-93.7024282,,,,,,,,21.0,254.0
2026-03-20 15:31:26.129562-05:00,41.9649997,-93.7032656,,,,,,,,,
2026-03-20 15:31:31.790639-05:00,41.9650082,-93.703996,,,,,,,,,
2026-03-20 15:31:37.452018-05:00,41.9650073,-93.7048718,,,,,,,,,
2026-03-20 15:31:43.113281-05:00,41.9650134,-93.7057636,21.4,mid-band,0001A0015,630720.0,-105.0,-4,-11,,
2026-03-20 15:31:45.693329-05:00,41.9650118,-93.7060701,22.8,mid-band,0001A0015,630720.0,-106.0,-2,-11,,
2026-03-20 15:31:48.274523-05:00,41.9650155,-93.7072535,24.1,mid-band,0001A0015,630720.0,-105.0,-7,-19,,
2026-03-20 15:31:56.365841-05:00,41.9650212,-93.7076994,25.7,mid-band,0001A0015,630720.0,-102.0,-6,-16,9.9,51.6
2026-03-20 15:31:58.950474-05:00,41.9650204,-93.7080008,51.5,mid-band,0001A0015,630720.0,-104.0,-6,-18,6.21,185.0
2026-03-20 15:32:01.560705-05:00,41.9650223,-93.708447,,mid-band,FFFFFFFFF,-1.0,-79.0,14,-10,2.07,68.4
2026-03-20 15:32:06.170575-05:00,41.9650257,-93.709179,,,,,,,,,
2026-03-20 15:32:11.831376-05:00,41.9650288,-93.7098798,,,,,,,,,
2026-03-20 15:32:17.492521-05:00,41.9650307,-93.710699,,,,,,,,,
2026-03-20 15:32:23.153723-05:00,41.9650334,-93.7115886,,,,,,,,,
2026-03-20 15:32:28.814992-05:00,41.9650363,-93.7123691,,,,,,,,,
2026-03-20 15:32:34.476149-05:00,41.9650439,-93.7133143,,,,,,,,,
2026-03-20 15:32:40.137397-05:00,41.9650475,-93.714281,,,,,,,,,
2026-03-20 15:32:45.797920-05:00,41.9650509,-93.715111,,,,,,,,,
2026-03-20 15:32:51.459248-05:00,41.965057,-93.7161076,,,,,,,,,
2026-03-20 15:32:57.120486-05:00,41.9650799,-93.7179053,,,,,,,,,
2026-03-20 15:33:09.448301-05:00,41.9650892,-93.7181444,,,,,,,,,
2026-03-20 15:33:15.109474-05:00,41.9650842,-93.7181432,,,,,,,,,
2026-03-20 15:33:20.770856-05:00,41.9650781,-93.7181645,,,,,,,,,
2026-03-20 15:33:26.431364-05:00,41.9650666,-93.7184316,,,,,,,,,
2026-03-20 15:33:32.092611-05:00,41.9650618,-93.7188667,,,,,,,,,
2026-03-20 15:33:37.753771-05:00,41.9650629,-93.7193636,,,,,,,,,
2026-03-20 15:33:43.414982-05:00,41.9650643,-93.7200708,,,,,,,,,
2026-03-20 15:33:49.076191-05:00,41.9650665,-93.7207367,,,,,,,,,
2026-03-20 15:33:54.737641-05:00,41.9650678,-93.7216011,,,,,,,,,
2026-03-20 15:34:00.399056-05:00,41.9650774,-93.7224958,,,,,,,,,
2026-03-20 15:34:06.060361-05:00,41.9650845,-93.7244861,,,,,,,,,
2026-03-20 15:34:19.951438-05:00,41.9650842,-93.725147,31.3,mid-band,00019C015,630720.0,-97.0,1,-11,,
2026-03-20 15:35:19.174645-05:00,41.9651012,-93.7367267,33.7,mid-band,00019C015,630720.0,-93.0,-3,-14,,
2026-03-20 15:35:25.875028-05:00,41.9651031,-93.7370564,43.7,mid-band,00019C015,630720.0,-92.0,-2,-13,,
2026-03-20 15:35:28.477850-05:00,41.9651055,-93.7375579,17.3,mid-band,00019C015,630720.0,-88.0,2,-11,33.6,282.0
2026-03-20 15:35:31.054146-05:00,41.9651067,-93.73789,37.6,mid-band,00019C015,630720.0,-90.0,0,-11,31.6,202.0
2026-03-20 15:35:33.650267-05:00,41.9651091,-93.7383898,32.4,mid-band,00019C015,630720.0,-92.0,-1,-11,24.8,300.0
2026-03-20 15:35:36.241596-05:00,41.965109,-93.7388935,15.2,mid-band,00019C015,630720.0,-90.0,-4,-11,29.0,227.0
2026-03-20 15:35:38.815443-05:00,41.9651092,-93.7392351,19.9,mid-band,00019C015,630720.0,-94.0,-4,-17,36.8,276.0
2026-03-20 15:35:41.393910-05:00,41.9651099,-93.7397633,,mid-band,FFFFFFFFF,-1.0,-77.0,17,-10,29.5,282.0
2026-03-20 15:35:46.004072-05:00,41.9651136,-93.740484,,,,,,,,,
2026-03-20 15:35:51.664574-05:00,41.9651184,-93.7415389,,,,,,,,,
2026-03-20 15:35:57.325803-05:00,41.9651202,-93.7426035,,,,,,,,,
2026-03-20 15:36:02.986658-05:00,41.9651256,-93.7435211,,,,,,,,,
2026-03-20 15:36:08.647981-05:00,41.9651297,-93.7446151,,,,,,,,,
2026-03-20 15:36:14.309312-05:00,41.9651319,-93.7456923,,,,,,,,,
2026-03-20 15:36:19.970523-05:00,41.9651375,-93.7465739,,,,,,,,,
2026-03-20 15:36:25.631749-05:00,41.9651536,-93.7489897,,,,,,,,,
2026-03-20 15:36:39.951040-05:00,41.9651661,-93.7500102,,,,,,,,,
2026-03-20 15:36:45.612308-05:00,41.965175,-93.7510449,,,,,,,,,
2026-03-20 15:36:51.273639-05:00,41.9651745,-93.7520281,,,,,,,,,
2026-03-20 15:36:56.934702-05:00,41.9651842,-93.7528307,,,,,,,,,
2026-03-20 15:37:02.595914-05:00,41.9651927,-93.753826,25.7,mid-band,00019C015,630720.0,-95.0,2,-11,,
2026-03-20 15:37:05.180436-05:00,41.9651959,-93.7543365,33.6,mid-band,00019C015,630720.0,-95.0,0,-11,,
2026-03-20 15:37:07.772502-05:00,41.9652003,-93.7546778,49.3,mid-band,00019C015,630720.0,-112.0,-12,-12,,
2026-03-20 15:37:10.380442-05:00,41.9652049,-93.7551852,,mid-band,FFFFFFFFF,-1.0,-88.0,0,-11,,
2026-03-20 15:37:14.990456-05:00,41.9652071,-93.7558227,,mid-band,FFFFFFFFF,-1.0,-91.0,14,-10,,
2026-03-20 15:37:18.549306-05:00,41.9652103,-93.7564281,,,,,,,,,
2026-03-20 15:37:24.209940-05:00,41.9652107,-93.7573083,24.7,mid-band,00019C01F,630720.0,-99.0,-4,-11,,
2026-03-20 15:37:26.793320-05:00,41.9652107,-93.7576037,21.4,mid-band,00019C01F,630720.0,-96.0,-1,-11,,
2026-03-20 15:37:29.373424-05:00,41.9652105,-93.7580523,,mid-band,FFFFFFFFF,-1.0,-80.0,14,-10,,
2026-03-20 15:37:35.034733-05:00,41.9652119,-93.7588295,,,,,,,,,
2026-03-20 15:37:40.696220-05:00,41.9652128,-93.7602683,,,,,,,,,
2026-03-20 15:37:48.946634-05:00,41.9652148,-93.7610678,,,,,,,,,
2026-03-20 15:37:54.607382-05:00,41.9652145,-93.7620357,,,,,,,,,
2026-03-20 15:38:00.268781-05:00,41.9652207,-93.7630205,222.0,mid-band,00019C01F,630720.0,-99.0,-3,-11,,
2026-03-20 15:38:03.049283-05:00,41.9652219,-93.7633488,9.91,mid-band,00019C01F,630720.0,-98.0,-5,-18,,
2026-03-20 15:38:05.617865-05:00,41.965221,-93.7638335,16.8,mid-band,00019C01F,630720.0,-97.0,-6,-11,,
2026-03-20 15:38:08.193280-05:00,41.9652218,-93.7643097,,,,,,,,,
2026-03-20 15:38:13.854456-05:00,41.9652226,-93.7650777,,,,,,,,,
2026-03-20 15:38:19.515370-05:00,41.9652253,-93.7659892,,,,,,,,,
2026-03-20 15:38:25.176601-05:00,41.9652266,-93.7669142,,,,,,,,,
2026-03-20 15:38:30.838007-05:00,41.9652256,-93.7676547,,,,,,,,,
2026-03-20 15:38:36.498705-05:00,41.9652245,-93.768565,,,,,,,,,
2026-03-20 15:38:42.159943-05:00,41.9652168,-93.7695319,,,,,,,,,
2026-03-20 15:38:47.821354-05:00,41.9652161,-93.7711937,,,,,,,,,
2026-03-20 15:38:59.444416-05:00,41.965221,-93.7720584,,,,,,,,,
2026-03-20 15:39:05.105580-05:00,41.9652194,-93.7729599,,,,,,,,,
2026-03-20 15:39:10.765961-05:00,41.9652187,-93.7737448,,,,,,,,,
2026-03-20 15:39:16.426668-05:00,41.9652184,-93.7747213,,,,,,,,,
2026-03-20 15:39:22.087827-05:00,41.9652205,-93.7756405,,,,,,,,,
2026-03-20 15:39:27.748933-05:00,41.9652548,-93.7759724,,,,,,,,,
2026-03-20 15:39:33.410292-05:00,41.9652442,-93.7759829,,,,,,,,,
2026-03-20 15:39:39.070650-05:00,41.9652113,-93.7761082,,,,,,,,,
2026-03-20 15:39:44.731908-05:00,41.9652113,-93.7765683,,,,,,,,,
2026-03-20 15:39:50.392260-05:00,41.9652157,-93.7772222,,,,,,,,,
2026-03-20 15:39:56.053767-05:00,41.9652214,-93.7788047,,,,,,,,,
2026-03-20 15:40:09.945221-05:00,41.9652302,-93.7795584,,,,,,,,,
2026-03-20 15:40:15.606436-05:00,41.9652332,-93.780302,,,,,,,,,
2026-03-20 15:40:21.267728-05:00,41.9652345,-93.7810213,,,,,,,,,
2026-03-20 15:40:26.929107-05:00,41.9652352,-93.7816132,,,,,,,,,
2026-03-20 15:40:32.589936-05:00,41.9652354,-93.7823582,,,,,,,,,
2026-03-20 15:40:38.250662-05:00,41.9652347,-93.7831372,,,,,,,,,
2026-03-20 15:40:43.911902-05:00,41.965234,-93.7837953,,,,,,,,,
2026-03-20 15:40:49.573249-05:00,41.9652336,-93.7845834,,,,,,,,,
2026-03-20 15:40:55.234367-05:00,41.9652339,-93.7853846,,,,,,,,,
2026-03-20 15:41:00.895525-05:00,41.9652314,-93.7860533,,,,,,,,,
2026-03-20 15:41:06.556661-05:00,41.9652125,-93.7877917,,,,,,,,,
2026-03-20 15:41:19.940512-05:00,41.9652034,-93.7886368,,,,,,,,,
2026-03-20 15:41:25.600949-05:00,41.9651956,-93.7894988,,,,,,,,,
2026-03-20 15:41:31.261630-05:00,41.9651885,-93.7903581,,,,,,,,,
2026-03-20 15:41:36.921936-05:00,41.9651799,-93.7910616,,,,,,,,,
2026-03-20 15:41:42.583254-05:00,41.965173,-93.7918899,,,,,,,,,
2026-03-20 15:41:48.244541-05:00,41.9651643,-93.7926984,,,,,,,,,
2026-03-20 15:41:53.905905-05:00,41.9651556,-93.7933769,,,,,,,,,
2026-03-20 15:41:59.567314-05:00,41.9651448,-93.7942059,,,,,,,,,
2026-03-20 15:42:05.228585-05:00,41.9651365,-93.7950271,,,,,,,,,
2026-03-20 15:42:10.889890-05:00,41.9650689,-93.7954312,,,,,,,,,
2026-03-20 15:42:16.551344-05:00,41.9648433,-93.7954428,,,,,,,,,
2026-03-20 15:42:29.953113-05:00,41.964736,-93.7954462,,,,,,,,,
2026-03-20 15:42:35.614340-05:00,41.9647216,-93.7954404,,,,,,,,,
2026-03-20 15:42:41.275063-05:00,41.9647163,-93.7954361,,,,,,,,,
2026-03-20 15:42:46.936187-05:00,41.9647167,-93.7954316,,,,,,,,,
2026-03-20 15:42:52.597467-05:00,41.9647167,-93.7954318,,,,,,,,,
2026-03-20 15:42:58.258751-05:00,41.9647167,-93.7954345,,,,,,,,,
2026-03-20 15:43:03.919976-05:00,41.9647155,-93.7954326,,,,,,,,,
2026-03-20 15:43:09.581955-05:00,41.9647197,-93.7954296,,,,,,,,,
2026-03-20 15:43:15.243512-05:00,41.9647223,-93.795426,,,,,,,,,
2026-03-20 15:43:20.904781-05:00,41.9647222,-93.7954259,,,,,,,,,
2026-03-20 15:43:26.566000-05:00,41.9647173,-93.7954297,,,,,,,,,
2026-03-20 15:43:39.946211-05:00,41.9647154,-93.7954349,,,,,,,,,
2026-03-20 15:43:45.607499-05:00,41.9647167,-93.7954374,,,,,,,,,
2026-03-20 15:43:51.268697-05:00,41.9647152,-93.7954375,,,,,,,,,
2026-03-20 15:43:56.929750-05:00,41.9647153,-93.7954351,,,,,,,,,
2026-03-20 15:44:02.591079-05:00,41.9647169,-93.7954313,,,,,,,,,
2026-03-20 15:44:08.252356-05:00,41.964719,-93.7954279,,,,,,,,,
2026-03-20 15:44:13.913646-05:00,41.9647189,-93.7954273,,,,,,,,,
2026-03-20 15:44:19.574216-05:00,41.9647215,-93.7954274,,,,,,,,,
2026-03-20 15:44:25.234642-05:00,41.9647232,-93.7954271,,,,,,,,,
2026-03-20 15:44:30.896005-05:00,41.9647257,-93.7954278,,,,,,,,,
2026-03-20 15:44:36.557140-05:00,41.9647291,-93.7954438,,,,,,,,,
2026-03-20 15:44:49.946785-05:00,41.9647315,-93.7954467,,,,,,,,,
2026-03-20 15:44:55.608084-05:00,41.9647319,-93.7954472,,,,,,,,,
2026-03-20 15:45:01.269330-05:00,41.9647274,-93.7954468,,,,,,,,,
2026-03-20 15:45:06.930609-05:00,41.9647271,-93.7954473,,,,,,,,,
2026-03-20 15:45:12.591842-05:00,41.9647287,-93.7954491,,,,,,,,,
2026-03-20 15:45:18.253022-05:00,41.9647298,-93.7954531,,,,,,,,,
2026-03-20 15:45:23.914302-05:00,41.9647293,-93.7954545,,,,,,,,,
2026-03-20 15:45:29.575391-05:00,41.9647288,-93.795458,,,,,,,,,
2026-03-20 15:45:35.236492-05:00,41.9646021,-93.7954456,,,,,,,,,
2026-03-20 15:45:40.897635-05:00,41.964389,-93.79544,,,,,,,,,
2026-03-20 15:45:46.558890-05:00,41.9635641,-93.7954287,,,,,,,,,
2026-03-20 15:45:59.950314-05:00,41.9631597,-93.7954271,,,,,,,,,
2026-03-20 15:46:05.611573-05:00,41.9627319,-93.7954188,,,,,,,,,
2026-03-20 15:46:11.272611-05:00,41.9622439,-93.7954127,,,,,,,,,
2026-03-20 15:46:16.933682-05:00,41.9617925,-93.7954077,,,,,,,,,
2026-03-20 15:46:22.594401-05:00,41.9612076,-93.7954067,,,,,,,,,
2026-03-20 15:46:28.255369-05:00,41.9606162,-93.7954137,,,,,,,,,
2026-03-20 15:46:33.916552-05:00,41.9601598,-93.7954127,,,,,,,,,
2026-03-20 15:46:39.577734-05:00,41.9596255,-93.7954107,,,,,,,,,
2026-03-20 15:46:45.239025-05:00,41.9591049,-93.79541,,,,,,,,,
2026-03-20 15:46:50.899381-05:00,41.9586824,-93.7954061,,,,,,,,,
2026-03-20 15:46:56.560540-05:00,41.9575903,-93.7954187,13.9,mid-band,00019C01F,630720.0,-83.0,3,-10,,
2026-03-20 15:47:06.856581-05:00,41.9573241,-93.7954124,17.3,mid-band,00019C01F,630720.0,-83.0,2,-10,,
2026-03-20 15:47:09.432476-05:00,41.9570528,-93.7954071,21.2,mid-band,00019C01F,630720.0,-85.0,0,-11,,
2026-03-20 15:47:12.012375-05:00,41.9568723,-93.795406,62.9,mid-band,00019C01F,630720.0,-90.0,0,-11,12.8,42.8
2026-03-20 15:47:14.634067-05:00,41.9566083,-93.7954067,34.3,mid-band,00019C01F,630720.0,-87.0,5,-10,11.4,319.0
2026-03-20 15:47:17.226415-05:00,41.9563518,-93.7954016,31.3,mid-band,00019C01F,630720.0,-88.0,0,-11,25.4,289.0
2026-03-20 15:47:19.816070-05:00,41.9561798,-93.7953993,23.6,mid-band,00019C01F,630720.0,-95.0,-1,-11,36.2,202.0
2026-03-20 15:47:22.398612-05:00,41.9559142,-93.7953979,24.5,mid-band,00019C01F,630720.0,-99.0,-3,-11,40.4,279.0
2026-03-20 15:47:24.982131-05:00,41.9557328,-93.7954013,93.7,mid-band,00019C01F,630720.0,-102.0,-6,-11,7.25,122.0
2026-03-20 15:47:27.634832-05:00,41.9554583,-93.7954087,,,,,,,,7.24,62.9
2026-03-20 15:47:33.296226-05:00,41.954939,-93.7954045,,,,,,,,,
2026-03-20 15:47:38.957570-05:00,41.9545229,-93.7953962,,,,,,,,,
2026-03-20 15:47:44.618905-05:00,41.9540471,-93.79539,,,,,,,,,
2026-03-20 15:47:50.280275-05:00,41.9535824,-93.7953935,,,,,,,,,
2026-03-20 15:47:55.941840-05:00,41.9531809,-93.7953929,,,,,,,,,
2026-03-20 15:48:01.603241-05:00,41.9526877,-93.7954007,,,,,,,,,
2026-03-20 15:48:07.264465-05:00,41.951694,-93.7953916,33.0,mid-band,00019C01F,630720.0,-93.0,2,-11,,
2026-03-20 15:48:16.374169-05:00,41.9514345,-93.795393,33.1,mid-band,00019C01F,630720.0,-96.0,0,-11,7.25,301.0
2026-03-20 15:48:18.966272-05:00,41.9512564,-93.7953968,38.2,mid-band,00019C01F,630720.0,-96.0,2,-11,36.8,283.0
2026-03-20 15:48:21.563391-05:00,41.9509931,-93.7954005,41.4,mid-band,00019C01F,630720.0,-97.0,-7,-12,36.8,265.0
2026-03-20 15:48:24.163749-05:00,41.9507756,-93.7953987,86.7,mid-band,00019C01F,630720.0,-95.0,-4,-11,21.7,240.0
2026-03-20 15:48:26.809372-05:00,41.9506731,-93.7953659,34.6,mid-band,00019C01F,630720.0,-89.0,-3,-11,21.7,148.0
2026-03-20 15:48:29.402855-05:00,41.9505983,-93.7952143,41.9,mid-band,00019C01F,630720.0,-92.0,-3,-11,35.2,290.0
2026-03-20 15:48:32.003829-05:00,41.9505855,-93.7950867,,,,,,,,41.9,268.0
2026-03-20 15:48:37.665324-05:00,41.9505847,-93.7946817,,,,,,,,,
2026-03-20 15:48:43.326626-05:00,41.950581,-93.7941767,,,,,,,,,
2026-03-20 15:48:48.987939-05:00,41.9505796,-93.7937512,,,,,,,,,
2026-03-20 15:48:54.649000-05:00,41.950579,-93.7932353,,,,,,,,,
2026-03-20 15:49:00.310207-05:00,41.9505789,-93.7926563,,,,,,,,,
2026-03-20 15:49:05.970675-05:00,41.9505796,-93.7921231,,,,,,,,,
2026-03-20 15:49:11.631375-05:00,41.9505762,-93.7914963,,,,,,,,,
2026-03-20 15:49:17.292842-05:00,41.950573,-93.790297,,,,,,,,,
2026-03-20 15:49:29.440897-05:00,41.9505712,-93.7896919,,,,,,,,,
2026-03-20 15:49:35.101975-05:00,41.9505744,-93.7890505,,,,,,,,,
2026-03-20 15:49:40.762679-05:00,41.950578,-93.7885117,,,,,,,,,
2026-03-20 15:49:46.423366-05:00,41.95058,-93.7878726,,,,,,,,,
2026-03-20 15:49:52.084569-05:00,41.9505781,-93.7872114,,,,,,,,,
2026-03-20 15:49:57.745972-05:00,41.9505789,-93.7866635,,,,,,,,,
2026-03-20 15:50:03.406683-05:00,41.9505809,-93.7860222,,,,,,,,,
2026-03-20 15:50:09.067924-05:00,41.9505771,-93.7854231,,,,,,,,,
2026-03-20 15:50:14.729249-05:00,41.950578,-93.7849321,,,,,,,,,
2026-03-20 15:50:20.390645-05:00,41.9505777,-93.7843566,,,,,,,,,
2026-03-20 15:50:26.051869-05:00,41.9505583,-93.78307,,,,,,,,,
2026-03-20 15:50:39.945064-05:00,41.9505557,-93.7824542,,,,,,,,,
2026-03-20 15:50:45.606014-05:00,41.9505571,-93.7818611,,,,,,,,,
2026-03-20 15:50:51.266687-05:00,41.9505629,-93.7812747,,,,,,,,,
2026-03-20 15:50:56.927366-05:00,41.9505691,-93.7807796,,,,,,,,,
2026-03-20 15:51:02.588609-05:00,41.950573,-93.7801353,,,,,,,,,
2026-03-20 15:51:08.249753-05:00,41.9505804,-93.7795093,,mid-band,00019C01F,630720.0,-94.0,1,-11,,
2026-03-20 15:51:11.808473-05:00,41.9505797,-93.7791998,20.0,mid-band,00019C01F,630720.0,-95.0,2,-11,,
2026-03-20 15:51:14.387080-05:00,41.9505782,-93.778887,30.9,mid-band,00019C01F,630720.0,-109.0,-2,-11,,
2026-03-20 15:51:16.976539-05:00,41.9505758,-93.7786808,,mid-band,00019C01F,630720.0,-107.0,-3,-11,,
2026-03-20 15:51:22.637791-05:00,41.9505737,-93.7780508,,mid-band,FFFFFFFFF,-1.0,-98.0,0,-11,1.98,18.4
2026-03-20 15:51:26.196515-05:00,41.9505703,-93.777636,,,,,,,,,
2026-03-20 15:51:31.857319-05:00,41.9505714,-93.7771697,,mid-band,FFFFFFFFF,-1.0,-87.0,13,-10,,
2026-03-20 15:51:36.467301-05:00,41.9505785,-93.7761205,,,,,,,,,
2026-03-20 15:51:49.948676-05:00,41.9505906,-93.775515,,,,,,,,,
2026-03-20 15:51:55.610247-05:00,41.9505877,-93.7748982,,,,,,,,,
2026-03-20 15:52:01.271366-05:00,41.9505882,-93.7742784,,,,,,,,,
2026-03-20 15:52:06.932587-05:00,41.9505926,-93.7737568,,,,,,,,,
2026-03-20 15:52:12.593829-05:00,41.9505929,-93.7731591,,,,,,,,,
2026-03-20 15:52:18.255074-05:00,41.9505959,-93.7726222,,,,,,,,,
2026-03-20 15:52:23.916343-05:00,41.9506013,-93.7721582,,,,,,,,,
2026-03-20 15:52:29.577589-05:00,41.9506083,-93.7715438,,,,,,,,,
2026-03-20 15:52:35.238680-05:00,41.9506026,-93.7709781,,,,,,,,,
2026-03-20 15:52:40.899856-05:00,41.9505914,-93.7705083,,,,,,,,,
2026-03-20 15:52:46.561003-05:00,41.9506036,-93.7691933,,,,,,,,,
2026-03-20 15:52:59.945064-05:00,41.9506077,-93.7685776,,,,,,,,,
2026-03-20 15:53:05.605966-05:00,41.9506045,-93.7679733,,,,,,,,,
2026-03-20 15:53:11.267089-05:00,41.9506013,-93.7673573,,,,,,,,,
2026-03-20 15:53:16.928399-05:00,41.9506014,-93.7668084,,,,,,,,,
2026-03-20 15:53:22.589570-05:00,41.9505928,-93.7661482,,,,,,,,,
2026-03-20 15:53:28.250749-05:00,41.9505917,-93.765513,,,,,,,,,
2026-03-20 15:53:33.912001-05:00,41.9505954,-93.7649707,,,,,,,,,
2026-03-20 15:53:39.573149-05:00,41.9505862,-93.7643037,,,,,,,,,
2026-03-20 15:53:45.234280-05:00,41.9505866,-93.7636272,,,,,,,,,
2026-03-20 15:53:50.895521-05:00,41.9505887,-93.763054,,,,,,,,,
2026-03-20 15:53:56.557042-05:00,41.9505796,-93.761577,,,,,,,,,
2026-03-20 15:54:09.940417-05:00,41.9505662,-93.7608635,,,,,,,,,
2026-03-20 15:54:15.601713-05:00,41.9505569,-93.7601836,,,,,,,,,
2026-03-20 15:54:21.262652-05:00,41.9505539,-93.7595116,,,,,,,,,
2026-03-20 15:54:26.923938-05:00,41.9505592,-93.7589917,,,,,,,,,
2026-03-20 15:54:32.585223-05:00,41.9505697,-93.7583929,,,,,,,,,
2026-03-20 15:54:38.246530-05:00,41.9505784,-93.7577884,,,,,,,,,
2026-03-20 15:54:43.907762-05:00,41.9505801,-93.7573133,,,,,,,,,
2026-03-20 15:54:49.568998-05:00,41.950588,-93.7567989,,,,,,,,,
2026-03-20 15:54:55.230303-05:00,41.9505845,-93.7563315,,,,,,,,,
2026-03-20 15:55:00.891614-05:00,41.9505895,-93.7559452,,,,,,,,,
2026-03-20 15:55:06.552773-05:00,41.9505976,-93.7549078,,,,,,,,,
2026-03-20 15:55:19.939721-05:00,41.9505891,-93.754348,,,,,,,,,
2026-03-20 15:55:25.600937-05:00,41.9505806,-93.7537388,,,,,,,,,
2026-03-20 15:55:31.262168-05:00,41.9505822,-93.7531504,,,,,,,,,
2026-03-20 15:55:36.922679-05:00,41.9505868,-93.7526865,,,,,,,,,
2026-03-20 15:55:42.583931-05:00,41.9505874,-93.752089,,,,,,,,,
2026-03-20 15:55:48.245177-05:00,41.9505758,-93.7515858,,,,,,,,,
2026-03-20 15:55:53.906007-05:00,41.9505837,-93.7512044,,,,,,,,,
2026-03-20 15:55:59.567295-05:00,41.9505866,-93.7506641,,,,,,,,,
2026-03-20 15:56:05.228742-05:00,41.950587,-93.750068,,,,,,,,,
2026-03-20 15:56:10.890037-05:00,41.9505881,-93.7495591,,,,,,,,,
2026-03-20 15:56:16.550667-05:00,41.9505902,-93.7482812,,,,,,,,,
2026-03-20 15:56:29.942695-05:00,41.9505934,-93.7477222,,,,,,,,,
2026-03-20 15:56:35.603393-05:00,41.9505869,-93.7471285,,,,,,,,,
2026-03-20 15:56:41.264569-05:00,41.9505851,-93.746536,,,,,,,,,
2026-03-20 15:56:46.925658-05:00,41.9505865,-93.7460439,,,,,,,,,
2026-03-20 15:56:52.586923-05:00,41.9505892,-93.7454254,,,,,,,,,
2026-03-20 15:56:58.247374-05:00,41.9505903,-93.7448146,,,,,,,,,
2026-03-20 15:57:03.908493-05:00,41.950589,-93.7443086,,,,,,,,,
2026-03-20 15:57:09.569645-05:00,41.9505912,-93.7437328,,,,,,,,,
2026-03-20 15:57:15.231002-05:00,41.9505933,-93.7431572,,,,,,,,,
2026-03-20 15:57:20.892200-05:00,41.9505895,-93.7426224,,,,,,,,,
2026-03-20 15:57:26.553535-05:00,41.9505822,-93.7411773,,,,,,,,,
2026-03-20 15:57:39.938660-05:00,41.9505832,-93.7405771,,,,,,,,,
2026-03-20 15:57:45.599902-05:00,41.9505812,-93.73999,,,,,,,,,
2026-03-20 15:57:51.261252-05:00,41.950579,-93.7393716,,,,,,,,,
2026-03-20 15:57:56.922835-05:00,41.9505811,-93.7388915,,,,,,,,,
2026-03-20 15:58:02.584263-05:00,41.9505832,-93.738384,,,,,,,,,
2026-03-20 15:58:08.245501-05:00,41.9505798,-93.7378559,,,,,,,,,
2026-03-20 15:58:13.906758-05:00,41.9505818,-93.737382,,,,,,,,,
2026-03-20 15:58:19.567979-05:00,41.9505834,-93.7368407,,,,,,,,,
2026-03-20 15:58:25.229231-05:00,41.9505778,-93.7362973,,,,,,,,,
2026-03-20 15:58:30.890550-05:00,41.9505747,-93.735848,,,,,,,,,
2026-03-20 15:58:36.551312-05:00,41.9505803,-93.7347066,,,,,,,,,
2026-03-20 15:58:49.937583-05:00,41.9505807,-93.7341652,,,,,,,,,
2026-03-20 15:58:55.598809-05:00,41.9505785,-93.7336079,,,,,,,,,
2026-03-20 15:59:01.259371-05:00,41.950574,-93.7330187,,,,,,,,,
2026-03-20 15:59:06.920670-05:00,41.950573,-93.73254,,,,,,,,,
2026-03-20 15:59:12.581795-05:00,41.9505701,-93.7319787,,,,,,,,,
2026-03-20 15:59:18.242985-05:00,41.9505745,-93.7314379,,,,,,,,,
2026-03-20 15:59:23.904073-05:00,41.9505772,-93.7309911,,,,,,,,,
2026-03-20 15:59:29.565549-05:00,41.9505692,-93.7304384,,,,,,,,,
2026-03-20 15:59:35.226796-05:00,41.9505724,-93.7298562,,,,,,,,,
2026-03-20 15:59:40.888019-05:00,41.9505725,-93.7293587,,,,,,,,,
2026-03-20 15:59:46.549358-05:00,41.950565,-93.7281,,,,,,,,,
2026-03-20 15:59:59.937267-05:00,41.95056,-93.7275009,,,,,,,,,
2026-03-20 16:00:05.598679-05:00,41.9505626,-93.726891,,,,,,,,,
2026-03-20 16:00:11.260023-05:00,41.9505611,-93.7263079,,,,,,,,,
2026-03-20 16:00:16.921404-05:00,41.9505614,-93.725833,,,,,,,,,
2026-03-20 16:00:22.582616-05:00,41.9505598,-93.725248,,,,,,,,,
2026-03-20 16:00:28.243880-05:00,41.9505569,-93.7246639,,,,,,,,,
2026-03-20 16:00:33.905222-05:00,41.9505516,-93.7241541,,,,,,,,,
2026-03-20 16:00:39.566370-05:00,41.9505539,-93.7235235,,,,,,,,,
2026-03-20 16:00:45.227222-05:00,41.9505561,-93.7228993,,,,,,,,,
2026-03-20 16:00:50.888515-05:00,41.9505535,-93.7223774,,,,,,,,,
2026-03-20 16:00:56.549768-05:00,41.9505519,-93.7211329,,,,,,,,,
2026-03-20 16:01:09.937185-05:00,41.9505488,-93.7204921,,,,,,,,,
2026-03-20 16:01:15.598441-05:00,41.9505454,-93.7198415,,,,,,,,,
2026-03-20 16:01:21.259807-05:00,41.9505423,-93.7192178,,,,,,,,,
2026-03-20 16:01:26.921071-05:00,41.9505386,-93.7186903,,,,,,,,,
2026-03-20 16:01:32.582354-05:00,41.9505414,-93.7180479,,,,,,,,,
2026-03-20 16:01:38.242736-05:00,41.9505374,-93.7174164,,,,,,,,,
2026-03-20 16:01:43.903383-05:00,41.9505355,-93.7168759,,,,,,,,,
2026-03-20 16:01:49.564649-05:00,41.9505331,-93.7162211,,,,,,,,,
2026-03-20 16:01:55.226048-05:00,41.9505313,-93.7155603,,,,,,,,,
2026-03-20 16:02:00.887611-05:00,41.950532,-93.7150165,,,,,,,,,
2026-03-20 16:02:06.548919-05:00,41.950526,-93.7136485,,,,,,,,,
2026-03-20 16:02:19.933993-05:00,41.9505289,-93.7130029,,,,,,,,,
2026-03-20 16:02:25.595359-05:00,41.9505248,-93.7123308,,,,,,,,,
2026-03-20 16:02:31.256606-05:00,41.9505278,-93.711674,,,,,,,,,
2026-03-20 16:02:36.917921-05:00,41.9505282,-93.7111428,,,,,,,,,
2026-03-20 16:02:42.579170-05:00,41.9505269,-93.710497,,,,,,,,,
2026-03-20 16:02:48.240641-05:00,41.950524,-93.7098401,,,,,,,,,
2026-03-20 16:02:53.902000-05:00,41.950522,-93.7092886,,,,,,,,,
2026-03-20 16:02:59.563312-05:00,41.9505202,-93.7086199,,,,,,,,,
2026-03-20 16:03:05.224606-05:00,41.9505198,-93.7079753,,,,,,,,,
2026-03-20 16:03:10.885940-05:00,41.9505154,-93.7074453,,,,,,,,,
2026-03-20 16:03:16.547272-05:00,41.9505102,-93.7060388,,,,,,,,,
2026-03-20 16:03:29.942975-05:00,41.9505172,-93.705417,,,,,,,,,
2026-03-20 16:03:35.604329-05:00,41.950517,-93.7047926,,,,,,,,,
2026-03-20 16:03:41.265673-05:00,41.9505118,-93.7041726,,,,,,,,,
2026-03-20 16:03:46.927142-05:00,41.9505136,-93.7036109,,,,,,,,,
2026-03-20 16:03:52.588549-05:00,41.9505099,-93.7029007,,,,,,,,,
2026-03-20 16:03:58.250028-05:00,41.9505074,-93.7022189,,,,,,,,,
2026-03-20 16:04:03.911569-05:00,41.9505074,-93.7016628,,,,,,,,,
2026-03-20 16:04:09.573044-05:00,41.9505041,-93.7009952,,,,,,,,,
2026-03-20 16:04:15.234412-05:00,41.9505058,-93.7003467,,,,,,,,,
2026-03-20 16:04:20.895890-05:00,41.9505054,-93.6998315,,,,,,,,,
2026-03-20 16:04:26.557223-05:00,41.9505071,-93.698447,,,,,,,,,
2026-03-20 16:04:39.939660-05:00,41.950502,-93.6978376,,,,,,,,,
2026-03-20 16:04:45.600780-05:00,41.9504958,-93.6971957,,,,,,,,,
2026-03-20 16:04:51.261916-05:00,41.9504972,-93.6965335,,,,,,,,,
2026-03-20 16:04:56.923104-05:00,41.9505027,-93.6959729,,,,,,,,,
2026-03-20 16:05:02.584345-05:00,41.9504903,-93.6952813,,,,,,,,,
2026-03-20 16:05:08.245672-05:00,41.950491,-93.6946458,,,,,,,,,
2026-03-20 16:05:13.907040-05:00,41.9504974,-93.6941063,,,,,,,,,
2026-03-20 16:05:19.568277-05:00,41.950498,-93.6934133,,,,,,,,,
2026-03-20 16:05:25.229529-05:00,41.9504959,-93.6927087,,,,,,,,,
2026-03-20 16:05:30.890785-05:00,41.9504937,-93.6921683,,,,,,,,,
2026-03-20 16:05:36.552026-05:00,41.9504949,-93.6907755,38.3,mid-band,0001A0015,630720.0,-102.0,-5,-11,,
2026-03-20 16:05:46.871398-05:00,41.9504929,-93.6904092,31.1,mid-band,0001A0015,630720.0,-101.0,-3,-11,,
2026-03-20 16:05:49.461187-05:00,41.9504901,-93.6900519,37.6,mid-band,0001A0015,630720.0,-101.0,-6,-11,,
2026-03-20 16:05:52.057524-05:00,41.9504858,-93.6898187,39.9,mid-band,0001A0015,630720.0,-100.0,-6,-11,,
2026-03-20 16:05:54.656529-05:00,41.9504835,-93.6894779,,,,,,,,,
2026-03-20 16:06:00.317905-05:00,41.9504841,-93.6888074,,,,,,,,,
2026-03-20 16:06:05.979243-05:00,41.9504812,-93.6882421,,,,,,,,,
2026-03-20 16:06:11.640630-05:00,41.9504812,-93.6875658,,,,,,,,,
2026-03-20 16:06:17.301903-05:00,41.9504748,-93.6868715,,,,,,,,,
2026-03-20 16:06:22.963162-05:00,41.950475,-93.6862418,,,,,,,,,
2026-03-20 16:06:28.624344-05:00,41.9504735,-93.6854736,,,,,,,,,
2026-03-20 16:06:34.285624-05:00,41.9504711,-93.6847695,,,,,,,,,
2026-03-20 16:06:39.946365-05:00,41.9504773,-93.6841828,,,,,,,,,
2026-03-20 16:06:45.607607-05:00,41.950472,-93.6834626,,,,,,,,,
2026-03-20 16:06:51.268893-05:00,41.9504787,-93.6812636,,,,,,,,,
2026-03-20 16:07:10.946020-05:00,41.9504665,-93.6803603,,,,,,,,,
2026-03-20 16:07:16.607323-05:00,41.9504643,-93.6794986,,,,,,,,,
2026-03-20 16:07:22.268561-05:00,41.9504663,-93.678609,,mid-band,0001A0015,630720.0,-97.0,-3,-11,,
2026-03-20 16:07:27.929950-05:00,41.9504649,-93.6781014,21.7,mid-band,0001A0015,630720.0,-95.0,-1,-11,,
2026-03-20 16:07:30.510380-05:00,41.9504626,-93.6780162,,mid-band,0001A0015,630720.0,-97.0,-7,-11,,
2026-03-20 16:07:35.120308-05:00,41.9503528,-93.6779082,,mid-band,FFFFFFFFF,-1.0,-89.0,0,-13,,
2026-03-20 16:07:38.679103-05:00,41.9501557,-93.6779121,17.5,mid-band,0001A0015,630720.0,-96.0,-4,-11,,
2026-03-20 16:07:41.255297-05:00,41.9498889,-93.6779252,21.3,mid-band,0001A0015,630720.0,-95.0,3,-11,,
2026-03-20 16:07:43.835308-05:00,41.9496848,-93.6779345,15.8,mid-band,0001A0015,630720.0,-100.0,-2,-11,,
2026-03-20 16:07:46.409831-05:00,41.9493592,-93.6779543,48.4,mid-band,0001A0015,630720.0,-94.0,1,-11,11.7,96.7
2026-03-20 16:07:49.016998-05:00,41.9491403,-93.677968,29.2,mid-band,0001A0015,630720.0,-103.0,-7,-18,12.4,285.0
2026-03-20 16:07:51.604982-05:00,41.9487998,-93.6779913,34.0,mid-band,0001A0015,630720.0,-102.0,-2,-11,10.4,212.0
2026-03-20 16:07:54.197811-05:00,41.9484491,-93.6780161,55.5,mid-band,0001A0015,630720.0,-97.0,-1,-11,9.32,245.0
2026-03-20 16:07:56.811434-05:00,41.9482176,-93.6780337,30.8,mid-band,0001A0015,630720.0,-101.0,-6,-11,6.21,190.0
2026-03-20 16:07:59.401056-05:00,41.9478695,-93.6780585,,mid-band,FFFFFFFFF,-1.0,-102.0,0,-11,6.21,137.0
2026-03-20 16:08:02.959986-05:00,41.9475287,-93.6780833,,,,,,,,,
2026-03-20 16:08:08.621260-05:00,41.9464946,-93.6781967,,,,,,,,,
2026-03-20 16:08:19.432410-05:00,41.9464402,-93.6782063,,,,,,,,,
2026-03-20 16:08:25.093621-05:00,41.9464138,-93.678214,,,,,,,,,
2026-03-20 16:08:30.754658-05:00,41.9461555,-93.6781973,,,,,,,,,
2026-03-20 16:08:36.415380-05:00,41.9456155,-93.6782195,,,,,,,,,
2026-03-20 16:08:42.076491-05:00,41.9449193,-93.6782631,,mid-band,0001A0015,630720.0,-96.0,1,-11,,
2026-03-20 16:08:45.635069-05:00,41.9445693,-93.678303,23.7,mid-band,0001A0015,630720.0,-99.0,0,-11,,
2026-03-20 16:08:48.217502-05:00,41.9443263,-93.6783427,40.9,mid-band,0001A0015,630720.0,-101.0,-4,-11,,
2026-03-20 16:08:50.817118-05:00,41.9442325,-93.6783532,42.7,mid-band,0001A0015,630720.0,-102.0,-6,-12,,
2026-03-20 16:08:53.418665-05:00,41.9441974,-93.6783602,34.0,mid-band,0001A0015,630720.0,-98.0,-4,-14,,
2026-03-20 16:08:56.011350-05:00,41.9441968,-93.6783608,57.3,mid-band,0001A0015,630720.0,-100.0,-3,-12,,
2026-03-20 16:08:58.627071-05:00,41.9441963,-93.6783613,14.1,mid-band,0001A0015,630720.0,-100.0,-4,-12,,
2026-03-20 16:09:01.199950-05:00,41.9441931,-93.6783629,138.0,mid-band,0001A0015,630720.0,-102.0,-4,-16,9.32,183.0
2026-03-20 16:09:03.896403-05:00,41.9441867,-93.6783659,47.2,mid-band,0001A0015,630720.0,-102.0,-5,-17,10.4,235.0
2026-03-20 16:09:06.502573-05:00,41.944186,-93.6783674,42.2,mid-band,0001A0015,630720.0,-102.0,-5,-16,10.4,234.0
2026-03-20 16:09:09.103477-05:00,41.9441864,-93.6783691,25.3,mid-band,0001A0015,630720.0,-102.0,-5,-16,9.32,244.0
2026-03-20 16:09:11.687412-05:00,41.9441874,-93.6783715,37.0,mid-band,0001A0015,630720.0,-102.0,-5,-16,14.0,231.0
2026-03-20 16:09:14.282806-05:00,41.944187,-93.6783723,32.7,mid-band,0001A0015,630720.0,-101.0,-5,-15,11.4,215.0
2026-03-20 16:09:16.874467-05:00,41.9438924,-93.6783577,,,,,,,,5.69,223.0
2026-03-20 16:09:29.946348-05:00,41.943293,-93.6783726,,,,,,,,,
2026-03-20 16:09:35.607370-05:00,41.9425938,-93.6784169,,,,,,,,,
2026-03-20 16:09:41.268604-05:00,41.9418422,-93.6784664,,,,,,,,,
2026-03-20 16:09:46.929729-05:00,41.941179,-93.6785123,,,,,,,,,
2026-03-20 16:09:52.590025-05:00,41.9403579,-93.6785657,,,,,,,,,
2026-03-20 16:09:58.250688-05:00,41.9395346,-93.6786257,,,,,,,,,
2026-03-20 16:10:03.911410-05:00,41.9388506,-93.6786715,,mid-band,0001A0015,630720.0,-101.0,-6,-17,,
2026-03-20 16:10:07.469899-05:00,41.9383093,-93.6787026,22.3,mid-band,0001A0015,630720.0,-98.0,-3,-14,,
2026-03-20 16:10:10.051042-05:00,41.9380526,-93.6787196,34.8,mid-band,0001A0015,630720.0,-103.0,-3,-11,,
2026-03-20 16:10:12.644105-05:00,41.9376851,-93.6787419,29.4,mid-band,0001A0015,630720.0,-99.0,-4,-12,,
2026-03-20 16:10:15.231415-05:00,41.9373234,-93.6787724,29.8,mid-band,0001A0015,630720.0,-93.0,1,-11,,
2026-03-20 16:10:17.819377-05:00,41.9370757,-93.6787896,23.1,mid-band,0001A0015,630720.0,-97.0,3,-11,17.1,312.0
2026-03-20 16:10:20.401328-05:00,41.9367007,-93.6788114,22.9,mid-band,0001A0015,630720.0,-93.0,6,-11,17.1,271.0
2026-03-20 16:10:22.982678-05:00,41.9364887,-93.6788213,29.8,mid-band,0001A0015,630720.0,-90.0,9,-10,17.1,202.0
2026-03-20 16:10:25.570488-05:00,41.9362767,-93.678873,18.0,mid-band,0001A0015,630720.0,-100.0,4,-11,22.8,276.0
2026-03-20 16:10:28.147339-05:00,41.9361534,-93.6794382,53.8,mid-band,0001A0015,630720.0,-113.0,-7,-18,5.69,180.0
2026-03-20 16:10:36.386570-05:00,41.9361513,-93.6796908,,,,,,,,,
2026-03-20 16:10:42.047782-05:00,41.9361456,-93.6801579,,,,,,,,,
2026-03-20 16:10:47.708943-05:00,41.9361443,-93.6808155,,,,,,,,,
2026-03-20 16:10:53.370113-05:00,41.9361415,-93.6815347,,,,,,,,,
2026-03-20 16:10:59.031381-05:00,41.936141,-93.682138,26.0,mid-band,0001A0015,630720.0,-106.0,-2,-11,,
2026-03-20 16:11:01.615957-05:00,41.9361422,-93.6825203,23.5,mid-band,0001A0015,630720.0,-102.0,-1,-11,,
2026-03-20 16:11:04.198149-05:00,41.9361443,-93.6829132,43.4,mid-band,0001A0015,630720.0,-104.0,-2,-11,,
2026-03-20 16:11:06.799404-05:00,41.9361449,-93.6831759,38.0,mid-band,0001A0015,630720.0,-107.0,-3,-11,,
2026-03-20 16:11:09.395990-05:00,41.936144,-93.6835717,62.4,mid-band,0001A0015,630720.0,-113.0,-9,-12,,
2026-03-20 16:11:12.016766-05:00,41.9361447,-93.6838363,189.0,mid-band,0001A0015,630720.0,-115.0,-12,-17,,
2026-03-20 16:11:14.764675-05:00,41.9361482,-93.6842302,,mid-band,FFFFFFFFF,-1.0,-96.0,0,-11,0.841,3.52
2026-03-20 16:11:20.425550-05:00,41.9361519,-93.6849766,101.0,mid-band,0001A0015,630720.0,-102.0,-2,-11,,
2026-03-20 16:11:23.084948-05:00,41.93615,-93.6853235,23.1,mid-band,0001A0015,630720.0,-103.0,-7,-17,,
2026-03-20 16:11:25.666541-05:00,41.9361475,-93.6855478,12.5,mid-band,0001A0015,630720.0,-100.0,1,-11,5.66,76.8
2026-03-20 16:11:28.237580-05:00,41.936144,-93.6858966,12.1,mid-band,0001A0015,630720.0,-96.0,6,-11,16.0,98.5
2026-03-20 16:11:30.808209-05:00,41.9361435,-93.6861452,9.7,mid-band,0001A0015,630720.0,-95.0,9,-11,23.3,147.0
2026-03-20 16:11:33.376586-05:00,41.9361431,-93.6865271,17.0,mid-band,0001A0015,630720.0,-100.0,0,-11,25.4,160.0
2026-03-20 16:11:35.952115-05:00,41.9361456,-93.6867766,15.8,mid-band,0001A0015,630720.0,-99.0,0,-11,23.8,206.0
2026-03-20 16:11:38.526075-05:00,41.9361565,-93.6877188,,mid-band,FFFFFFFFF,-1.0,-94.0,-1,-13,10.9,157.0
2026-03-20 16:11:48.385847-05:00,41.936152,-93.6882846,,,,,,,,,
2026-03-20 16:11:54.047204-05:00,41.93615,-93.6888762,,,,,,,,,
2026-03-20 16:11:59.708665-05:00,41.9361504,-93.6896001,,,,,,,,,
2026-03-20 16:12:05.369669-05:00,41.9361474,-93.6903034,,,,,,,,,
2026-03-20 16:12:11.030656-05:00,41.9361404,-93.6908479,,,,,,,,,
2026-03-20 16:12:16.691862-05:00,41.9361339,-93.6915462,,,,,,,,,
2026-03-20 16:12:22.353075-05:00,41.9361277,-93.6922365,,,,,,,,,
2026-03-20 16:12:28.014391-05:00,41.9361202,-93.6927646,,,,,,,,,
2026-03-20 16:12:33.675760-05:00,41.9361082,-93.693461,,,,,,,,,
2026-03-20 16:12:39.336961-05:00,41.9361047,-93.6942555,,,,,,,,,
2026-03-20 16:12:44.998333-05:00,41.9360982,-93.6949221,,,,,,,,,
2026-03-20 16:12:50.659776-05:00,41.9360898,-93.6960885,,,,,,,,,
2026-03-20 16:12:58.932422-05:00,41.9360843,-93.6967645,,,,,,,,,
2026-03-20 16:13:04.593666-05:00,41.9360731,-93.6975334,,,,,,,,,
2026-03-20 16:13:10.254943-05:00,41.9360832,-93.6980038,,,,,,,,,
2026-03-20 16:13:15.916239-05:00,41.9362594,-93.6981186,,,,,,,,,
2026-03-20 16:13:21.577478-05:00,41.9366528,-93.6981331,,,,,,,,,
2026-03-20 16:13:27.238723-05:00,41.9371575,-93.6981305,,,,,,,,,
2026-03-20 16:13:32.899926-05:00,41.9376178,-93.6981321,,,,,,,,,
2026-03-20 16:13:38.561206-05:00,41.9381562,-93.6981339,,,,,,,,,
2026-03-20 16:13:44.222000-05:00,41.9387036,-93.6981417,,,,,,,,,
2026-03-20 16:13:49.883269-05:00,41.9391357,-93.6981404,,,,,,,,,
2026-03-20 16:13:55.544442-05:00,41.940395,-93.6981329,,,,,,,,,
2026-03-20 16:14:09.939637-05:00,41.9409591,-93.698124,,,,,,,,,
2026-03-20 16:14:15.600886-05:00,41.9414885,-93.6981084,,,,,,,,,
2026-03-20 16:14:21.261995-05:00,41.9417322,-93.6980879,,,,,,,,,
2026-03-20 16:14:26.922990-05:00,41.9417332,-93.698087,,,,,,,,,
2026-03-20 16:14:32.584210-05:00,41.9417326,-93.6980874,,,,,,,,,
2026-03-20 16:14:38.245526-05:00,41.9417303,-93.6980869,,,,,,,,,
2026-03-20 16:14:43.906654-05:00,41.9417302,-93.6980883,,,,,,,,,
2026-03-20 16:14:49.567810-05:00,41.9417313,-93.6980879,,,,,,,,,
2026-03-20 16:14:55.228989-05:00,41.9417309,-93.6980886,,,,,,,,,
2026-03-20 16:15:00.890159-05:00,41.9417754,-93.6980946,,,,,,,,,
2026-03-20 16:15:06.551348-05:00,41.9425161,-93.6981159,,,,,,,,,
2026-03-20 16:15:19.940531-05:00,41.9429781,-93.6981198,,,,,,,,,
2026-03-20 16:15:25.601721-05:00,41.9434716,-93.6981169,,,,,,,,,
2026-03-20 16:15:31.263000-05:00,41.9439794,-93.698105,,,,,,,,,
2026-03-20 16:15:36.924411-05:00,41.9444172,-93.6981042,,,,,,,,,
2026-03-20 16:15:42.585655-05:00,41.9449754,-93.6981014,,,,,,,,,
2026-03-20 16:15:48.246669-05:00,41.945549,-93.6981046,,,,,,,,,
2026-03-20 16:15:53.908055-05:00,41.9460193,-93.6981072,,,,,,,,,
2026-03-20 16:15:59.569507-05:00,41.9465837,-93.6981011,,,,,,,,,
2026-03-20 16:16:05.231110-05:00,41.9471546,-93.698102,26.9,mid-band,00019C015,630720.0,-100.0,-2,-11,,
2026-03-20 16:16:07.816552-05:00,41.9473476,-93.6981035,,mid-band,FFFFFFFFF,-1.0,-103.0,-13,-20,,
2026-03-20 16:16:12.426589-05:00,41.947835,-93.6981006,,,,,,,,,
2026-03-20 16:16:18.087993-05:00,41.9488438,-93.6980895,,,,,,,,,
2026-03-20 16:16:29.436182-05:00,41.9493474,-93.6980906,,,,,,,,,
2026-03-20 16:16:35.097629-05:00,41.9498393,-93.698092,,,,,,,,,
2026-03-20 16:16:40.758638-05:00,41.9502365,-93.6980888,,,,,,,,,
2026-03-20 16:16:46.419903-05:00,41.9506441,-93.6980932,,,,,,,,,
2026-03-20 16:16:52.081169-05:00,41.9511405,-93.698098,,,,,,,,,
2026-03-20 16:16:57.742370-05:00,41.9515859,-93.6981003,,,,,,,,,
2026-03-20 16:17:03.403512-05:00,41.9521375,-93.6981054,,,,,,,,,
2026-03-20 16:17:09.064889-05:00,41.9526016,-93.6981071,,,,,,,,,
2026-03-20 16:17:14.725749-05:00,41.9531312,-93.6981106,,,,,,,,,
2026-03-20 16:17:20.386999-05:00,41.9536376,-93.698112,,,,,,,,,
2026-03-20 16:17:26.048321-05:00,41.9547666,-93.6981188,,,,,,,,,
2026-03-20 16:17:39.940452-05:00,41.9552656,-93.6981253,,,,,,,,,
2026-03-20 16:17:45.601732-05:00,41.9557281,-93.6981255,,,,,,,,,
2026-03-20 16:17:51.263038-05:00,41.9562185,-93.6981304,,,,,,,,,
2026-03-20 16:17:56.924477-05:00,41.9566681,-93.6981305,,,,,,,,,
2026-03-20 16:18:02.585794-05:00,41.9572026,-93.698131,,,,,,,,,
2026-03-20 16:18:08.247075-05:00,41.9576838,-93.6981362,,,,,,,,,
2026-03-20 16:18:13.908344-05:00,41.9580668,-93.6981417,,,,,,,,,
2026-03-20 16:18:19.569676-05:00,41.9585506,-93.6981485,,,,,,,,,
2026-03-20 16:18:25.230648-05:00,41.9590093,-93.6981521,,,,,,,,,
2026-03-20 16:18:30.891363-05:00,41.9593859,-93.6981543,,,,,,,,,
2026-03-20 16:18:36.552690-05:00,41.9604179,-93.6981546,,,,,,,,,
2026-03-20 16:18:49.941898-05:00,41.9609076,-93.6981617,,,,,,,,,
2026-03-20 16:18:55.603211-05:00,41.9614085,-93.6981642,,mid-band,0001A0015,630720.0,-102.0,0,-11,,
2026-03-20 16:19:01.264554-05:00,41.9619291,-93.6981703,15.5,mid-band,0001A0015,630720.0,-103.0,-3,-11,,
2026-03-20 16:19:03.838716-05:00,41.9621074,-93.6981739,26.2,mid-band,0001A0015,630720.0,-105.0,-6,-11,,
2026-03-20 16:19:06.423724-05:00,41.9623767,-93.6981784,,,,,,,,,
2026-03-20 16:19:12.084887-05:00,41.9628875,-93.6981815,,,,,,,,,
2026-03-20 16:19:17.745949-05:00,41.9632924,-93.6982027,,,,,,,,,
2026-03-20 16:19:23.407098-05:00,41.9638089,-93.6981905,,,,,,,,,
2026-03-20 16:19:29.068381-05:00,41.9643448,-93.6981804,,,,,,,,,
2026-03-20 16:19:34.729735-05:00,41.9647217,-93.698177,,,,,,,,,
2026-03-20 16:19:40.391101-05:00,41.9648407,-93.6981759,154.0,mid-band,00019C015,630720.0,-97.0,-3,-11,5.13,7.96
2026-03-20 16:19:43.104250-05:00,41.9649449,-93.6981794,67.8,mid-band,00019C015,630720.0,-95.0,-2,-11,6.21,101.0
2026-03-20 16:19:45.730921-05:00,41.9650346,-93.6981795,50.2,mid-band,00019C015,630720.0,-91.0,1,-11,7.76,320.0
2026-03-20 16:19:48.340201-05:00,41.9654109,-93.6981935,13.0,mid-band,00019C015,630720.0,-93.0,0,-11,16.0,286.0
2026-03-20 16:19:56.344642-05:00,41.9655522,-93.6981952,700.0,mid-band,0001A0015,630720.0,-95.0,-3,-11,28.5,252.0
2026-03-20 16:19:59.603548-05:00,41.9656963,-93.698195,,mid-band,00019C015,630720.0,-103.0,-8,-12,5.18,6.11
2026-03-20 16:20:03.162373-05:00,41.9659064,-93.6981946,85.5,mid-band,0001A0015,630720.0,-94.0,-7,-11,4.66,39.8
2026-03-20 16:20:05.806687-05:00,41.9660188,-93.698195,,mid-band,FFFFFFFFF,-1.0,-140.0,-,-,4.66,42.5
2026-03-20 16:20:11.467408-05:00,41.9663886,-93.698198,,,,,,,,,
2026-03-20 16:20:17.128719-05:00,41.966839,-93.6982051,,mid-band,0001A0015,630720.0,-98.0,-1,-11,,
2026-03-20 16:20:21.738883-05:00,41.9671736,-93.6982049,37.3,mid-band,0001A0015,630720.0,-103.0,-7,-11,,
2026-03-20 16:20:24.335015-05:00,41.9674175,-93.6982049,32.0,mid-band,0001A0015,630720.0,-108.0,-12,-19,4.66,130.0
2026-03-20 16:20:26.925722-05:00,41.967577,-93.6982057,,,,,,,,4.66,64.9
2026-03-20 16:20:32.587075-05:00,41.9680753,-93.698215,,,,,,,,,
2026-03-20 16:20:38.248504-05:00,41.9685935,-93.6982255,,,,,,,,,
2026-03-20 16:20:43.909925-05:00,41.9690324,-93.6982305,,,,,,,,,
2026-03-20 16:20:49.571268-05:00,41.9695255,-93.6982269,28.5,mid-band,00019C015,630720.0,-105.0,-6,-11,,
2026-03-20 16:20:52.158475-05:00,41.9697759,-93.6982268,6.27,mid-band,00019C015,630720.0,-98.0,4,-11,,
2026-03-20 16:20:54.723289-05:00,41.9699541,-93.6982287,12.2,mid-band,00019C015,630720.0,-106.0,-5,-11,,
2026-03-20 16:20:57.294490-05:00,41.9707326,-93.6982311,15.2,mid-band,00019C015,630720.0,-97.0,-4,-11,,
2026-03-20 16:21:06.348675-05:00,41.970955,-93.6982321,49.3,mid-band,00019C015,630720.0,-92.0,-1,-11,2.07,86.7
2026-03-20 16:21:08.956404-05:00,41.9710982,-93.6982311,46.0,mid-band,00019C015,630720.0,-105.0,-6,-11,4.14,93.4
2026-03-20 16:21:11.561343-05:00,41.9713095,-93.6982297,,mid-band,FFFFFFFFF,-1.0,-86.0,0,-14,1.03,15.9
2026-03-20 16:21:15.120105-05:00,41.9715889,-93.6982374,,mid-band,FFFFFFFFF,-1.0,-91.0,12,-10,,
2026-03-20 16:21:18.678800-05:00,41.9718108,-93.6982381,,,,,,,,,
2026-03-20 16:21:24.340137-05:00,41.9722886,-93.6982295,,,,,,,,,
2026-03-20 16:21:30.001385-05:00,41.9726699,-93.6982428,,,,,,,,,
2026-03-20 16:21:35.662652-05:00,41.9731395,-93.6982423,,,,,,,,,
2026-03-20 16:21:41.323960-05:00,41.9735653,-93.698245,,,,,,,,,
2026-03-20 16:21:46.985216-05:00,41.9739038,-93.6982574,,,,,,,,,
2026-03-20 16:21:52.646428-05:00,41.9743096,-93.6982715,,,,,,,,,
2026-03-20 16:21:58.308129-05:00,41.9748029,-93.6982749,,,,,,,,,
2026-03-20 16:22:03.969494-05:00,41.9752262,-93.6982765,,mid-band,00019C015,630720.0,-83.0,4,-11,,
2026-03-20 16:22:09.630730-05:00,41.9760202,-93.6982743,8.48,mid-band,00019C015,630720.0,-86.0,6,-11,11.9,63.5
2026-03-20 16:22:15.835756-05:00,41.9761793,-93.698281,11.2,mid-band,00019C015,630720.0,-85.0,4,-10,20.2,144.0
2026-03-20 16:22:18.405750-05:00,41.976425,-93.69829,16.9,mid-band,00019C015,630720.0,-87.0,8,-10,34.2,168.0
2026-03-20 16:22:20.981365-05:00,41.9765937,-93.698286,15.6,mid-band,00019C015,630720.0,-86.0,7,-10,28.0,176.0
2026-03-20 16:22:23.555474-05:00,41.9768432,-93.6982819,14.9,mid-band,00019C015,630720.0,-86.0,5,-11,30.5,209.0
2026-03-20 16:22:26.129092-05:00,41.9770853,-93.6982802,14.7,mid-band,00019C015,630720.0,-84.0,6,-11,17.6,186.0
2026-03-20 16:22:28.702543-05:00,41.9772428,-93.6982799,22.2,mid-band,00019C015,630720.0,-80.0,6,-11,49.7,284.0
2026-03-20 16:22:31.283678-05:00,41.97748,-93.6982832,29.2,mid-band,00019C015,630720.0,-83.0,4,-11,24.8,268.0
2026-03-20 16:22:33.871518-05:00,41.9776456,-93.6982922,12.7,mid-band,00019C015,630720.0,-86.0,5,-11,33.1,294.0
2026-03-20 16:22:36.443220-05:00,41.9779149,-93.6983007,16.4,mid-band,00019C015,630720.0,-90.0,6,-11,24.8,235.0
2026-03-20 16:22:39.018492-05:00,41.9780941,-93.6983042,16.5,mid-band,00019C015,630720.0,-91.0,2,-11,16.6,238.0
2026-03-20 16:22:41.593618-05:00,41.9783615,-93.6983056,9.29,mid-band,00019C015,630720.0,-93.0,3,-11,8.28,207.0
2026-03-20 16:22:44.161896-05:00,41.978627,-93.6983036,27.7,mid-band,00019C015,630720.0,-96.0,0,-11,9.32,176.0
2026-03-20 16:22:46.748509-05:00,41.9788019,-93.6983036,51.9,mid-band,00019C015,630720.0,-96.0,-1,-11,8.28,174.0
2026-03-20 16:22:49.359102-05:00,41.9790511,-93.698307,17.9,mid-band,00019C015,630720.0,-87.0,0,-11,8.28,177.0
2026-03-20 16:22:51.935461-05:00,41.9792118,-93.6983135,39.6,mid-band,00019C015,630720.0,-88.0,-7,-11,24.8,301.0
2026-03-20 16:22:54.533945-05:00,41.9794843,-93.6983164,,,,,,,,,
2026-03-20 16:23:00.195222-05:00,41.9801039,-93.6983243,,,,,,,,,
2026-03-20 16:23:05.856484-05:00,41.9807356,-93.6983398,,,,,,,,,
2026-03-20 16:23:11.517751-05:00,41.9815917,-93.6983489,,,,,,,,,
2026-03-20 16:23:17.178631-05:00,41.983498,-93.6983662,,,,,,,,,
2026-03-20 16:23:29.429920-05:00,41.9845737,-93.6983728,,,,,,,,,
2026-03-20 16:23:35.091076-05:00,41.9856395,-93.6983947,32.8,mid-band,00019C015,630720.0,-93.0,-3,-11,8.81,15.2
2026-03-20 16:23:37.682761-05:00,41.9860005,-93.6983992,,mid-band,00019C015,630720.0,-85.0,-5,-11,16.6,152.0
2026-03-20 16:23:41.241678-05:00,41.9867219,-93.6984173,23.5,mid-band,00019C015,630720.0,-92.0,-8,-12,16.6,119.0
2026-03-20 16:23:43.824006-05:00,41.9870891,-93.6984253,,,,,,,,,
2026-03-20 16:23:49.485278-05:00,41.9881707,-93.6984432,,,,,,,,,
2026-03-20 16:23:55.146585-05:00,41.9892733,-93.6984605,,mid-band,FFFFFFFFF,-1.0,-77.0,20,-10,,
2026-03-20 16:24:00.808125-05:00,41.9902136,-93.6984712,,,,,,,,,
2026-03-20 16:24:06.469402-05:00,41.9912395,-93.6984858,,,,,,,,,
2026-03-20 16:24:12.130611-05:00,41.9921158,-93.6985013,,mid-band,00019C015,630720.0,-86.0,4,-11,,
2026-03-20 16:24:15.689446-05:00,41.992547,-93.6985011,16.5,mid-band,00019C015,630720.0,-89.0,-1,-11,8.35,32.3
2026-03-20 16:24:18.264345-05:00,41.9929895,-93.6985057,25.6,mid-band,00019C015,630720.0,-91.0,-2,-11,23.3,296.0
2026-03-20 16:24:20.848834-05:00,41.9932621,-93.6985062,23.4,mid-band,00019C015,630720.0,-86.0,-1,-11,19.7,306.0
2026-03-20 16:24:23.431306-05:00,41.9936237,-93.6985101,15.8,mid-band,00019C015,630720.0,-86.0,-3,-11,19.7,293.0
2026-03-20 16:24:26.005889-05:00,41.9938273,-93.6985114,19.3,mid-band,00019C015,630720.0,-86.0,-2,-11,29.5,273.0
2026-03-20 16:24:28.584046-05:00,41.994456,-93.6985232,23.4,mid-band,00019C015,630720.0,-89.0,0,-11,9.84,214.0
2026-03-20 16:24:36.353130-05:00,41.9946743,-93.698524,16.1,mid-band,00019C015,630720.0,-89.0,-1,-11,29.5,282.0
2026-03-20 16:24:38.928247-05:00,41.9948301,-93.6985206,21.9,mid-band,00019C015,630720.0,-94.0,-5,-11,10.4,151.0
2026-03-20 16:24:41.508903-05:00,41.9950743,-93.6985183,30.8,mid-band,00019C015,630720.0,-93.0,2,-11,9.84,266.0
2026-03-20 16:24:44.098290-05:00,41.9953081,-93.6985213,,mid-band,00019C015,630720.0,-96.0,-2,-11,,
2026-03-20 16:24:48.708507-05:00,41.9956339,-93.6985278,8.06,mid-band,00019C015,630720.0,-94.0,-3,-11,,
2026-03-20 16:24:51.275231-05:00,41.995874,-93.6985275,32.0,mid-band,00019C015,630720.0,-97.0,-4,-11,9.84,113.0
2026-03-20 16:24:53.866011-05:00,41.9959934,-93.6985239,8.88,mid-band,00019C015,630720.0,-94.0,-4,-11,9.83,125.0
2026-03-20 16:24:56.433593-05:00,41.9960892,-93.698522,,mid-band,FFFFFFFFF,-1.0,-82.0,0,-10,9.84,121.0
2026-03-20 16:24:59.991875-05:00,41.9960988,-93.6985249,,,,,,,,,
2026-03-20 16:25:05.652988-05:00,41.9960932,-93.6985338,,,,,,,,,
2026-03-20 16:25:11.314207-05:00,41.9960878,-93.6985427,,,,,,,,,
2026-03-20 16:25:16.975486-05:00,41.9960849,-93.6985469,,,,,,,,,
2026-03-20 16:25:22.636735-05:00,41.9960802,-93.6985515,,,,,,,,,
2026-03-20 16:25:28.297688-05:00,41.9960739,-93.6985611,,,,,,,,,
2026-03-20 16:25:33.959106-05:00,41.9960711,-93.6985662,,,,,,,,,
2026-03-20 16:25:39.620327-05:00,41.99617,-93.6985705,,,,,,,,,
2026-03-20 16:25:48.930363-05:00,41.996423,-93.6985816,,,,,,,,,
2026-03-20 16:25:54.591524-05:00,41.9968139,-93.6985878,,,,,,,,,
2026-03-20 16:26:00.252913-05:00,41.9972514,-93.6985857,,,,,,,,,
2026-03-20 16:26:05.914306-05:00,41.9975669,-93.698581,,,,,,,,,
2026-03-20 16:26:11.574667-05:00,41.9979471,-93.6985848,,,,,,,,,
2026-03-20 16:26:17.235811-05:00,41.998401,-93.6985786,,,,,,,,,
2026-03-20 16:26:22.897045-05:00,41.9987614,-93.6985792,,,,,,,,,
2026-03-20 16:26:28.558352-05:00,41.9991899,-93.6985812,,,,,,,,,
2026-03-20 16:26:34.219369-05:00,41.9996506,-93.6986042,,,,,,,,,
2026-03-20 16:26:39.880567-05:00,42.000078,-93.6986111,,,,,,,,,
2026-03-20 16:26:45.541844-05:00,42.0013748,-93.6986171,,,,,,,,,
2026-03-20 16:26:59.936537-05:00,42.0018848,-93.6986287,,,,,,,,,
2026-03-20 16:27:05.597789-05:00,42.002401,-93.6986282,,,,,,,,,
2026-03-20 16:27:11.259068-05:00,42.0029251,-93.6986333,,,,,,,,,
2026-03-20 16:27:16.920394-05:00,42.0033679,-93.6986377,,,,,,,,,
2026-03-20 16:27:22.581050-05:00,42.0038962,-93.6986415,,,,,,,,,
2026-03-20 16:27:28.242335-05:00,42.004391,-93.6986439,,mid-band,00019C015,630720.0,-106.0,4,-11,,
2026-03-20 16:27:31.801265-05:00,42.0046158,-93.6986494,21.1,mid-band,00019C015,630720.0,-110.0,-3,-11,,
2026-03-20 16:27:34.381032-05:00,42.0048424,-93.6986519,21.7,mid-band,00019C015,630720.0,-113.0,-2,-11,,
2026-03-20 16:27:36.961411-05:00,42.0050015,-93.6986554,37.1,mid-band,00019C015,630720.0,-100.0,-5,-11,,
2026-03-20 16:27:39.557176-05:00,42.0052498,-93.6986632,,mid-band,00019C015,630720.0,-106.0,0,-13,3.97,107.0
2026-03-20 16:27:44.167237-05:00,42.0056737,-93.6986748,19.8,mid-band,00019C015,630720.0,-102.0,-1,-11,,
2026-03-20 16:27:46.745806-05:00,42.0058429,-93.6986764,18.2,mid-band,00019C015,630720.0,-102.0,1,-11,2.28,140.0
2026-03-20 16:27:49.322680-05:00,42.0060938,-93.6986743,14.6,mid-band,00019C015,630720.0,-108.0,0,-11,4.14,112.0
2026-03-20 16:27:51.895971-05:00,42.0062595,-93.6986758,29.9,mid-band,00019C015,630720.0,-103.0,-6,-11,1.04,131.0
2026-03-20 16:27:54.484777-05:00,42.006502,-93.6986802,32.0,mid-band,00019C015,630720.0,-106.0,0,-11,1.04,120.0
2026-03-20 16:27:57.075804-05:00,42.0071389,-93.6986941,67.1,mid-band,00019C015,630720.0,-104.0,-2,-11,1.04,140.0
2026-03-20 16:28:06.398275-05:00,42.0073474,-93.6986922,,mid-band,00019C015,630720.0,-101.0,4,-10,1.04,184.0
2026-03-20 16:28:11.007837-05:00,42.0076277,-93.6986798,25.6,mid-band,00019C015,630720.0,-101.0,-1,-11,1.04,135.0
2026-03-20 16:28:13.592224-05:00,42.007839,-93.6986779,32.7,mid-band,00019C015,630720.0,-102.0,-2,-11,2.07,130.0
2026-03-20 16:28:16.183993-05:00,42.0080446,-93.6986813,24.4,mid-band,00019C015,630720.0,-99.0,1,-10,3.11,155.0
2026-03-20 16:28:18.767296-05:00,42.0081891,-93.6986848,21.5,mid-band,00019C015,630720.0,-107.0,-7,-11,6.21,213.0
2026-03-20 16:28:21.347507-05:00,42.0084176,-93.6986847,14.1,mid-band,00019C015,630720.0,-113.0,0,-11,7.76,207.0
2026-03-20 16:28:23.920312-05:00,42.0085776,-93.6986835,24.5,mid-band,00019C015,630720.0,-97.0,2,-11,6.21,218.0
2026-03-20 16:28:26.503407-05:00,42.0088285,-93.6986769,43.4,mid-band,00019C015,630720.0,-103.0,-4,-11,16.6,226.0
2026-03-20 16:28:29.105473-05:00,42.0090824,-93.6986814,15.7,mid-band,00019C015,630720.0,-106.0,-1,-11,4.14,112.0
2026-03-20 16:28:31.679957-05:00,42.0092539,-93.698689,27.6,mid-band,00019C015,630720.0,-99.0,-3,-11,4.14,233.0
2026-03-20 16:28:34.266229-05:00,42.0095071,-93.6986914,20.6,mid-band,00019C015,630720.0,-98.0,-4,-11,12.4,269.0
2026-03-20 16:28:36.845077-05:00,42.0096758,-93.6986886,29.2,mid-band,00019C015,630720.0,-100.0,-3,-11,12.4,265.0
2026-03-20 16:28:39.433050-05:00,42.0099353,-93.6986878,28.8,mid-band,00019C015,630720.0,-98.0,-3,-11,8.28,248.0
2026-03-20 16:28:42.020571-05:00,42.0101141,-93.6986904,41.0,mid-band,00019C015,630720.0,-100.0,-6,-11,4.66,242.0
2026-03-20 16:28:44.620216-05:00,42.0103903,-93.6986899,80.9,mid-band,00019C015,630720.0,-102.0,-7,-11,4.66,152.0
2026-03-20 16:28:47.259981-05:00,42.0106681,-93.6986916,31.1,mid-band,00019401F,630720.0,-86.0,5,-11,9.32,31.1
2026-03-20 16:28:49.849722-05:00,42.0108481,-93.6986943,31.4,mid-band,00019401F,630720.0,-87.0,-4,-11,23.3,180.0
2026-03-20 16:28:52.439912-05:00,42.0111138,-93.6987002,43.5,mid-band,00019401F,630720.0,-88.0,-4,-11,29.0,226.0
2026-03-20 16:28:55.041348-05:00,42.01129,-93.6987048,30.4,mid-band,00019401F,630720.0,-90.0,-7,-11,33.1,283.0
2026-03-20 16:28:57.630347-05:00,42.0115529,-93.698708,26.2,mid-band,00019C015,630720.0,-83.0,0,-11,14.0,65.9
2026-03-20 16:29:00.214975-05:00,42.0118109,-93.698706,17.0,mid-band,00019C015,630720.0,-79.0,4,-11,23.8,40.7
2026-03-20 16:29:02.791082-05:00,42.0119823,-93.6987039,23.2,mid-band,00019C015,630720.0,-79.0,5,-10,62.1,254.0
2026-03-20 16:29:05.373303-05:00,42.0122396,-93.698699,28.3,mid-band,00019C015,630720.0,-83.0,4,-11,69.9,242.0
2026-03-20 16:29:07.960496-05:00,42.0129459,-93.6987032,29.5,mid-band,00019C015,630720.0,-77.0,3,-11,69.9,264.0
2026-03-20 16:29:16.363643-05:00,42.0132121,-93.6987075,53.3,mid-band,00019C015,630720.0,-79.0,0,-11,73.4,188.0
2026-03-20 16:29:18.975956-05:00,42.0133914,-93.6987105,20.8,mid-band,00019C015,630720.0,-80.0,0,-11,83.9,253.0
2026-03-20 16:29:21.555630-05:00,42.0136684,-93.6987136,39.5,mid-band,00019C015,630720.0,-83.0,1,-11,62.9,219.0
2026-03-20 16:29:24.154147-05:00,42.0139467,-93.6987105,28.9,mid-band,00019C015,630720.0,-77.0,4,-11,73.4,256.0
2026-03-20 16:29:26.741794-05:00,42.0141322,-93.6987097,19.2,mid-band,00019C015,630720.0,-75.0,4,-11,83.9,247.0
2026-03-20 16:29:29.320033-05:00,42.0144133,-93.6987118,31.8,mid-band,00019C015,630720.0,-72.0,6,-11,62.9,263.0
2026-03-20 16:29:31.910997-05:00,42.0146109,-93.6987102,23.0,mid-band,00019C015,630720.0,-76.0,8,-10,73.4,262.0
2026-03-20 16:29:34.491433-05:00,42.0149086,-93.6987088,23.6,mid-band,00019C015,630720.0,-78.0,8,-10,52.4,175.0
2026-03-20 16:29:37.073826-05:00,42.0152148,-93.6987092,23.2,mid-band,00019C015,630720.0,-78.0,6,-11,94.4,243.0
2026-03-20 16:29:39.655381-05:00,42.0154344,-93.6987128,26.8,mid-band,00019C015,630720.0,-80.0,4,-11,73.4,241.0
2026-03-20 16:29:42.240925-05:00,42.0157755,-93.6987118,16.9,mid-band,00019C015,630720.0,-100.0,1,-11,31.5,268.0
2026-03-20 16:29:44.816090-05:00,42.0159981,-93.6987119,23.9,mid-band,00019C015,630720.0,-99.0,-1,-11,21.0,216.0
2026-03-20 16:29:47.398591-05:00,42.0163202,-93.6987113,21.6,mid-band,00019C015,630720.0,-78.0,5,-10,21.0,276.0
2026-03-20 16:29:49.978835-05:00,42.0165368,-93.6987111,183.0,mid-band,00019C015,630720.0,-94.0,0,-11,10.5,239.0
2026-03-20 16:29:52.720703-05:00,42.0168673,-93.698713,18.2,mid-band,00019C015,630720.0,-93.0,0,-11,21.0,220.0
2026-03-20 16:29:55.297641-05:00,42.017199,-93.6987133,23.1,mid-band,00019C015,630720.0,-97.0,-2,-11,21.0,249.0
2026-03-20 16:29:57.879409-05:00,42.0174209,-93.6987102,42.4,mid-band,00019C015,630720.0,-89.0,9,-10,21.0,262.0
2026-03-20 16:30:00.480581-05:00,42.0177556,-93.69871,22.5,mid-band,00019C015,630720.0,-87.0,3,-11,21.0,278.0
2026-03-20 16:30:03.061930-05:00,42.0180911,-93.6987108,23.2,mid-band,00019C015,630720.0,-83.0,2,-11,41.9,270.0
2026-03-20 16:30:05.643798-05:00,42.0183148,-93.6987074,42.9,mid-band,00019C015,630720.0,-82.0,4,-11,41.9,269.0
2026-03-20 16:30:08.245513-05:00,42.0186509,-93.6987086,20.0,mid-band,00019C015,630720.0,-83.0,9,-10,31.5,184.0
2026-03-20 16:30:10.823533-05:00,42.0188718,-93.698704,24.1,mid-band,00019C015,630720.0,-81.0,3,-11,41.9,255.0
2026-03-20 16:30:13.405944-05:00,42.0191946,-93.6987003,22.1,mid-band,00019C015,630720.0,-78.0,8,-10,62.9,262.0
2026-03-20 16:30:15.986916-05:00,42.0194052,-93.6986983,20.6,mid-band,00019C015,630720.0,-82.0,10,-10,62.9,265.0
2026-03-20 16:30:18.566303-05:00,42.0202562,-93.6987007,,mid-band,FFFFFFFFF,-1.0,-92.0,15,-10,31.5,294.0
2026-03-20 16:30:27.325788-05:00,42.0206748,-93.6986999,,,,,,,,,
2026-03-20 16:30:32.987088-05:00,42.0211862,-93.6987053,,,,,,,,,
2026-03-20 16:30:38.648392-05:00,42.0217948,-93.6987102,,,,,,,,,
2026-03-20 16:30:44.309656-05:00,42.0224003,-93.6987164,,,,,,,,,
2026-03-20 16:30:49.970980-05:00,42.0225986,-93.6987245,,,,,,,,,
2026-03-20 16:30:55.632230-05:00,42.0225978,-93.6987329,17.7,mid-band,00019C015,630720.0,-103.0,1,-12,,
2026-03-20 16:30:58.207632-05:00,42.0225953,-93.6987363,32.9,mid-band,00019C015,630720.0,-103.0,3,-12,,
2026-03-20 16:31:00.799284-05:00,42.0225932,-93.6987367,22.5,mid-band,00019C015,630720.0,-102.0,3,-11,,
2026-03-20 16:31:03.380475-05:00,42.0225911,-93.6987381,23.8,mid-band,00019C015,630720.0,-111.0,-1,-11,,
2026-03-20 16:31:05.962614-05:00,42.0225928,-93.6987391,33.7,mid-band,00019C015,630720.0,-106.0,0,-11,,
2026-03-20 16:31:08.554834-05:00,42.0225953,-93.6987436,31.9,mid-band,00019C015,630720.0,-105.0,-3,-11,,
2026-03-20 16:31:11.145552-05:00,42.0226473,-93.6987605,93.1,mid-band,00019C015,630720.0,-107.0,-5,-11,,
2026-03-20 16:31:13.796818-05:00,42.0227126,-93.6988528,,,,,,,,,
2026-03-20 16:31:19.457980-05:00,42.0227561,-93.6995308,,,,,,,,,
2026-03-20 16:31:25.119090-05:00,42.0227791,-93.7004833,,mid-band,00019C015,630720.0,-108.0,-3,-11,,
2026-03-20 16:31:28.677737-05:00,42.0228165,-93.702079,58.6,mid-band,00019C015,630720.0,-108.0,-3,-11,,
2026-03-20 16:31:36.388253-05:00,42.0228331,-93.7027305,,,,,,,,,
2026-03-20 16:31:42.049527-05:00,42.0228618,-93.7038754,,,,,,,,,
2026-03-20 16:31:47.709965-05:00,42.0228939,-93.7053573,,,,,,,,,
2026-03-20 16:31:53.371182-05:00,42.0229309,-93.7069068,,,,,,,,,
2026-03-20 16:31:59.032668-05:00,42.0229659,-93.708274,,,,,,,,,
2026-03-20 16:32:04.693990-05:00,42.0230038,-93.7099225,,,,,,,,,
2026-03-20 16:32:10.355373-05:00,42.0230469,-93.7115264,,,,,,,,,
2026-03-20 16:32:16.016626-05:00,42.0230819,-93.7129131,,,,,,,,,
2026-03-20 16:32:21.677831-05:00,42.0231201,-93.7145873,,,,,,,,,
2026-03-20 16:32:27.339016-05:00,42.0231505,-93.7161624,,,,,,,,,
2026-03-20 16:32:32.999371-05:00,42.023168,-93.7171766,,mid-band,00019C015,630720.0,-88.0,4,-11,,
2026-03-20 16:32:38.660728-05:00,42.0229674,-93.7183731,,,,,,,,,
2026-03-20 16:32:49.426242-05:00,42.0224298,-93.7183484,,,,,,,,,
2026-03-20 16:32:55.087665-05:00,42.0217389,-93.7183461,,,,,,,,,
2026-03-20 16:33:00.748870-05:00,42.021108,-93.7183485,,mid-band,00019C015,630720.0,-84.0,7,-11,,
2026-03-20 16:33:05.359030-05:00,42.0204442,-93.7183465,11.7,mid-band,00019C015,630720.0,-83.0,4,-11,,
2026-03-20 16:33:07.929506-05:00,42.0201695,-93.7183494,26.1,mid-band,00019C015,630720.0,-83.0,-1,-11,,
2026-03-20 16:33:10.514219-05:00,42.0197581,-93.7183527,27.6,mid-band,00019C015,630720.0,-90.0,-1,-11,,
2026-03-20 16:33:13.100220-05:00,42.0194092,-93.7183768,20.8,mid-band,00019C015,630720.0,-88.0,4,-11,10.5,282.0
2026-03-20 16:33:15.679789-05:00,42.0192447,-93.7183847,63.2,mid-band,00019C015,630720.0,-86.0,7,-11,21.0,267.0
2026-03-20 16:33:18.301917-05:00,42.0191006,-93.7183755,24.6,mid-band,00019C015,630720.0,-86.0,3,-11,20.6,100.0
2026-03-20 16:33:20.885364-05:00,42.0189901,-93.7183612,14.2,mid-band,00019C015,630720.0,-82.0,3,-11,23.3,301.0
2026-03-20 16:33:23.458230-05:00,42.0187469,-93.7183357,15.3,mid-band,00019C015,630720.0,-84.0,6,-11,31.1,197.0
2026-03-20 16:33:26.031911-05:00,42.0185493,-93.7183325,17.5,mid-band,00019C015,630720.0,-77.0,13,-10,50.2,266.0
2026-03-20 16:33:28.607962-05:00,42.0182361,-93.7183308,22.3,mid-band,00019C015,630720.0,-81.0,12,-10,41.9,270.0
2026-03-20 16:33:31.188998-05:00,42.0179294,-93.7183299,189.0,mid-band,00019C015,630720.0,-84.0,9,-11,41.4,270.0
2026-03-20 16:33:33.937195-05:00,42.0177184,-93.7183329,21.7,mid-band,00019C015,630720.0,-83.0,7,-10,41.9,287.0
2026-03-20 16:33:36.517707-05:00,42.0174024,-93.7183363,15.0,mid-band,00019C015,630720.0,-84.0,7,-11,41.9,287.0
2026-03-20 16:33:39.091400-05:00,42.0170818,-93.7183343,17.6,mid-band,00019C015,630720.0,-86.0,6,-11,21.0,188.0
2026-03-20 16:33:41.667452-05:00,42.0168546,-93.7183355,17.0,mid-band,00019C015,630720.0,-85.0,0,-11,41.9,278.0
2026-03-20 16:33:44.242683-05:00,42.0164947,-93.7183342,31.9,mid-band,00019C015,630720.0,-85.0,3,-11,31.5,280.0
2026-03-20 16:33:46.833196-05:00,42.0153579,-93.7183367,,,,,,,,41.9,279.0
2026-03-20 16:33:59.929927-05:00,42.0146059,-93.7183283,,,,,,,,,
2026-03-20 16:34:05.590717-05:00,42.0138007,-93.718322,,,,,,,,,
2026-03-20 16:34:11.251870-05:00,42.013042,-93.7183089,17.7,mid-band,00019C015,630720.0,-86.0,0,-12,,
2026-03-20 16:34:13.828332-05:00,42.0127886,-93.7183056,17.5,mid-band,00019C015,630720.0,-85.0,1,-11,,
2026-03-20 16:34:16.404472-05:00,42.0124042,-93.7183042,16.4,mid-band,00019C015,630720.0,-86.0,-2,-11,,
2026-03-20 16:34:18.979594-05:00,42.0121474,-93.7183023,19.9,mid-band,00019C015,630720.0,-86.0,-1,-11,,
2026-03-20 16:34:21.557988-05:00,42.0117614,-93.7182965,17.5,mid-band,00019C015,630720.0,-87.0,0,-11,,
2026-03-20 16:34:24.134410-05:00,42.0113797,-93.718294,77.3,mid-band,00019C015,630720.0,-84.0,-2,-11,25.4,275.0
2026-03-20 16:34:26.770568-05:00,42.011128,-93.7182894,18.6,mid-band,00019C015,630720.0,-82.0,2,-11,41.4,286.0
2026-03-20 16:34:29.348331-05:00,42.0107531,-93.7182848,21.2,mid-band,00019C015,630720.0,-84.0,2,-11,41.4,219.0
2026-03-20 16:34:31.927466-05:00,42.0105049,-93.7182818,26.3,mid-band,00019C015,630720.0,-78.0,4,-11,45.6,261.0
2026-03-20 16:34:34.512595-05:00,42.0101356,-93.7182788,17.3,mid-band,00019C015,630720.0,-76.0,13,-10,66.3,247.0
2026-03-20 16:34:37.088805-05:00,42.0097696,-93.7182768,48.9,mid-band,00019C015,630720.0,-87.0,1,-11,58.0,236.0
2026-03-20 16:34:39.696692-05:00,42.0095241,-93.7182726,29.3,mid-band,00019C015,630720.0,-90.0,0,-11,14.5,100.0
2026-03-20 16:34:42.284742-05:00,42.0091492,-93.718269,,mid-band,FFFFFFFFF,-1.0,-99.0,-3,-16,14.5,131.0
2026-03-20 16:34:46.894697-05:00,42.0086498,-93.7182457,12.4,mid-band,00019C015,630720.0,-99.0,-4,-11,7.25,14.6
2026-03-20 16:34:49.465717-05:00,42.0083582,-93.7182388,15.5,mid-band,00019C015,630720.0,-86.0,0,-11,34.7,130.0
2026-03-20 16:34:52.040136-05:00,42.0081729,-93.7182382,,mid-band,FFFFFFFFF,-1.0,-69.0,12,-10,49.4,167.0
2026-03-20 16:34:55.599096-05:00,42.0078433,-93.7182415,,,,,,,,,
2026-03-20 16:35:01.259361-05:00,42.0069114,-93.7181672,,,,,,,,,
2026-03-20 16:35:20.940449-05:00,42.0061619,-93.7181438,,mid-band,00019C015,630720.0,-93.0,2,-11,,
2026-03-20 16:35:26.601858-05:00,42.0054732,-93.7181217,36.7,mid-band,00019C015,630720.0,-96.0,-7,-11,,
2026-03-20 16:35:29.197334-05:00,42.0051175,-93.7181116,,,,,,,,,
2026-03-20 16:35:34.857910-05:00,42.0045246,-93.7180977,,,,,,,,,
2026-03-20 16:35:40.518642-05:00,42.0038337,-93.718084,,mid-band,FFFFFFFFF,-1.0,-111.0,-7,-18,,
2026-03-20 16:35:44.077359-05:00,42.0033999,-93.7180733,,,,,,,,,
2026-03-20 16:35:49.738313-05:00,42.0028841,-93.7180606,,,,,,,,,
2026-03-20 16:35:55.398665-05:00,42.0022661,-93.7180476,,,,,,,,,
2026-03-20 16:36:01.060105-05:00,42.0017494,-93.7180416,,,,,,,,,
2026-03-20 16:36:06.721556-05:00,42.0011394,-93.7180328,,,,,,,,,
2026-03-20 16:36:12.382341-05:00,42.0005199,-93.7180296,,,,,,,,,
2026-03-20 16:36:18.043749-05:00,41.9993655,-93.7180254,67.3,mid-band,00019C015,630720.0,-82.0,-1,-11,,
2026-03-20 16:36:26.396433-05:00,41.9990564,-93.7180223,12.4,mid-band,00019C015,630720.0,-84.0,-4,-11,,
2026-03-20 16:36:28.967525-05:00,41.9988496,-93.7180244,,,,,,,,,
2026-03-20 16:36:34.628854-05:00,41.9983513,-93.7180538,,,,,,,,,
2026-03-20 16:36:40.289659-05:00,41.9982253,-93.7180495,,mid-band,FFFFFFFFF,-1.0,-87.0,0,-12,,
2026-03-20 16:36:43.847419-05:00,41.9982205,-93.7180444,,,,,,,,,
2026-03-20 16:36:49.508594-05:00,41.9982163,-93.7180386,,,,,,,,,
2026-03-20 16:36:55.169655-05:00,41.9982182,-93.7180394,,,,,,,,,
2026-03-20 16:37:00.831004-05:00,41.9982189,-93.7180438,,,,,,,,,
2026-03-20 16:37:06.491405-05:00,41.9982195,-93.7180476,,,,,,,,,
2026-03-20 16:37:12.152615-05:00,41.9982205,-93.7180484,,,,,,,,,
2026-03-20 16:37:17.814036-05:00,41.9982102,-93.7180481,,,,,,,,,
2026-03-20 16:37:23.475251-05:00,41.9979982,-93.7180238,,,,,,,,,
2026-03-20 16:37:29.136283-05:00,41.9972312,-93.7180022,,,,,,,,,
2026-03-20 16:37:38.929865-05:00,41.9967484,-93.7179971,,,,,,,,,
2026-03-20 16:37:44.591093-05:00,41.9961535,-93.717984,,,,,,,,,
2026-03-20 16:37:50.252407-05:00,41.9955669,-93.7179762,55.1,mid-band,00019C015,630720.0,-83.0,-1,-11,,
2026-03-20 16:37:52.866253-05:00,41.9953694,-93.7179736,22.2,mid-band,00019C015,630720.0,-75.0,6,-11,,
2026-03-20 16:37:55.446996-05:00,41.9950683,-93.7179742,21.2,mid-band,00019C015,630720.0,-72.0,11,-10,,
2026-03-20 16:37:58.026923-05:00,41.9948642,-93.7179742,16.7,mid-band,00019C015,630720.0,-74.0,10,-10,,
2026-03-20 16:38:00.602443-05:00,41.9945523,-93.7179734,52.4,mid-band,00019C015,630720.0,-77.0,4,-11,20.6,76.9
2026-03-20 16:38:03.213571-05:00,41.9942289,-93.7179729,25.8,mid-band,00019C015,630720.0,-79.0,4,-11,12.4,309.0
2026-03-20 16:38:05.798237-05:00,41.9940118,-93.7179698,20.1,mid-band,00019C015,630720.0,-76.0,6,-11,38.3,216.0
2026-03-20 16:38:08.377067-05:00,41.9936853,-93.7179683,17.2,mid-band,00019C015,630720.0,-79.0,5,-10,57.5,254.0
2026-03-20 16:38:10.953036-05:00,41.9934662,-93.7179691,18.4,mid-band,00019C015,630720.0,-84.0,5,-11,61.1,230.0
2026-03-20 16:38:13.529241-05:00,41.9931391,-93.7179709,19.0,mid-band,00019C015,630720.0,-76.0,12,-10,63.7,226.0
2026-03-20 16:38:16.106631-05:00,41.9928206,-93.7179713,22.8,mid-band,00019C015,630720.0,-76.0,11,-10,78.7,234.0
2026-03-20 16:38:18.688166-05:00,41.9926131,-93.7179705,21.4,mid-band,00019C015,630720.0,-88.0,0,-11,52.3,266.0
2026-03-20 16:38:21.268521-05:00,41.9923014,-93.7179717,19.9,mid-band,00019C015,630720.0,-89.0,-1,-11,41.9,277.0
2026-03-20 16:38:23.847389-05:00,41.9920911,-93.7179698,17.4,mid-band,00019C015,630720.0,-101.0,-6,-17,21.0,200.0
2026-03-20 16:38:26.423700-05:00,41.9917701,-93.7179669,,,,,,,,10.5,79.9
2026-03-20 16:38:32.084997-05:00,41.9911058,-93.7179636,,,,,,,,,
2026-03-20 16:38:37.745938-05:00,41.9898643,-93.7179684,18.1,mid-band,00019C015,630720.0,-75.0,14,-10,,
2026-03-20 16:38:46.349688-05:00,41.989608,-93.7179813,9.03,mid-band,00019C015,630720.0,-74.0,12,-10,,
2026-03-20 16:38:48.917300-05:00,41.9894811,-93.7179859,9.29,mid-band,00019C015,630720.0,-77.0,9,-10,,
2026-03-20 16:38:51.485279-05:00,41.9893753,-93.7179884,13.3,mid-band,00019C015,630720.0,-76.0,7,-10,,
2026-03-20 16:38:54.057203-05:00,41.989369,-93.717988,59.7,mid-band,00019C015,630720.0,-76.0,6,-10,52.8,85.9
2026-03-20 16:38:56.675712-05:00,41.9893679,-93.7179868,19.2,mid-band,00019C015,630720.0,-77.0,6,-10,24.8,280.0
2026-03-20 16:38:59.253781-05:00,41.9893638,-93.7179859,16.3,mid-band,00019C015,630720.0,-77.0,6,-10,40.9,197.0
2026-03-20 16:39:01.828835-05:00,41.9893609,-93.7179854,19.3,mid-band,00019C015,630720.0,-77.0,8,-10,49.7,264.0
2026-03-20 16:39:04.406488-05:00,41.9893403,-93.7179845,18.5,mid-band,00019C015,630720.0,-76.0,13,-10,50.2,267.0
2026-03-20 16:39:06.983717-05:00,41.989277,-93.7179757,21.1,mid-band,00019C015,630720.0,-76.0,13,-10,63.2,209.0
2026-03-20 16:39:09.563540-05:00,41.9891304,-93.7179608,17.1,mid-band,00019C015,630720.0,-76.0,13,-10,60.6,213.0
2026-03-20 16:39:12.139641-05:00,41.988928,-93.7179527,17.6,mid-band,00019C015,630720.0,-75.0,8,-10,71.4,230.0
2026-03-20 16:39:14.716080-05:00,41.9887607,-93.717951,15.1,mid-band,00019C015,630720.0,-76.0,10,-10,43.5,210.0
2026-03-20 16:39:17.289843-05:00,41.9884786,-93.7179494,19.9,mid-band,00019C015,630720.0,-76.0,13,-10,31.1,214.0
2026-03-20 16:39:19.868438-05:00,41.9882791,-93.717947,19.6,mid-band,00019C015,630720.0,-75.0,11,-10,44.5,259.0
2026-03-20 16:39:22.446768-05:00,41.9879685,-93.7179426,23.0,mid-band,00019C015,630720.0,-76.0,7,-10,49.7,267.0
2026-03-20 16:39:25.028740-05:00,41.9877545,-93.7179443,30.7,mid-band,00019C015,630720.0,-79.0,10,-10,55.4,272.0
2026-03-20 16:39:27.617959-05:00,41.9874272,-93.7179442,34.3,mid-band,00019C015,630720.0,-82.0,8,-10,56.9,272.0
2026-03-20 16:39:30.210661-05:00,41.9870932,-93.7179413,36.9,mid-band,00019C015,630720.0,-84.0,5,-11,55.9,275.0
2026-03-20 16:39:32.806498-05:00,41.9868655,-93.7179375,18.7,mid-band,00019C015,630720.0,-85.0,1,-11,34.7,221.0
2026-03-20 16:39:35.383446-05:00,41.9865221,-93.7179274,17.0,mid-band,00019C015,630720.0,-85.0,1,-11,26.4,188.0
2026-03-20 16:39:37.959261-05:00,41.9862982,-93.7179184,23.4,mid-band,00019C015,630720.0,-87.0,4,-11,17.6,217.0
2026-03-20 16:39:40.541109-05:00,41.9860383,-93.7179241,947.0,mid-band,00019401F,630720.0,-90.0,-1,-11,8.8,101.0
2026-03-20 16:39:44.046704-05:00,41.98589,-93.7179442,53.5,mid-band,00019401F,630720.0,-95.0,-7,-11,8.8,31.7
2026-03-20 16:39:46.658915-05:00,41.9858675,-93.7179527,79.3,mid-band,00019401F,630720.0,-95.0,-7,-12,8.8,39.3
2026-03-20 16:39:56.914104-05:00,41.9858668,-93.7179569,,mid-band,FFFFFFFFF,-1.0,-79.0,9,-10,,
2026-03-20 16:40:00.472716-05:00,41.9858673,-93.717963,,mid-band,FFFFFFFFF,-1.0,-89.0,8,-11,,
2026-03-20 16:40:05.082933-05:00,41.9858666,-93.7179674,,,,,,,,,
2026-03-20 16:40:10.743396-05:00,41.9858664,-93.7179698,,,,,,,,,
2026-03-20 16:40:16.404558-05:00,41.9858701,-93.7179705,,,,,,,,,
2026-03-20 16:40:22.065876-05:00,41.9858798,-93.7179737,,,,,,,,,
2026-03-20 16:40:27.727265-05:00,41.9858802,-93.7179689,,,,,,,,,
2026-03-20 16:40:33.388441-05:00,41.9858828,-93.7179669,,,,,,,,,
2026-03-20 16:40:39.049604-05:00,41.985887,-93.7179696,,,,,,,,,
2026-03-20 16:40:44.710337-05:00,41.9858894,-93.7179723,,,,,,,,,
2026-03-20 16:40:50.369964-05:00,41.9857364,-93.7178901,,,,,,,,,
2026-03-20 16:40:56.031301-05:00,41.9847918,-93.7178548,,,,,,,,,
2026-03-20 16:41:09.939455-05:00,41.9842343,-93.7178373,,,,,,,,,
2026-03-20 16:41:15.600649-05:00,41.9836757,-93.7178204,,,,,,,,,
2026-03-20 16:41:21.261994-05:00,41.9831196,-93.7178041,,,,,,,,,
2026-03-20 16:41:26.923347-05:00,41.9826608,-93.7177972,,,,,,,,,
2026-03-20 16:41:32.584453-05:00,41.9821485,-93.7177878,,,,,,,,,
2026-03-20 16:41:38.245605-05:00,41.9816283,-93.7177754,,,,,,,,,
2026-03-20 16:41:43.906677-05:00,41.9811904,-93.7177593,,,,,,,,,
2026-03-20 16:41:49.567891-05:00,41.9806439,-93.7177453,,,,,,,,,
2026-03-20 16:41:55.229182-05:00,41.9800906,-93.7177313,,mid-band,00019C015,630720.0,-86.0,6,-11,,
2026-03-20 16:42:00.890611-05:00,41.9796441,-93.7177246,14.0,mid-band,00019C015,630720.0,-82.0,5,-11,,
2026-03-20 16:42:03.463399-05:00,41.9793825,-93.7177252,14.4,mid-band,00019C015,630720.0,-83.0,3,-11,,
2026-03-20 16:42:06.036490-05:00,41.9784847,-93.717716,,,,,,,,34.2,99.5
2026-03-20 16:42:19.941435-05:00,41.9779562,-93.7177137,,,,,,,,,
2026-03-20 16:42:25.601976-05:00,41.9773976,-93.717702,,,,,,,,,
2026-03-20 16:42:31.263350-05:00,41.9768358,-93.717696,,,,,,,,,
2026-03-20 16:42:36.924677-05:00,41.9763704,-93.7176947,,,,,,,,,
2026-03-20 16:42:42.585864-05:00,41.9757926,-93.7176954,,,,,,,,,
2026-03-20 16:42:48.247084-05:00,41.9752059,-93.7176877,,,,,,,,,
2026-03-20 16:42:53.908310-05:00,41.974725,-93.7176807,,,,,,,,,
2026-03-20 16:42:59.569504-05:00,41.974149,-93.7176747,,,,,,,,,
2026-03-20 16:43:05.230354-05:00,41.9735712,-93.717669,,,,,,,,,
2026-03-20 16:43:10.891531-05:00,41.97309,-93.7176729,,,,,,,,,
2026-03-20 16:43:16.552839-05:00,41.971908,-93.717655,,,,,,,,,
2026-03-20 16:43:29.938666-05:00,41.9713571,-93.7176424,,,,,,,,,
2026-03-20 16:43:35.599886-05:00,41.9707817,-93.7176259,,,,,,,,,
2026-03-20 16:43:41.261188-05:00,41.9702141,-93.7176191,,,,,,,,,
2026-03-20 16:43:46.922450-05:00,41.96974,-93.7176151,,,,,,,,,
2026-03-20 16:43:52.583757-05:00,41.9691198,-93.7176078,,,,,,,,,
2026-03-20 16:43:58.245239-05:00,41.9684627,-93.7176027,944.0,mid-band,00019C015,630720.0,-84.0,4,-10,,
2026-03-20 16:44:01.748308-05:00,41.9681407,-93.7175962,14.9,mid-band,00019C015,630720.0,-81.0,9,-10,11.9,28.6
2026-03-20 16:44:04.322230-05:00,41.9678236,-93.7175918,15.5,mid-band,00019C015,630720.0,-81.0,7,-10,58.0,222.0
2026-03-20 16:44:06.896529-05:00,41.9676125,-93.7175908,24.4,mid-band,00019C015,630720.0,-83.0,10,-10,20.7,134.0
2026-03-20 16:44:09.479493-05:00,41.9672947,-93.7175885,22.1,mid-band,00019C015,630720.0,-85.0,4,-11,47.6,238.0
2026-03-20 16:44:12.060370-05:00,41.9669767,-93.7175858,21.2,mid-band,00019C015,630720.0,-90.0,2,-11,,
2026-03-20 16:44:14.640440-05:00,41.9667652,-93.7175826,42.5,mid-band,00019C015,630720.0,-84.0,3,-10,33.6,247.0
2026-03-20 16:44:17.242124-05:00,41.9664519,-93.7175782,19.9,mid-band,00019C015,630720.0,-80.0,9,-10,52.4,272.0
2026-03-20 16:44:19.820989-05:00,41.9662463,-93.7175763,19.0,mid-band,00019C015,630720.0,-79.0,6,-10,62.9,223.0
2026-03-20 16:44:22.398837-05:00,41.9659458,-93.7175763,23.9,mid-band,00019C015,630720.0,-78.0,10,-10,62.9,234.0
2026-03-20 16:44:24.981743-05:00,41.9657612,-93.7175737,21.4,mid-band,00019C015,630720.0,-78.0,7,-10,73.4,233.0
2026-03-20 16:44:27.561992-05:00,41.9652129,-93.7175716,27.3,mid-band,00019C015,630720.0,-79.0,3,-11,62.9,235.0
2026-03-20 16:44:36.359736-05:00,41.9651949,-93.7175699,21.3,mid-band,00019C015,630720.0,-80.0,4,-10,52.4,187.0
2026-03-20 16:44:38.939407-05:00,41.9651404,-93.7175693,23.1,mid-band,00019C015,630720.0,-77.0,4,-11,83.9,227.0
2026-03-20 16:44:41.521407-05:00,41.9650183,-93.7175618,19.4,mid-band,00019C015,630720.0,-79.0,4,-11,73.4,220.0
2026-03-20 16:44:44.099728-05:00,41.9649053,-93.717551,17.7,mid-band,00019C015,630720.0,-91.0,0,-11,62.9,228.0
2026-03-20 16:44:46.676327-05:00,41.964825,-93.7175447,,,,,,,,41.9,171.0
2026-03-20 16:44:52.337735-05:00,41.9645056,-93.7175391,,,,,,,,,
2026-03-20 16:44:57.999009-05:00,41.9642088,-93.7175311,,,,,,,,,
2026-03-20 16:45:03.660232-05:00,41.9638421,-93.7175243,,,,,,,,,
2026-03-20 16:45:09.321472-05:00,41.9634444,-93.7175189,,,,,,,,,
2026-03-20 16:45:14.982695-05:00,41.9630491,-93.7175096,,,,,,,,,
2026-03-20 16:45:20.644056-05:00,41.9625863,-93.7175067,,,,,,,,,
2026-03-20 16:45:26.305088-05:00,41.9621407,-93.7174982,,,,,,,,,
2026-03-20 16:45:31.966311-05:00,41.9617462,-93.7174961,,,,,,,,,
2026-03-20 16:45:37.627148-05:00,41.9608143,-93.7174844,,,,,,,,,
2026-03-20 16:45:49.433952-05:00,41.9603426,-93.7174767,,,,,,,,,
2026-03-20 16:45:55.095299-05:00,41.9598787,-93.7174716,,,,,,,,,
2026-03-20 16:46:00.756666-05:00,41.9595154,-93.7174687,,,,,,,,,
2026-03-20 16:46:06.417973-05:00,41.9590689,-93.7174637,,,,,,,,,
2026-03-20 16:46:12.079282-05:00,41.9585944,-93.717454,,,,,,,,,
2026-03-20 16:46:17.740471-05:00,41.958189,-93.7174488,,,,,,,,,
2026-03-20 16:46:23.401701-05:00,41.9576797,-93.7174491,,,,,,,,,
2026-03-20 16:46:29.062646-05:00,41.9572629,-93.7174498,,,,,,,,,
2026-03-20 16:46:34.724132-05:00,41.9567959,-93.7174495,15.7,mid-band,00019C015,630720.0,-83.0,9,-10,,
2026-03-20 16:46:37.298634-05:00,41.9565675,-93.7174438,13.7,mid-band,00019C015,630720.0,-83.0,9,-11,,
2026-03-20 16:46:39.871034-05:00,41.9564093,-93.7174402,7.23,mid-band,00019C015,630720.0,-89.0,3,-11,,
2026-03-20 16:46:42.436973-05:00,41.9561673,-93.7174411,11.4,mid-band,00019C015,630720.0,-90.0,-3,-11,30.1,43.4
2026-03-20 16:46:45.007325-05:00,41.956005,-93.7174428,,mid-band,FFFFFFFFF,-1.0,-83.0,5,-11,18.1,260.0
2026-03-20 16:46:49.617433-05:00,41.9552857,-93.7174479,,,,,,,,,
2026-03-20 16:46:58.930668-05:00,41.9549096,-93.7174513,,,,,,,,,
2026-03-20 16:47:04.591884-05:00,41.9544603,-93.7174498,,,,,,,,,
2026-03-20 16:47:10.253029-05:00,41.9540098,-93.7174504,,,,,,,,,
2026-03-20 16:47:15.913985-05:00,41.9536376,-93.7174525,,,,,,,,,
2026-03-20 16:47:21.574018-05:00,41.9532135,-93.7174485,,,,,,,,,
2026-03-20 16:47:27.235284-05:00,41.9528086,-93.7174506,,,,,,,,,
2026-03-20 16:47:32.896558-05:00,41.9524749,-93.7174566,,,,,,,,,
2026-03-20 16:47:38.557619-05:00,41.9520894,-93.7174574,,,,,,,,,
2026-03-20 16:47:44.218633-05:00,41.951656,-93.7174494,,,,,,,,,
2026-03-20 16:47:49.880114-05:00,41.9512983,-93.7174407,,,,,,,,,
2026-03-20 16:47:55.541457-05:00,41.9503369,-93.7174628,,,,,,,,,
2026-03-20 16:48:09.935367-05:00,41.9499897,-93.717455,,,,,,,,,
2026-03-20 16:48:15.596617-05:00,41.9496376,-93.7174541,,,,,,,,,
2026-03-20 16:48:21.257729-05:00,41.9492395,-93.7174683,,,,,,,,,
2026-03-20 16:48:26.918969-05:00,41.9488666,-93.7174901,,,,,,,,,
2026-03-20 16:48:32.580097-05:00,41.9484583,-93.717497,22.0,mid-band,00019C015,630720.0,-85.0,8,-11,,
2026-03-20 16:48:35.160794-05:00,41.9482656,-93.7174955,26.4,mid-band,00019C015,630720.0,-100.0,-5,-11,,
2026-03-20 16:48:37.745918-05:00,41.9481361,-93.7174957,,mid-band,FFFFFFFFF,-1.0,-93.0,-9,-20,,
2026-03-20 16:48:41.304618-05:00,41.9478509,-93.7175049,,,,,,,,,
2026-03-20 16:48:46.965962-05:00,41.9474432,-93.7175144,,,,,,,,,
2026-03-20 16:48:52.627191-05:00,41.9469663,-93.7175197,,,,,,,,,
2026-03-20 16:48:58.288592-05:00,41.9464825,-93.7175313,,,,,,,,,
2026-03-20 16:49:03.949927-05:00,41.9460815,-93.7175422,,,,,,,,,
2026-03-20 16:49:09.610664-05:00,41.9452519,-93.7175549,,,,,,,,,
2026-03-20 16:49:18.934665-05:00,41.9448646,-93.7175609,,,,,,,,,
2026-03-20 16:49:24.595936-05:00,41.9443987,-93.7175713,,,,,,,,,
2026-03-20 16:49:30.257236-05:00,41.9439204,-93.7175919,,,,,,,,,
2026-03-20 16:49:35.918652-05:00,41.9435574,-93.7175879,,,,,,,,,
2026-03-20 16:49:41.579877-05:00,41.9431272,-93.7175921,,,,,,,,,
2026-03-20 16:49:47.241206-05:00,41.9427476,-93.7176066,,,,,,,,,
2026-03-20 16:49:52.901412-05:00,41.9424393,-93.7176055,,,,,,,,,
2026-03-20 16:49:58.563067-05:00,41.9420546,-93.7176167,,,,,,,,,
2026-03-20 16:50:04.224354-05:00,41.9416846,-93.71762,,,,,,,,,
2026-03-20 16:50:09.885632-05:00,41.9413651,-93.7176237,,,,,,,,,
2026-03-20 16:50:15.546004-05:00,41.9402882,-93.7176386,,,,,,,,,
2026-03-20 16:50:29.944906-05:00,41.9397939,-93.7176452,,,,,,,,,
2026-03-20 16:50:35.606083-05:00,41.9393281,-93.7176548,,,,,,,,,
2026-03-20 16:50:41.267412-05:00,41.938846,-93.7176589,,,,,,,,,
2026-03-20 16:50:46.928637-05:00,41.9384272,-93.7176608,,,,,,,,,
2026-03-20 16:50:52.589942-05:00,41.9379277,-93.7176671,,,,,,,,,
2026-03-20 16:50:58.250655-05:00,41.9375068,-93.7176698,,,,,,,,,
2026-03-20 16:51:03.911907-05:00,41.9371658,-93.717668,,,,,,,,,
2026-03-20 16:51:09.573194-05:00,41.936744,-93.7176705,,,,,,,,,
2026-03-20 16:51:15.234463-05:00,41.9363762,-93.717673,,,,,,,,,
2026-03-20 16:51:20.895479-05:00,41.9361391,-93.7176085,,,,,,,,,
2026-03-20 16:51:26.556685-05:00,41.9360874,-93.7167653,,,,,,,,,
2026-03-20 16:51:39.940479-05:00,41.9360913,-93.7162321,,,,,,,,,
2026-03-20 16:51:45.601797-05:00,41.936093,-93.7156678,,,,,,,,,
2026-03-20 16:51:51.262659-05:00,41.9360901,-93.715103,,,,,,,,,
2026-03-20 16:51:56.924055-05:00,41.9360912,-93.7146444,,,,,,,,,
2026-03-20 16:52:02.585462-05:00,41.9360915,-93.7141044,,,,,,,,,
2026-03-20 16:52:08.246436-05:00,41.9360983,-93.7135744,,,,,,,,,
2026-03-20 16:52:13.907730-05:00,41.9360972,-93.7131314,,,,,,,,,
2026-03-20 16:52:19.568897-05:00,41.9360976,-93.7125634,,,,,,,,,
2026-03-20 16:52:25.229968-05:00,41.9361017,-93.7119552,,,,,,,,,
2026-03-20 16:52:30.891262-05:00,41.9361028,-93.7114635,,,,,,,,,
2026-03-20 16:52:36.552441-05:00,41.9361037,-93.7102328,,,,,,,,,
2026-03-20 16:52:49.937946-05:00,41.936101,-93.7096214,,,,,,,,,
2026-03-20 16:52:55.599293-05:00,41.9360968,-93.7090045,,,,,,,,,
2026-03-20 16:53:01.260512-05:00,41.9360972,-93.7083538,,,,,,,,,
2026-03-20 16:53:06.921776-05:00,41.9360981,-93.7077764,,,,,,,,,
2026-03-20 16:53:12.583036-05:00,41.936094,-93.7070836,,,,,,,,,
2026-03-20 16:53:18.244213-05:00,41.9360904,-93.7064532,,,,,,,,,
2026-03-20 16:53:23.905588-05:00,41.9360942,-93.705989,,,,,,,,,
2026-03-20 16:53:29.565979-05:00,41.9361004,-93.7054546,,,,,,,,,
2026-03-20 16:53:35.226672-05:00,41.9361015,-93.7049215,,,,,,,,,
2026-03-20 16:53:40.887986-05:00,41.9361007,-93.7044217,,,,,,,,,
2026-03-20 16:53:46.549206-05:00,41.9361009,-93.7031349,,,,,,,,,
2026-03-20 16:53:59.947722-05:00,41.9361021,-93.7025876,,,,,,,,,
2026-03-20 16:54:05.608893-05:00,41.936104,-93.701999,,,,,,,,,
2026-03-20 16:54:11.269958-05:00,41.9361097,-93.7013803,,,,,,,,,
2026-03-20 16:54:16.930704-05:00,41.9361073,-93.7008362,,,,,,,,,
2026-03-20 16:54:22.591987-05:00,41.9361035,-93.7001817,,,,,,,,,
2026-03-20 16:54:28.253340-05:00,41.9360986,-93.6995278,,,,,,,,,
2026-03-20 16:54:33.913935-05:00,41.9361003,-93.6989717,,,,,,,,,
2026-03-20 16:54:39.575166-05:00,41.9360997,-93.6983913,,,,,,,,,
2026-03-20 16:54:45.236398-05:00,41.9360852,-93.698015,,,,,,,,,
2026-03-20 16:54:50.897593-05:00,41.9360902,-93.6979376,,,,,,,,,
2026-03-20 16:54:56.558906-05:00,41.9360305,-93.698134,,,,,,,,,
2026-03-20 16:55:09.940476-05:00,41.9360292,-93.6981317,,,,,,,,,
2026-03-20 16:55:15.601698-05:00,41.9361079,-93.698521,,,,,,,,,
2026-03-20 16:55:21.263065-05:00,41.9361047,-93.6993196,,,,,,,,,
2026-03-20 16:55:26.924437-05:00,41.9361035,-93.7002576,,,,,,,,,
2026-03-20 16:55:32.585612-05:00,41.9361046,-93.7016669,,,,,,,,,
2026-03-20 16:55:38.245962-05:00,41.9360996,-93.7032297,,,,,,,,,
2026-03-20 16:55:43.906671-05:00,41.9360962,-93.7046171,,,,,,,,,
2026-03-20 16:55:49.568005-05:00,41.9360975,-93.7062856,,,,,,,,,
2026-03-20 16:55:55.229492-05:00,41.9360975,-93.7079564,,mid-band,00019C015,630720.0,-107.0,-8,-12,,
2026-03-20 16:56:00.891101-05:00,41.9360976,-93.7093575,,mid-band,FFFFFFFFF,-1.0,-96.0,11,-10,,
2026-03-20 16:56:06.552630-05:00,41.9360979,-93.7128487,,mid-band,FFFFFFFFF,-1.0,-107.0,0,-16,,
2026-03-20 16:56:18.890120-05:00,41.9360932,-93.7139815,,,,,,,,,
2026-03-20 16:56:24.551222-05:00,41.9360954,-93.7152263,,,,,,,,,
2026-03-20 16:56:30.212342-05:00,41.9360946,-93.7163412,,,,,,,,,
2026-03-20 16:56:35.873836-05:00,41.9361003,-93.7171772,,,,,,,,,
2026-03-20 16:56:41.535076-05:00,41.9361046,-93.7180023,,,,,,,,,
2026-03-20 16:56:47.195620-05:00,41.9361163,-93.7186931,,,,,,,,,
2026-03-20 16:56:52.856759-05:00,41.9361221,-93.7192238,,,,,,,,,
2026-03-20 16:56:58.517981-05:00,41.9361265,-93.7198456,,,,,,,,,
2026-03-20 16:57:04.179257-05:00,41.9361334,-93.7205156,,,,,,,,,
2026-03-20 16:57:09.840688-05:00,41.9361384,-93.7210657,,,,,,,,,
2026-03-20 16:57:15.501971-05:00,41.936144,-93.7217186,,,,,,,,,
2026-03-20 16:57:21.163495-05:00,41.9361602,-93.7237335,,,,,,,,,
2026-03-20 16:57:40.954022-05:00,41.9361678,-93.7245053,,,,,,,,,
2026-03-20 16:57:46.614659-05:00,41.9361718,-93.7251511,,,,,,,,,
2026-03-20 16:57:52.275364-05:00,41.9361791,-93.7257975,,,,,,,,,
2026-03-20 16:57:57.936530-05:00,41.9361813,-93.726317,,,,,,,,,
2026-03-20 16:58:03.597776-05:00,41.9361885,-93.7269647,,,,,,,,,
2026-03-20 16:58:09.259096-05:00,41.9361965,-93.7276424,,,,,,,,,
2026-03-20 16:58:14.920407-05:00,41.9362044,-93.7281961,,,,,,,,,
2026-03-20 16:58:20.581648-05:00,41.9362098,-93.7288469,,,,,,,,,
2026-03-20 16:58:26.242903-05:00,41.9362221,-93.7294998,,,,,,,,,
2026-03-20 16:58:31.903373-05:00,41.936227,-93.7300163,,,,,,,,,
2026-03-20 16:58:37.564539-05:00,41.9362389,-93.7312186,,,,,,,,,
2026-03-20 16:58:49.442673-05:00,41.9362422,-93.7318606,,,,,,,,,
2026-03-20 16:58:55.104037-05:00,41.9362523,-93.7325313,,,,,,,,,
2026-03-20 16:59:00.765377-05:00,41.9362602,-93.7330519,,,,,,,,,
2026-03-20 16:59:06.425973-05:00,41.9362613,-93.7336165,,,,,,,,,
2026-03-20 16:59:12.086330-05:00,41.9362753,-93.7341455,,,,,,,,,
2026-03-20 16:59:17.747395-05:00,41.9362755,-93.7345547,,,,,,,,,
2026-03-20 16:59:23.408622-05:00,41.9362862,-93.7350681,,,,,,,,,
2026-03-20 16:59:29.069844-05:00,41.9362945,-93.735493,,,,,,,,,
2026-03-20 16:59:34.731081-05:00,41.9363035,-93.7359752,,,,,,,,,
2026-03-20 16:59:40.392223-05:00,41.9363112,-93.7360856,,,,,,,,,
2026-03-20 16:59:46.053715-05:00,41.9363199,-93.7360946,,,,,,,,,
2026-03-20 16:59:59.945640-05:00,41.9363208,-93.7360954,,,,,,,,,
2026-03-20 17:00:05.606400-05:00,41.9363201,-93.7360959,,,,,,,,,
2026-03-20 17:00:11.267791-05:00,41.9363191,-93.7362925,,,,,,,,,
2026-03-20 17:00:16.929200-05:00,41.9363124,-93.7366941,,,,,,,,,
2026-03-20 17:00:22.590602-05:00,41.9363239,-93.7371641,,,,,,,,,
2026-03-20 17:00:28.251953-05:00,41.9365102,-93.7372454,,,,,,,,,
2026-03-20 17:00:33.913281-05:00,41.9367739,-93.7372343,,,,,,,,,
2026-03-20 17:00:39.574663-05:00,41.937107,-93.7372223,,,,,,,,,
2026-03-20 17:00:45.235916-05:00,41.9373287,-93.7372099,,,,,,,,,
2026-03-20 17:00:50.897258-05:00,41.937335,-93.7372059,,,,,,,,,
2026-03-20 17:00:56.558424-05:00,41.9374576,-93.7371981,,,,,,,,,
2026-03-20 17:01:09.937685-05:00,41.9377732,-93.737188,,,,,,,,,
2026-03-20 17:01:15.598827-05:00,41.938107,-93.7371728,,,,,,,,,
2026-03-20 17:01:21.260141-05:00,41.9384839,-93.7371637,,,,,,,,,
2026-03-20 17:01:26.921382-05:00,41.9388314,-93.73715,,,,,,,,,
2026-03-20 17:01:32.582709-05:00,41.9392949,-93.7371389,,,,,,,,,
2026-03-20 17:01:38.243955-05:00,41.9397685,-93.7371286,,,,,,,,,
2026-03-20 17:01:43.905260-05:00,41.9401632,-93.7371153,,,,,,,,,
2026-03-20 17:01:49.566716-05:00,41.9406179,-93.7371006,,,,,,,,,
2026-03-20 17:01:55.227419-05:00,41.9410693,-93.7370895,,,,,,,,,
2026-03-20 17:02:00.888610-05:00,41.9414416,-93.737086,,,,,,,,,
2026-03-20 17:02:06.549660-05:00,41.9424564,-93.7370506,,,,,,,,,
2026-03-20 17:02:19.939377-05:00,41.9429383,-93.7370419,,,,,,,,,
2026-03-20 17:02:25.600594-05:00,41.943413,-93.7370295,,,,,,,,,
2026-03-20 17:02:31.261908-05:00,41.9438812,-93.7370178,,,,,,,,,
2026-03-20 17:02:36.923308-05:00,41.9442578,-93.7370087,,,,,,,,,
2026-03-20 17:02:42.584636-05:00,41.9447093,-93.7369973,,,,,,,,,
2026-03-20 17:02:48.245898-05:00,41.9451665,-93.7369813,,,,,,,,,
2026-03-20 17:02:53.906594-05:00,41.9455488,-93.736975,,,,,,,,,
2026-03-20 17:02:59.566817-05:00,41.9459225,-93.7369569,,,,,,,,,
2026-03-20 17:03:05.227829-05:00,41.9462389,-93.7369501,,,,,,,,,
2026-03-20 17:03:10.889000-05:00,41.9464719,-93.7369372,,,,,,,,,
2026-03-20 17:03:16.550228-05:00,41.9465961,-93.7369284,,,,,,,,,
2026-03-20 17:03:29.944411-05:00,41.9467831,-93.7369306,,,,,,,,,
2026-03-20 17:03:35.605628-05:00,41.9470567,-93.7369321,,,,,,,,,
2026-03-20 17:03:41.266332-05:00,41.9474233,-93.736928,,,,,,,,,
2026-03-20 17:03:46.927361-05:00,41.9477849,-93.7369262,,,,,,,,,
2026-03-20 17:03:52.588590-05:00,41.9482572,-93.7369153,,,,,,,,,
2026-03-20 17:03:58.250046-05:00,41.948732,-93.7369111,,,,,,,,,
2026-03-20 17:04:03.910665-05:00,41.9491438,-93.7368968,,,,,,,,,
2026-03-20 17:04:09.571975-05:00,41.9496506,-93.7369014,,,,,,,,,
2026-03-20 17:04:15.233292-05:00,41.9501191,-93.7368822,,,,,,,,,
2026-03-20 17:04:20.894014-05:00,41.9505039,-93.7368836,,,,,,,,,
2026-03-20 17:04:26.555343-05:00,41.9514728,-93.736883,,,,,,,,,
2026-03-20 17:04:39.942678-05:00,41.951958,-93.7368887,,,,,,,,,
2026-03-20 17:04:45.603836-05:00,41.95244,-93.7368935,,,,,,,,,
2026-03-20 17:04:51.264950-05:00,41.9529259,-93.7369017,,,,,,,,,
2026-03-20 17:04:56.925952-05:00,41.9533285,-93.7369055,,,,,,,,,
2026-03-20 17:05:02.587289-05:00,41.9537986,-93.736907,,,,,,,,,
2026-03-20 17:05:08.248468-05:00,41.9542563,-93.7369004,,,,,,,,,
2026-03-20 17:05:13.909686-05:00,41.9546476,-93.7368931,,,,,,,,,
2026-03-20 17:05:19.570652-05:00,41.9551273,-93.7368907,,,,,,,,,
2026-03-20 17:05:25.231361-05:00,41.9555813,-93.7368862,,,,,,,,,
2026-03-20 17:05:30.892658-05:00,41.9559528,-93.7368985,,,,,,,,,
2026-03-20 17:05:36.553882-05:00,41.9569329,-93.7368927,,,,,,,,,
2026-03-20 17:05:49.943513-05:00,41.9573994,-93.7368948,,,,,,,,,
2026-03-20 17:05:55.604898-05:00,41.9578279,-93.7368996,,,,,,,,,
2026-03-20 17:06:01.266375-05:00,41.95822,-93.7369032,,,,,,,,,
2026-03-20 17:06:06.927677-05:00,41.958543,-93.7369063,,,,,,,,,
2026-03-20 17:06:12.589206-05:00,41.9589435,-93.7369061,,,,,,,,,
2026-03-20 17:06:18.250338-05:00,41.9593827,-93.7369086,,,,,,,,,
2026-03-20 17:06:23.911795-05:00,41.9597672,-93.736902,,,,,,,,,
2026-03-20 17:06:29.573223-05:00,41.960212,-93.7369104,,,,,,,,,
2026-03-20 17:06:35.234534-05:00,41.9606775,-93.7369164,,,,,,,,,
2026-03-20 17:06:40.895840-05:00,41.9610696,-93.7369173,,,,,,,,,
2026-03-20 17:06:46.557124-05:00,41.9621295,-93.7369268,,,,,,,,,
2026-03-20 17:06:59.947383-05:00,41.9626254,-93.7369256,,,,,,,,,
2026-03-20 17:07:05.608606-05:00,41.963116,-93.7369319,,,,,,,,,
2026-03-20 17:07:11.269823-05:00,41.9635995,-93.7369356,,,,,,,,,
2026-03-20 17:07:16.931079-05:00,41.9640329,-93.7369394,,,,,,,,,
2026-03-20 17:07:22.592281-05:00,41.964549,-93.7369336,,,,,,,,,
2026-03-20 17:07:28.253594-05:00,41.9649577,-93.7369296,,,,,,,,,
2026-03-20 17:07:33.914874-05:00,41.9651188,-93.7369302,,,,,,,,,
2026-03-20 17:07:39.576269-05:00,41.9654568,-93.7369367,,,,,,,,,
2026-03-20 17:07:45.237550-05:00,41.9658905,-93.7369447,,,,,,,,,
2026-03-20 17:07:50.898931-05:00,41.9662922,-93.7369489,,,,,,,,,
2026-03-20 17:07:56.560312-05:00,41.9674375,-93.7369669,,,,,,,,,
2026-03-20 17:08:09.944483-05:00,41.967943,-93.7369643,16.5,mid-band,00019C015,630720.0,-98.0,1,-11,,
2026-03-20 17:08:12.519668-05:00,41.9681948,-93.7369698,15.9,mid-band,00019C015,630720.0,-105.0,-3,-11,,
2026-03-20 17:08:15.094212-05:00,41.968458,-93.7369772,,,,,,,,,
2026-03-20 17:08:20.754657-05:00,41.968879,-93.736976,,,,,,,,,
2026-03-20 17:08:26.415895-05:00,41.969357,-93.7369705,,,,,,,,,
2026-03-20 17:08:32.077101-05:00,41.9698032,-93.7369672,,,,,,,,,
2026-03-20 17:08:37.738346-05:00,41.9701766,-93.7369699,,,,,,,,,
2026-03-20 17:08:43.399564-05:00,41.9706237,-93.7369721,,,,,,,,,
2026-03-20 17:08:49.060983-05:00,41.9709849,-93.7369745,,,,,,,,,
2026-03-20 17:08:54.722384-05:00,41.9713968,-93.736958,,mid-band,00019C015,630720.0,-92.0,0,-11,,
2026-03-20 17:08:59.332482-05:00,41.9717217,-93.7369399,53.5,mid-band,00019C015,630720.0,-91.0,-3,-11,,
2026-03-20 17:09:01.944767-05:00,41.971852,-93.7369373,21.1,mid-band,00019C015,630720.0,-88.0,-2,-11,,
2026-03-20 17:09:04.524630-05:00,41.9720503,-93.7369292,,mid-band,FFFFFFFFF,-1.0,-88.0,9,-10,,
2026-03-20 17:09:09.134926-05:00,41.9726632,-93.736921,,,,,,,,,
2026-03-20 17:09:18.938187-05:00,41.9730006,-93.7369251,,,,,,,,,
2026-03-20 17:09:24.599567-05:00,41.9733924,-93.7369392,,,,,,,,,
2026-03-20 17:09:30.260972-05:00,41.9738374,-93.736955,,,,,,,,,
2026-03-20 17:09:35.921925-05:00,41.974217,-93.7369639,,,,,,,,,
2026-03-20 17:09:41.583172-05:00,41.9746562,-93.7369601,,,,,,,,,
2026-03-20 17:09:47.244424-05:00,41.9750857,-93.7369627,,,,,,,,,
2026-03-20 17:09:52.905780-05:00,41.9754414,-93.7369673,,,,,,,,,
2026-03-20 17:09:58.566689-05:00,41.9758225,-93.7369731,,,,,,,,,
2026-03-20 17:10:04.228134-05:00,41.9761976,-93.7369804,,,,,,,,,
2026-03-20 17:10:09.889676-05:00,41.9764858,-93.73699,,,,,,,,,
2026-03-20 17:10:15.551177-05:00,41.9772646,-93.7370567,,,,,,,,,
2026-03-20 17:10:29.939563-05:00,41.9776504,-93.7370827,,,,,,,,,
2026-03-20 17:10:35.600936-05:00,41.9780641,-93.7371033,,,,,,,,,
2026-03-20 17:10:41.262315-05:00,41.9785087,-93.7371313,,,,,,,,,
2026-03-20 17:10:46.923766-05:00,41.9788697,-93.7371511,,,,,,,,,
2026-03-20 17:10:52.584966-05:00,41.9793043,-93.7371687,,,,,,,,,
2026-03-20 17:10:58.246002-05:00,41.979733,-93.7371837,,,,,,,,,
2026-03-20 17:11:03.907356-05:00,41.9800932,-93.737202,,,,,,,,,
2026-03-20 17:11:09.568551-05:00,41.9805478,-93.7372105,,,,,,,,,
2026-03-20 17:11:15.229788-05:00,41.9809936,-93.737211,,,,,,,,,
2026-03-20 17:11:20.891104-05:00,41.9813852,-93.7372101,,,,,,,,,
2026-03-20 17:11:26.552460-05:00,41.9824281,-93.7372092,,,,,,,,,
2026-03-20 17:11:39.940159-05:00,41.9829124,-93.7372175,,,,,,,,,
2026-03-20 17:11:45.601392-05:00,41.983399,-93.7372383,,,,,,,,,
2026-03-20 17:11:51.262621-05:00,41.9838645,-93.7372335,,,,,,,,,
2026-03-20 17:11:56.924080-05:00,41.9842023,-93.7372372,,,,,,,,,
2026-03-20 17:12:02.585409-05:00,41.9846392,-93.7372492,,,,,,,,,
2026-03-20 17:12:08.246977-05:00,41.9851197,-93.7372568,,,,,,,,,
2026-03-20 17:12:13.908286-05:00,41.9855552,-93.7372679,,,,,,,,,
2026-03-20 17:12:19.569637-05:00,41.9860691,-93.7372758,,,,,,,,,
2026-03-20 17:12:25.231015-05:00,41.9865649,-93.7372843,,,,,,,,,
2026-03-20 17:12:30.892331-05:00,41.9869495,-93.7372851,,,,,,,,,
2026-03-20 17:12:36.553480-05:00,41.9879548,-93.7373015,,,,,,,,,
2026-03-20 17:12:49.942644-05:00,41.9884428,-93.737305,,,,,,,,,
2026-03-20 17:12:55.602663-05:00,41.9889049,-93.7373139,,,,,,,,,
2026-03-20 17:13:01.263958-05:00,41.9893502,-93.7373194,,,,,,,,,
2026-03-20 17:13:06.925242-05:00,41.9897316,-93.7373187,,,,,,,,,
2026-03-20 17:13:12.586537-05:00,41.9901963,-93.7373324,,,,,,,,,
2026-03-20 17:13:18.247734-05:00,41.9906609,-93.7373464,,,,,,,,,
2026-03-20 17:13:23.909186-05:00,41.991058,-93.7373421,,,,,,,,,
2026-03-20 17:13:29.570376-05:00,41.9915042,-93.7373464,,,,,,,,,
2026-03-20 17:13:35.231655-05:00,41.9919264,-93.7373532,,,,,,,,,
2026-03-20 17:13:40.892858-05:00,41.9922822,-93.7373615,,,,,,,,,
2026-03-20 17:13:46.554065-05:00,41.9932119,-93.7373742,,,,,,,,,
2026-03-20 17:13:59.946906-05:00,41.9936395,-93.7373809,,,,,,,,,
2026-03-20 17:14:05.608255-05:00,41.9940584,-93.7373914,,,,,,,,,
2026-03-20 17:14:11.269533-05:00,41.9944289,-93.7373931,,,,,,,,,
2026-03-20 17:14:16.930318-05:00,41.9947763,-93.7373874,,,,,,,,,
2026-03-20 17:14:22.591602-05:00,41.9952474,-93.7374031,,,,,,,,,
2026-03-20 17:14:28.252874-05:00,41.9957167,-93.7374187,,mid-band,00019C015,630720.0,-80.0,11,-10,,
2026-03-20 17:14:31.811428-05:00,41.9959405,-93.7374182,24.1,mid-band,00019C015,630720.0,-85.0,7,-11,,
2026-03-20 17:14:34.394291-05:00,41.9961608,-93.7374196,26.3,mid-band,00019C015,630720.0,-81.0,9,-10,,
2026-03-20 17:14:36.979247-05:00,41.9963056,-93.7374189,26.1,mid-band,00019C015,630720.0,-84.0,6,-11,,
2026-03-20 17:14:39.564225-05:00,41.9965231,-93.7374215,78.8,mid-band,00019C015,630720.0,-85.0,6,-11,58.5,266.0
2026-03-20 17:14:42.201912-05:00,41.9967376,-93.7374272,65.9,mid-band,00019C015,630720.0,-90.0,4,-11,52.4,281.0
2026-03-20 17:14:44.825553-05:00,41.9968781,-93.7374299,31.7,mid-band,00019C015,630720.0,-82.0,5,-11,31.5,134.0
2026-03-20 17:14:47.416400-05:00,41.997085,-93.7374311,18.9,mid-band,00019C015,630720.0,-84.0,-1,-11,41.9,290.0
2026-03-20 17:14:49.994253-05:00,41.9972245,-93.7374362,29.7,mid-band,00019C015,630720.0,-80.0,5,-11,41.9,289.0
2026-03-20 17:14:52.583034-05:00,41.9974369,-93.7374409,22.3,mid-band,00019C015,630720.0,-88.0,0,-11,41.9,274.0
2026-03-20 17:14:55.164498-05:00,41.9976252,-93.7374443,28.5,mid-band,00019C015,630720.0,-85.0,-4,-11,21.0,227.0
2026-03-20 17:14:57.752018-05:00,41.9981166,-93.7374556,15.4,mid-band,00019C015,630720.0,-80.0,6,-11,52.4,286.0
2026-03-20 17:15:06.352620-05:00,41.9983334,-93.7374668,22.6,mid-band,00019C015,630720.0,-85.0,5,-11,41.9,236.0
2026-03-20 17:15:08.933143-05:00,41.99849,-93.7374738,18.6,mid-band,00019C015,630720.0,-84.0,5,-11,41.9,275.0
2026-03-20 17:15:11.510781-05:00,41.9987361,-93.7374782,22.4,mid-band,00019C015,630720.0,-81.0,5,-10,41.9,280.0
2026-03-20 17:15:14.092260-05:00,41.9989801,-93.7374818,24.2,mid-band,00019C015,630720.0,-80.0,5,-10,62.9,269.0
2026-03-20 17:15:16.675335-05:00,41.99914,-93.7374817,41.7,mid-band,00019C015,630720.0,-78.0,4,-11,62.9,265.0
2026-03-20 17:15:19.276057-05:00,41.9993776,-93.7374846,20.6,mid-band,00019C015,630720.0,-78.0,7,-10,62.9,261.0
2026-03-20 17:15:21.855449-05:00,41.9995334,-93.7374918,18.3,mid-band,00019C015,630720.0,-77.0,5,-10,73.4,233.0
2026-03-20 17:15:24.432582-05:00,41.9997676,-93.7374975,18.7,mid-band,00019C015,630720.0,-76.0,9,-10,62.9,243.0
2026-03-20 17:15:27.010037-05:00,41.9999311,-93.7374972,21.8,mid-band,00019C015,630720.0,-79.0,3,-10,62.9,255.0
2026-03-20 17:15:29.590818-05:00,42.0001702,-93.7374987,21.1,mid-band,00019C015,630720.0,-79.0,0,-11,73.4,248.0
2026-03-20 17:15:32.170818-05:00,42.0003915,-93.7375016,23.1,mid-band,00019C015,630720.0,-85.0,0,-11,52.4,258.0
2026-03-20 17:15:34.752709-05:00,42.0005407,-93.7375071,22.7,mid-band,00019C015,630720.0,-85.0,3,-11,31.5,271.0
2026-03-20 17:15:37.334425-05:00,42.0007643,-93.7375109,25.3,mid-band,00019C015,630720.0,-86.0,-2,-11,31.5,264.0
2026-03-20 17:15:39.918797-05:00,42.0009094,-93.7375115,,mid-band,FFFFFFFFF,-1.0,-87.0,18,-10,21.0,186.0
2026-03-20 17:15:43.477657-05:00,42.0011906,-93.7375128,,,,,,,,,
2026-03-20 17:15:49.139141-05:00,42.0015971,-93.7375218,,,,,,,,,
2026-03-20 17:15:54.800590-05:00,42.0019615,-93.7375314,,,,,,,,,
2026-03-20 17:16:00.462312-05:00,42.0024356,-93.7375364,,,,,,,,,
2026-03-20 17:16:06.123175-05:00,42.0034061,-93.7375581,,,,,,,,,
2026-03-20 17:16:19.940556-05:00,42.00386,-93.7375661,64.9,mid-band,00019C015,630720.0,-85.0,8,-11,,
2026-03-20 17:16:22.563941-05:00,42.0041016,-93.7375673,19.2,mid-band,00019C015,630720.0,-84.0,4,-11,,
2026-03-20 17:16:25.141907-05:00,42.0043472,-93.7375722,16.9,mid-band,00019C015,630720.0,-89.0,7,-11,31.5,236.0
2026-03-20 17:16:27.717671-05:00,42.0045129,-93.7375756,20.4,mid-band,00019C015,630720.0,-94.0,1,-11,21.0,258.0
2026-03-20 17:16:30.296892-05:00,42.0047592,-93.7375813,16.6,mid-band,00019C015,630720.0,-95.0,1,-11,21.0,265.0
2026-03-20 17:16:32.872219-05:00,42.0049196,-93.7375862,,mid-band,FFFFFFFFF,-1.0,-89.0,0,-20,10.5,198.0
2026-03-20 17:16:36.431073-05:00,42.0052331,-93.7375943,,mid-band,FFFFFFFFF,-1.0,-140.0,-,-,,
2026-03-20 17:16:42.092524-05:00,42.0057259,-93.7376095,,mid-band,FFFFFFFFF,-1.0,-124.0,-4,-15,,
2026-03-20 17:16:47.753956-05:00,42.0061721,-93.7376246,,,,,,,,,
2026-03-20 17:16:53.415315-05:00,42.0066994,-93.7376307,,,,,,,,,
2026-03-20 17:16:59.076534-05:00,42.007225,-93.7376485,,,,,,,,,
2026-03-20 17:17:04.737934-05:00,42.0077052,-93.7376648,,,,,,,,,
2026-03-20 17:17:10.399412-05:00,42.0083228,-93.7376868,,,,,,,,,
2026-03-20 17:17:16.060673-05:00,42.009635,-93.7377017,16.1,mid-band,00019C015,630720.0,-97.0,-4,-11,,
2026-03-20 17:17:26.861159-05:00,42.0099397,-93.7377045,15.9,mid-band,00019C015,630720.0,-80.0,-2,-11,,
2026-03-20 17:17:29.435759-05:00,42.010252,-93.7377091,16.2,mid-band,00019C015,630720.0,-76.0,0,-11,,
2026-03-20 17:17:32.010563-05:00,42.0104625,-93.7377115,16.0,mid-band,00019C015,630720.0,-74.0,6,-10,,
2026-03-20 17:17:34.585170-05:00,42.0107732,-93.7377145,21.2,mid-band,00019C015,630720.0,-74.0,5,-11,21.0,218.0
2026-03-20 17:17:37.165297-05:00,42.0110767,-93.7377156,15.4,mid-band,00019C015,630720.0,-76.0,2,-11,41.9,232.0
2026-03-20 17:17:39.739352-05:00,42.0112672,-93.7377162,23.4,mid-band,00019C015,630720.0,-77.0,0,-11,52.4,258.0
2026-03-20 17:17:42.321785-05:00,42.0115467,-93.7377204,18.5,mid-band,00019C015,630720.0,-81.0,-1,-11,62.9,255.0
2026-03-20 17:17:44.899683-05:00,42.0117319,-93.7377239,26.2,mid-band,00019C015,630720.0,-81.0,3,-11,73.4,241.0
2026-03-20 17:17:47.484831-05:00,42.012012,-93.737729,24.5,mid-band,00019C015,630720.0,-81.0,3,-11,83.9,244.0
2026-03-20 17:17:50.068435-05:00,42.0122018,-93.7377301,,,,,,,,83.9,225.0
2026-03-20 17:17:55.730133-05:00,42.0127782,-93.7377313,59.9,mid-band,00019C015,630720.0,-76.0,7,-10,10.5,66.8
2026-03-20 17:17:58.348991-05:00,42.0130716,-93.7377351,31.4,mid-band,00019C015,630720.0,-74.0,-2,-11,73.4,259.0
2026-03-20 17:18:00.939445-05:00,42.0132691,-93.7377388,25.9,mid-band,00019C015,630720.0,-71.0,9,-10,62.9,257.0
2026-03-20 17:18:03.524319-05:00,42.0135683,-93.7377453,15.4,mid-band,00019C015,630720.0,-76.0,7,-10,83.9,211.0
2026-03-20 17:18:06.098672-05:00,42.0138734,-93.7377477,30.5,mid-band,00019C015,630720.0,-78.0,1,-11,105.0,222.0
2026-03-20 17:18:08.687667-05:00,42.0140737,-93.7377441,25.3,mid-band,00019C015,630720.0,-75.0,10,-11,94.4,232.0
2026-03-20 17:18:11.271975-05:00,42.0143502,-93.7377457,28.6,mid-band,00019C015,630720.0,-74.0,7,-10,62.9,265.0
2026-03-20 17:18:13.859546-05:00,42.0145301,-93.7377486,29.5,mid-band,00019C015,630720.0,-75.0,2,-11,10.5,126.0
2026-03-20 17:18:16.447924-05:00,42.0147995,-93.7377568,35.4,mid-band,00019C015,630720.0,-77.0,-4,-11,105.0,221.0
2026-03-20 17:18:19.042329-05:00,42.0149765,-93.7377582,,,,,,,,,
2026-03-20 17:18:24.703759-05:00,42.0154897,-93.737756,,,,,,,,,
2026-03-20 17:18:30.365120-05:00,42.0162385,-93.7377689,22.1,mid-band,00019C015,630720.0,-73.0,5,-11,,
2026-03-20 17:18:35.854249-05:00,42.0164082,-93.7377691,,mid-band,FFFFFFFFF,-1.0,-82.0,0,-10,,
2026-03-20 17:18:39.412960-05:00,42.0167601,-93.7377657,18.1,mid-band,00019C015,630720.0,-70.0,9,-10,,
2026-03-20 17:18:41.989830-05:00,42.0169427,-93.7377653,21.9,mid-band,00019C015,630720.0,-69.0,-1,-11,,
2026-03-20 17:18:44.570292-05:00,42.0172264,-93.7377681,26.2,mid-band,00019C015,630720.0,-70.0,4,-10,,
2026-03-20 17:18:47.155519-05:00,42.0175151,-93.7377708,76.5,mid-band,00019C015,630720.0,-72.0,9,-10,24.4,58.2
2026-03-20 17:18:49.791059-05:00,42.0177071,-93.7377747,60.5,mid-band,00019C015,630720.0,-75.0,4,-11,105.0,223.0
2026-03-20 17:18:52.410544-05:00,42.0179946,-93.7377785,148.0,mid-band,00019C015,630720.0,-73.0,4,-11,62.9,108.0
2026-03-20 17:18:55.117181-05:00,42.018281,-93.7377794,48.0,mid-band,00019C015,630720.0,-71.0,7,-11,126.0,215.0
2026-03-20 17:18:57.724255-05:00,42.0184722,-93.7377785,18.3,mid-band,00019C015,630720.0,-68.0,8,-11,62.9,169.0
2026-03-20 17:19:00.301555-05:00,42.0187577,-93.7377757,25.2,mid-band,00019C015,630720.0,-69.0,9,-11,73.4,217.0
2026-03-20 17:19:02.885765-05:00,42.0189475,-93.7377734,36.7,mid-band,00019C015,630720.0,-71.0,10,-11,94.4,222.0
2026-03-20 17:19:05.481492-05:00,42.0192283,-93.7377749,21.9,mid-band,00019C015,630720.0,-74.0,0,-11,62.9,174.0
2026-03-20 17:19:08.062302-05:00,42.0194192,-93.737778,27.4,mid-band,00019C015,630720.0,-88.0,-5,-11,62.9,189.0
2026-03-20 17:19:10.648497-05:00,42.0197105,-93.7377839,,,,,,,,31.5,195.0
2026-03-20 17:19:16.309927-05:00,42.0203017,-93.7377881,,,,,,,,,
2026-03-20 17:19:21.971311-05:00,42.0207976,-93.737794,,,,,,,,,
2026-03-20 17:19:27.632486-05:00,42.0213877,-93.7377956,,,,,,,,,
2026-03-20 17:19:33.293709-05:00,42.0219878,-93.7377924,,,,,,,,,
2026-03-20 17:19:38.955065-05:00,42.022737,-93.7377938,19.4,mid-band,00019C015,630720.0,-70.0,17,-10,,
2026-03-20 17:19:46.353604-05:00,42.0227642,-93.7377973,19.1,mid-band,00019C015,630720.0,-71.0,17,-10,,
2026-03-20 17:19:48.931461-05:00,42.0227654,-93.7377997,14.3,mid-band,00019C015,630720.0,-70.0,16,-10,,
2026-03-20 17:19:51.504470-05:00,42.0227633,-93.7378025,22.7,mid-band,00019C015,630720.0,-71.0,15,-10,62.9,255.0
2026-03-20 17:19:54.086280-05:00,42.0227691,-93.7378055,22.4,mid-band,00019C015,630720.0,-70.0,14,-10,73.4,238.0
2026-03-20 17:19:56.667746-05:00,42.0227758,-93.737806,19.5,mid-band,00019C015,630720.0,-71.0,15,-10,73.4,230.0
2026-03-20 17:19:59.246077-05:00,42.0227769,-93.7378061,32.3,mid-band,00019C015,630720.0,-71.0,14,-10,52.4,174.0
2026-03-20 17:20:01.837300-05:00,42.0227762,-93.7378069,21.0,mid-band,00019C015,630720.0,-71.0,16,-10,52.4,273.0
2026-03-20 17:20:04.417207-05:00,42.022773,-93.7378094,22.6,mid-band,00019C015,630720.0,-72.0,12,-10,62.9,243.0
2026-03-20 17:20:06.998720-05:00,42.0227767,-93.7378105,22.2,mid-band,00019C015,630720.0,-70.0,8,-11,52.4,235.0
2026-03-20 17:20:09.579439-05:00,42.0228782,-93.7378037,27.7,mid-band,00019C015,630720.0,-74.0,1,-11,52.4,218.0
2026-03-20 17:20:12.166064-05:00,42.0230142,-93.7377954,26.0,mid-band,00019C015,630720.0,-78.0,1,-11,41.9,170.0
2026-03-20 17:20:14.751034-05:00,42.0230752,-93.7378023,50.4,mid-band,00019C015,630720.0,-81.0,-7,-11,52.4,256.0
2026-03-20 17:20:17.360355-05:00,42.0231653,-93.7379834,,,,,,,,10.5,45.9
2026-03-20 17:20:23.021727-05:00,42.0231896,-93.7387068,,,,,,,,,
2026-03-20 17:20:28.683084-05:00,42.0232169,-93.7400026,,,,,,,,,
2026-03-20 17:20:34.344398-05:00,42.023259,-93.7415685,,,,,,,,,
2026-03-20 17:20:40.005740-05:00,42.0232936,-93.7429994,,,,,,,,,
2026-03-20 17:20:45.667167-05:00,42.0233333,-93.7447689,163.0,mid-band,00019C015,630720.0,-78.0,4,-11,,
2026-03-20 17:20:48.388449-05:00,42.0233825,-93.7469592,,,,,,,,,
2026-03-20 17:20:59.441613-05:00,42.0234085,-93.7484498,,,,,,,,,
2026-03-20 17:21:05.101975-05:00,42.0234342,-93.7499476,,,,,,,,,
2026-03-20 17:21:10.762637-05:00,42.0234528,-93.7511606,,,,,,,,,
2026-03-20 17:21:16.423366-05:00,42.0234533,-93.7527548,,,,,,,,,
2026-03-20 17:21:22.084610-05:00,42.0234804,-93.7545305,,,,,,,,,
2026-03-20 17:21:27.745849-05:00,42.0235034,-93.7558049,,,,,,,,,
2026-03-20 17:21:33.406949-05:00,42.0235051,-93.7568527,,,,,,,,,
2026-03-20 17:21:39.068205-05:00,42.0234921,-93.7573228,,,,,,,,,
2026-03-20 17:21:44.729466-05:00,42.0234552,-93.7573953,,,,,,,,,
2026-03-20 17:21:50.390711-05:00,42.023357,-93.7574124,,,,,,,,,
2026-03-20 17:21:56.051922-05:00,42.0225889,-93.7573405,,,,,,,,,
2026-03-20 17:22:09.951599-05:00,42.0221645,-93.7573318,,,,,,,,,
2026-03-20 17:22:15.612734-05:00,42.0217378,-93.7573194,14.0,mid-band,00019C015,630720.0,-74.0,4,-11,,
2026-03-20 17:22:18.184753-05:00,42.0215324,-93.7573088,14.2,mid-band,00019C015,630720.0,-73.0,3,-11,,
2026-03-20 17:22:20.757240-05:00,42.0213933,-93.7573034,18.6,mid-band,00019C015,630720.0,-71.0,4,-11,,
2026-03-20 17:22:23.334208-05:00,42.0211893,-93.7572965,23.3,mid-band,00019C015,630720.0,-69.0,9,-11,,
2026-03-20 17:22:25.916353-05:00,42.0210575,-93.7572868,74.8,mid-band,00019C015,630720.0,-70.0,9,-10,63.0,116.0
2026-03-20 17:22:28.549888-05:00,42.0208487,-93.7572838,40.5,mid-band,00019C015,630720.0,-72.0,10,-10,28.0,301.0
2026-03-20 17:22:31.149154-05:00,42.0206304,-93.7572837,35.4,mid-band,00019C015,630720.0,-68.0,18,-10,48.7,272.0
2026-03-20 17:22:33.743516-05:00,42.0204803,-93.7572806,20.1,mid-band,00019C015,630720.0,-66.0,16,-10,38.8,163.0
2026-03-20 17:22:36.322581-05:00,42.0202604,-93.7572673,25.4,mid-band,00019C015,630720.0,-69.0,12,-10,78.5,243.0
2026-03-20 17:22:38.906912-05:00,42.0201113,-93.7572627,19.1,mid-band,00019C015,630720.0,-72.0,3,-11,49.2,232.0
2026-03-20 17:22:41.484896-05:00,42.0198875,-93.7572536,20.9,mid-band,00019C015,630720.0,-73.0,5,-11,9.84,229.0
2026-03-20 17:22:44.064721-05:00,42.0197404,-93.7572454,17.9,mid-band,00019C015,630720.0,-76.0,2,-11,39.3,229.0
2026-03-20 17:22:46.641215-05:00,42.0195209,-93.7572417,17.7,mid-band,00019C015,630720.0,-73.0,9,-10,39.3,216.0
2026-03-20 17:22:49.217703-05:00,42.0193042,-93.757239,50.8,mid-band,00019C015,630720.0,-73.0,4,-11,59.0,239.0
2026-03-20 17:22:51.827376-05:00,42.0191593,-93.7572407,21.0,mid-band,00019C015,630720.0,-72.0,9,-10,49.7,184.0
2026-03-20 17:22:54.407504-05:00,42.0189405,-93.7572421,29.3,mid-band,00019C015,630720.0,-71.0,-4,-11,59.0,241.0
2026-03-20 17:22:56.995765-05:00,42.0187961,-93.7572364,23.1,mid-band,00019C015,630720.0,-75.0,-14,-12,49.2,230.0
2026-03-20 17:22:59.577667-05:00,42.0185784,-93.7572338,,,,,,,,29.5,194.0
2026-03-20 17:23:05.239118-05:00,42.0181394,-93.7572322,,,,,,,,,
2026-03-20 17:23:10.900492-05:00,42.0175598,-93.7572023,,,,,,,,,
2026-03-20 17:23:18.946727-05:00,42.0171755,-93.7571957,20.0,mid-band,00019C015,630720.0,-68.0,2,-11,,
2026-03-20 17:23:21.525451-05:00,42.0169302,-93.7571951,22.6,mid-band,00019C015,630720.0,-69.0,-5,-11,,
2026-03-20 17:23:24.106701-05:00,42.0166848,-93.7571909,,mid-band,FFFFFFFFF,-1.0,-68.0,11,-10,,
2026-03-20 17:23:28.716771-05:00,42.0163685,-93.7571805,,,,,,,,,
2026-03-20 17:23:34.378042-05:00,42.0159069,-93.7571671,,,,,,,,,
2026-03-20 17:23:40.039202-05:00,42.0155046,-93.7571594,,,,,,,,,
2026-03-20 17:23:45.700366-05:00,42.0149927,-93.7571503,,,,,,,,,
2026-03-20 17:23:51.361730-05:00,42.0144842,-93.7571611,,,,,,,,,
2026-03-20 17:23:57.023096-05:00,42.0140836,-93.7571606,,,,,,,,,
2026-03-20 17:24:02.684593-05:00,42.0136254,-93.7571558,,,,,,,,,
2026-03-20 17:24:08.346002-05:00,42.0131603,-93.7571557,,,,,,,,,
2026-03-20 17:24:14.007351-05:00,42.0127449,-93.7571531,,,,,,,,,
2026-03-20 17:24:19.668826-05:00,42.0118741,-93.7571474,,,,,,,,,
2026-03-20 17:24:28.944484-05:00,42.011437,-93.7571479,,,,,,,,,
2026-03-20 17:24:34.605830-05:00,42.0109262,-93.7571401,,,,,,,,,
2026-03-20 17:24:40.266692-05:00,42.010407,-93.7571353,,,,,,,,,
2026-03-20 17:24:45.927964-05:00,42.0099722,-93.7571393,,,,,,,,,
2026-03-20 17:24:51.589348-05:00,42.009477,-93.7571098,,,,,,,,,
2026-03-20 17:24:57.250857-05:00,42.00895,-93.7571103,,,,,,,,,
2026-03-20 17:25:02.912321-05:00,42.0085005,-93.7571049,,,,,,,,,
2026-03-20 17:25:08.573833-05:00,42.0079683,-93.757093,,,,,,,,,
2026-03-20 17:25:14.235277-05:00,42.0074573,-93.7570853,,,,,,,,,
2026-03-20 17:25:19.896760-05:00,42.0070503,-93.7570911,,,,,,,,,
2026-03-20 17:25:25.558088-05:00,42.0058137,-93.7570794,33.3,mid-band,00019C015,630720.0,-74.0,2,-11,,
2026-03-20 17:25:36.883147-05:00,42.0055342,-93.7570773,16.0,mid-band,00019C015,630720.0,-74.0,5,-11,,
2026-03-20 17:25:39.457934-05:00,42.0052586,-93.7570749,26.7,mid-band,00019C015,630720.0,-82.0,-2,-11,,
2026-03-20 17:25:42.043284-05:00,42.0050787,-93.7570741,10.2,mid-band,00019C015,630720.0,-73.0,7,-10,66.9,100.0
2026-03-20 17:25:44.611352-05:00,42.0048201,-93.7570656,18.6,mid-band,00019C015,630720.0,-68.0,8,-10,21.7,243.0
2026-03-20 17:25:47.188156-05:00,42.0045694,-93.7570576,17.8,mid-band,00019C015,630720.0,-70.0,6,-10,37.8,249.0
2026-03-20 17:25:49.764438-05:00,42.0044033,-93.7570569,,,,,,,,33.1,220.0
2026-03-20 17:25:55.425580-05:00,42.0038996,-93.7570514,32.3,mid-band,00019C015,630720.0,-140.0,-,-,,
2026-03-20 17:25:58.016576-05:00,42.0037332,-93.7570432,,mid-band,FFFFFFFFF,-1.0,-87.0,0,-10,16.6,205.0
2026-03-20 17:26:02.626703-05:00,42.0033023,-93.7570476,,,,,,,,,
2026-03-20 17:26:08.287993-05:00,42.0027899,-93.7570518,,,,,,,,,
2026-03-20 17:26:13.949207-05:00,42.0024026,-93.7570389,,,,,,,,,
2026-03-20 17:26:19.610335-05:00,42.0019339,-93.7570467,20.8,mid-band,00019C015,630720.0,-66.0,14,-10,,
2026-03-20 17:26:22.189661-05:00,42.0017045,-93.7570468,19.5,mid-band,00019C015,630720.0,-66.0,10,-10,,
2026-03-20 17:26:24.767083-05:00,42.001553,-93.7570482,22.7,mid-band,00019C015,630720.0,-66.0,8,-10,,
2026-03-20 17:26:27.347423-05:00,42.0013278,-93.7570506,17.5,mid-band,00019C015,630720.0,-66.0,5,-11,,
2026-03-20 17:26:29.923413-05:00,42.0011734,-93.7570529,19.1,mid-band,00019C015,630720.0,-67.0,6,-11,,
2026-03-20 17:26:32.500531-05:00,42.0009398,-93.7570477,40.9,mid-band,00019C015,630720.0,-66.0,5,-11,22.8,129.0
2026-03-20 17:26:35.100112-05:00,42.000705,-93.7570403,38.8,mid-band,00019C015,630720.0,-69.0,6,-11,12.4,305.0
2026-03-20 17:26:37.697809-05:00,42.0000682,-93.7570342,26.3,mid-band,00019C015,630720.0,-67.0,9,-11,30.0,238.0
2026-03-20 17:26:46.375775-05:00,41.9998299,-93.7570339,19.8,mid-band,00019C015,630720.0,-67.0,8,-11,101.0,231.0
2026-03-20 17:26:48.954457-05:00,41.9996704,-93.7570333,26.6,mid-band,00019C015,630720.0,-67.0,6,-11,83.9,245.0
2026-03-20 17:26:51.539443-05:00,41.99943,-93.7570312,55.7,mid-band,00019C015,630720.0,-70.0,8,-11,94.4,230.0
2026-03-20 17:26:54.154156-05:00,41.9991883,-93.7570281,16.9,mid-band,00019C015,630720.0,-67.0,4,-11,73.4,224.0
2026-03-20 17:26:56.729722-05:00,41.9990239,-93.7570259,23.0,mid-band,00019C015,630720.0,-70.0,0,-11,83.9,228.0
2026-03-20 17:26:59.311531-05:00,41.9987721,-93.7570256,23.4,mid-band,00019C015,630720.0,-72.0,-4,-12,83.9,230.0
2026-03-20 17:27:01.893788-05:00,41.998605,-93.7570225,36.3,mid-band,00019C015,630720.0,-76.0,-5,-17,73.4,243.0
2026-03-20 17:27:04.489060-05:00,41.9983604,-93.7570156,,,,,,,,52.4,233.0
2026-03-20 17:27:10.150524-05:00,41.9978779,-93.7570001,,,,,,,,,
2026-03-20 17:27:15.811832-05:00,41.9974712,-93.7569929,,,,,,,,,
2026-03-20 17:27:21.473067-05:00,41.9969737,-93.7569882,,mid-band,00019C015,630720.0,-69.0,10,-10,,
2026-03-20 17:27:27.134427-05:00,41.9964993,-93.756977,17.6,mid-band,00019C015,630720.0,-72.0,10,-10,10.5,271.0
2026-03-20 17:27:29.710997-05:00,41.9963379,-93.7569781,21.2,mid-band,00019C015,630720.0,-73.0,9,-10,62.9,262.0
2026-03-20 17:27:32.291256-05:00,41.9960931,-93.7569732,20.4,mid-band,00019C015,630720.0,-77.0,6,-11,62.9,266.0
2026-03-20 17:27:34.870698-05:00,41.9959271,-93.7569708,22.8,mid-band,00019C015,630720.0,-76.0,7,-11,62.9,245.0
2026-03-20 17:27:37.452235-05:00,41.9956797,-93.7569692,26.8,mid-band,00019C015,630720.0,-77.0,7,-11,83.9,250.0
2026-03-20 17:27:40.038005-05:00,41.995517,-93.7569648,16.9,mid-band,00019C015,630720.0,-78.0,8,-11,62.9,214.0
2026-03-20 17:27:42.613790-05:00,41.9952718,-93.7569624,40.6,mid-band,00019C015,630720.0,-77.0,6,-11,62.9,145.0
2026-03-20 17:27:45.212665-05:00,41.9950211,-93.7569594,19.8,mid-band,00019C015,630720.0,-78.0,5,-11,41.9,228.0
2026-03-20 17:27:47.791276-05:00,41.9943529,-93.7569536,18.5,mid-band,00019C015,630720.0,-85.0,-4,-11,62.9,248.0
2026-03-20 17:27:56.367225-05:00,41.9941164,-93.7569454,30.1,mid-band,00019C015,630720.0,-82.0,1,-11,73.4,246.0
2026-03-20 17:27:58.956530-05:00,41.9939518,-93.7569389,41.9,mid-band,00019C015,630720.0,-85.0,-3,-11,62.9,181.0
2026-03-20 17:28:01.557678-05:00,41.9937045,-93.7569337,12.0,mid-band,00019C015,630720.0,-85.0,0,-11,73.4,219.0
2026-03-20 17:28:04.128725-05:00,41.9934547,-93.7569278,18.1,mid-band,00019C015,630720.0,-84.0,-1,-11,62.9,239.0
2026-03-20 17:28:06.705575-05:00,41.993285,-93.7569263,19.3,mid-band,00019C015,630720.0,-83.0,0,-11,62.9,232.0
2026-03-20 17:28:09.283905-05:00,41.9930457,-93.7569221,17.0,mid-band,00019C015,630720.0,-82.0,5,-11,52.4,244.0
2026-03-20 17:28:11.859885-05:00,41.992887,-93.7569197,18.3,mid-band,00019C015,630720.0,-83.0,5,-11,62.9,265.0
2026-03-20 17:28:14.437049-05:00,41.9926459,-93.7569154,38.9,mid-band,00019C015,630720.0,-80.0,4,-11,62.9,268.0
2026-03-20 17:28:17.034898-05:00,41.9924872,-93.75691,33.8,mid-band,00019C015,630720.0,-81.0,2,-11,41.9,190.0
2026-03-20 17:28:19.627697-05:00,41.9922503,-93.7569035,25.8,mid-band,00019C015,630720.0,-80.0,0,-11,73.4,258.0
2026-03-20 17:28:22.212526-05:00,41.9920119,-93.7568975,27.2,mid-band,00019C015,630720.0,-83.0,0,-11,62.9,268.0
2026-03-20 17:28:24.798694-05:00,41.9918507,-93.7568953,26.1,mid-band,00019C015,630720.0,-87.0,0,-11,62.9,246.0
2026-03-20 17:28:27.383347-05:00,41.9916052,-93.756892,23.2,mid-band,00019C015,630720.0,-84.0,3,-11,83.9,242.0
2026-03-20 17:28:29.965304-05:00,41.9914498,-93.7568894,15.9,mid-band,00019C015,630720.0,-87.0,1,-11,62.9,260.0
2026-03-20 17:28:32.540191-05:00,41.991224,-93.756884,21.1,mid-band,00019C015,630720.0,-88.0,2,-11,73.4,249.0
2026-03-20 17:28:35.120345-05:00,41.9909994,-93.75688,18.9,mid-band,00019C015,630720.0,-85.0,-1,-11,52.4,194.0
2026-03-20 17:28:37.698198-05:00,41.990848,-93.7568766,,mid-band,FFFFFFFFF,-1.0,-79.0,0,-10,31.4,102.0
2026-03-20 17:28:41.257080-05:00,41.9905471,-93.7568718,,,,,,,,,
2026-03-20 17:28:46.918495-05:00,41.9901762,-93.7568644,,,,,,,,,
2026-03-20 17:28:52.579777-05:00,41.9897212,-93.7568556,,,,,,,,,
2026-03-20 17:28:58.241083-05:00,41.9889435,-93.7568279,,,,,,,,,
2026-03-20 17:29:09.452507-05:00,41.9885377,-93.7568187,,,,,,,,,
2026-03-20 17:29:15.113906-05:00,41.9881384,-93.7568128,,,,,,,,,
2026-03-20 17:29:20.774666-05:00,41.9878096,-93.7568067,,,,,,,,,
2026-03-20 17:29:26.436028-05:00,41.9874167,-93.7567974,,,,,,,,,
2026-03-20 17:29:32.097362-05:00,41.9869849,-93.7567961,,,,,,,,,
2026-03-20 17:29:37.758662-05:00,41.9866107,-93.7567899,,,,,,,,,
2026-03-20 17:29:43.419950-05:00,41.9861738,-93.7567816,,,,,,,,,
2026-03-20 17:29:49.081362-05:00,41.9858135,-93.7567768,,,,,,,,,
2026-03-20 17:29:54.742040-05:00,41.9854032,-93.7567687,,,,,,,,,
2026-03-20 17:30:00.403374-05:00,41.9849629,-93.7567619,,,,,,,,,
2026-03-20 17:30:06.064738-05:00,41.9842915,-93.7567806,,,,,,,,,
2026-03-20 17:30:19.958307-05:00,41.9842623,-93.756783,,,,,,,,,
2026-03-20 17:30:25.618665-05:00,41.9842623,-93.756785,,,,,,,,,
2026-03-20 17:30:31.279933-05:00,41.9842605,-93.7567881,,,,,,,,,
2026-03-20 17:30:36.941503-05:00,41.9842585,-93.7567878,,,,,,,,,
2026-03-20 17:30:42.601949-05:00,41.9841045,-93.7567743,,,,,,,,,
2026-03-20 17:30:48.262668-05:00,41.9838024,-93.7567619,,,,,,,,,
2026-03-20 17:30:53.924056-05:00,41.9834977,-93.7567576,,,,,,,,,
2026-03-20 17:30:59.585339-05:00,41.9831025,-93.7567525,,,,,,,,,
2026-03-20 17:31:05.246537-05:00,41.9826799,-93.7567444,,,,,,,,,
2026-03-20 17:31:10.907380-05:00,41.9823091,-93.7567361,,,,,,,,,
2026-03-20 17:31:16.568464-05:00,41.9813772,-93.7567187,,,,,,,,,
2026-03-20 17:31:29.962737-05:00,41.9809262,-93.7567219,,,,,,,,,
2026-03-20 17:31:35.623378-05:00,41.9804788,-93.7567129,,,,,,,,,
2026-03-20 17:31:41.284740-05:00,41.9800377,-93.7567126,,,,,,,,,
2026-03-20 17:31:46.945947-05:00,41.9796657,-93.7567085,,,,,,,,,
2026-03-20 17:31:52.607345-05:00,41.979258,-93.7567032,,,,,,,,,
2026-03-20 17:31:58.268889-05:00,41.9788598,-93.7566978,,,,,,,,,
2026-03-20 17:32:03.930332-05:00,41.9784958,-93.7566918,,,,,,,,,
2026-03-20 17:32:09.591740-05:00,41.9780445,-93.7566781,,,,,,,,,
2026-03-20 17:32:15.252577-05:00,41.9776074,-93.7566635,,,,,,,,,
2026-03-20 17:32:20.913950-05:00,41.9772309,-93.7566577,,,,,,,,,
2026-03-20 17:32:26.575329-05:00,41.9761611,-93.7566543,,,,,,,,,
2026-03-20 17:32:39.955985-05:00,41.9756604,-93.7566534,,,,,,,,,
2026-03-20 17:32:45.617145-05:00,41.975158,-93.7566399,,,,,,,,,
2026-03-20 17:32:51.278519-05:00,41.9746493,-93.75663,,,,,,,,,
2026-03-20 17:32:56.939757-05:00,41.9742378,-93.7566283,,,,,,,,,
2026-03-20 17:33:02.601012-05:00,41.9737408,-93.7566237,,,,,,,,,
2026-03-20 17:33:08.262287-05:00,41.9732424,-93.7566183,,,,,,,,,
2026-03-20 17:33:13.922680-05:00,41.972838,-93.7566154,,,,,,,,,
2026-03-20 17:33:19.583360-05:00,41.9723574,-93.756615,,,,,,,,,
2026-03-20 17:33:25.244500-05:00,41.9719324,-93.7566113,,,,,,,,,
2026-03-20 17:33:30.905772-05:00,41.9716155,-93.7566058,,,,,,,,,
2026-03-20 17:33:36.567072-05:00,41.9706506,-93.7565886,,,,,,,,,
2026-03-20 17:33:49.956218-05:00,41.9701649,-93.7565841,,,,,,,,,
2026-03-20 17:33:55.617483-05:00,41.9697081,-93.7565716,,,,,,,,,
2026-03-20 17:34:01.277997-05:00,41.9692579,-93.7565679,,,,,,,,,
2026-03-20 17:34:06.939185-05:00,41.968864,-93.7565642,,,,,,,,,
2026-03-20 17:34:12.600432-05:00,41.9683908,-93.756559,,,,,,,,,
2026-03-20 17:34:18.261732-05:00,41.9679185,-93.7565414,,,,,,,,,
2026-03-20 17:34:23.922679-05:00,41.9675135,-93.7565363,,,,,,,,,
2026-03-20 17:34:29.583935-05:00,41.9670179,-93.7565258,,,,,,,,,
2026-03-20 17:34:35.244403-05:00,41.9665104,-93.7565284,,,,,,,,,
2026-03-20 17:34:40.905702-05:00,41.9661006,-93.7565231,,,,,,,,,
2026-03-20 17:34:46.565981-05:00,41.965286,-93.7565234,,,,,,,,,
2026-03-20 17:34:59.950690-05:00,41.9652775,-93.7565158,,,,,,,,,
2026-03-20 17:35:05.611968-05:00,41.9652328,-93.7565132,,,,,,,,,
2026-03-20 17:35:11.273196-05:00,41.9649936,-93.756503,,,,,,,,,
2026-03-20 17:35:16.934457-05:00,41.9647284,-93.7564974,,,,,,,,,
2026-03-20 17:35:22.595781-05:00,41.9643247,-93.7564928,,,,,,,,,
2026-03-20 17:35:28.256968-05:00,41.9638826,-93.7564839,,,,,,,,,
2026-03-20 17:35:33.918415-05:00,41.9634937,-93.7564726,,,,,,,,,
2026-03-20 17:35:39.579373-05:00,41.9630088,-93.7564627,,,,,,,,,
2026-03-20 17:35:45.240681-05:00,41.962516,-93.7564526,,,,,,,,,
2026-03-20 17:35:50.902020-05:00,41.9621237,-93.7564511,,,,,,,,,
2026-03-20 17:35:56.563376-05:00,41.9611071,-93.7564418,25.6,mid-band,00019C015,630720.0,-88.0,-2,-11,,
2026-03-20 17:36:06.878850-05:00,41.9608704,-93.7564417,82.0,mid-band,00019C015,630720.0,-89.0,-1,-11,52.4,266.0
2026-03-20 17:36:09.519451-05:00,41.9606355,-93.7564478,16.7,mid-band,00019C015,630720.0,-88.0,0,-11,62.9,226.0
2026-03-20 17:36:12.095308-05:00,41.9604049,-93.7564496,19.5,mid-band,00019C015,630720.0,-85.0,3,-11,41.9,232.0
2026-03-20 17:36:14.673861-05:00,41.9602516,-93.7564469,20.3,mid-band,00019C015,630720.0,-85.0,2,-11,52.4,249.0
2026-03-20 17:36:17.252644-05:00,41.9600162,-93.7564416,17.6,mid-band,00019C015,630720.0,-86.0,0,-11,52.4,250.0
2026-03-20 17:36:19.829164-05:00,41.959858,-93.7564357,57.9,mid-band,00019C015,630720.0,-84.0,0,-11,44.5,139.0
2026-03-20 17:36:22.446223-05:00,41.9596302,-93.7564298,53.2,mid-band,00019C015,630720.0,-83.0,-2,-11,62.9,251.0
2026-03-20 17:36:25.058740-05:00,41.9594805,-93.7564259,26.5,mid-band,00019C015,630720.0,-86.0,-4,-11,41.9,123.0
2026-03-20 17:36:27.644293-05:00,41.9592548,-93.7564242,,,,,,,,31.4,78.4
2026-03-20 17:36:33.305744-05:00,41.9587706,-93.756424,,,,,,,,,
2026-03-20 17:36:38.967161-05:00,41.9583533,-93.7564255,,,,,,,,,
2026-03-20 17:36:44.628497-05:00,41.9579016,-93.7564168,,,,,,,,,
2026-03-20 17:36:50.289597-05:00,41.9574685,-93.7564035,,,,,,,,,
2026-03-20 17:36:55.950668-05:00,41.9571176,-93.7564061,,mid-band,00019C015,630720.0,-115.0,-5,-11,,
2026-03-20 17:36:59.509293-05:00,41.9568277,-93.7564143,117.0,mid-band,00019C015,630720.0,-118.0,-4,-11,,
2026-03-20 17:37:02.184777-05:00,41.9565953,-93.7564197,7.69,mid-band,00019C015,630720.0,-116.0,-3,-11,,
2026-03-20 17:37:04.750823-05:00,41.956439,-93.7564199,,,,,,,,,
2026-03-20 17:37:10.411369-05:00,41.9557566,-93.7563993,,,,,,,,,
2026-03-20 17:37:18.952491-05:00,41.9553768,-93.7564009,,,,,,,,,
2026-03-20 17:37:24.613699-05:00,41.9549214,-93.7564,,,,,,,,,
2026-03-20 17:37:30.274994-05:00,41.9544905,-93.7564041,,,,,,,,,
2026-03-20 17:37:35.936251-05:00,41.9541389,-93.7564071,,,,,,,,,
2026-03-20 17:37:41.597552-05:00,41.9537258,-93.7564113,,,,,,,,,
2026-03-20 17:37:47.258975-05:00,41.9533025,-93.756407,,,,,,,,,
2026-03-20 17:37:52.920243-05:00,41.9529118,-93.7564043,,,,,,,,,
2026-03-20 17:37:58.581513-05:00,41.9524561,-93.7564028,,,,,,,,,
2026-03-20 17:38:04.242007-05:00,41.952051,-93.7564022,,,,,,,,,
2026-03-20 17:38:09.903295-05:00,41.9517058,-93.7563909,,,,,,,,,
2026-03-20 17:38:15.564443-05:00,41.9507529,-93.7564045,,,,,,,,,
2026-03-20 17:38:29.961687-05:00,41.9503432,-93.7564038,,,,,,,,,
2026-03-20 17:38:35.622937-05:00,41.9499056,-93.7564168,,,,,,,,,
2026-03-20 17:38:41.284133-05:00,41.9494491,-93.7564299,,,,,,,,,
2026-03-20 17:38:46.945553-05:00,41.949052,-93.7564381,,,,,,,,,
2026-03-20 17:38:52.606861-05:00,41.9485856,-93.756435,,,,,,,,,
2026-03-20 17:38:58.268134-05:00,41.94814,-93.7564514,,,,,,,,,
2026-03-20 17:39:03.929499-05:00,41.9477633,-93.7564594,,,,,,,,,
2026-03-20 17:39:09.590789-05:00,41.9473032,-93.7564692,,,,,,,,,
2026-03-20 17:39:15.251366-05:00,41.9468325,-93.7564833,,,,,,,,,
2026-03-20 17:39:20.912779-05:00,41.9464385,-93.7564897,,,,,,,,,
2026-03-20 17:39:26.574030-05:00,41.9454446,-93.7565203,,,,,,,,,
2026-03-20 17:39:39.952311-05:00,41.9449731,-93.7565329,,,,,,,,,
2026-03-20 17:39:45.613524-05:00,41.9445365,-93.7565452,,,,,,,,,
2026-03-20 17:39:51.274864-05:00,41.9440866,-93.7565632,,,,,,,,,
2026-03-20 17:39:56.936178-05:00,41.9436845,-93.7565766,,,,,,,,,
2026-03-20 17:40:02.597668-05:00,41.9432106,-93.7565942,,,,,,,,,
2026-03-20 17:40:08.259001-05:00,41.9427628,-93.7566189,,,,,,,,,
2026-03-20 17:40:13.920428-05:00,41.9423862,-93.7566254,,,,,,,,,
2026-03-20 17:40:19.581879-05:00,41.9419163,-93.7566271,,,,,,,,,
2026-03-20 17:40:25.243103-05:00,41.9414419,-93.7565623,,,,,,,,,
2026-03-20 17:40:30.904463-05:00,41.941064,-93.7564894,,,,,,,,,
2026-03-20 17:40:36.565647-05:00,41.9401219,-93.7564354,,,,,,,,,
2026-03-20 17:40:49.952541-05:00,41.9396431,-93.7564411,,,,,,,,,
2026-03-20 17:40:55.613914-05:00,41.9391537,-93.7564546,,,,,,,,,
2026-03-20 17:41:01.275262-05:00,41.9386473,-93.7564607,,,,,,,,,
2026-03-20 17:41:06.936500-05:00,41.9382196,-93.7564597,,,,,,,,,
2026-03-20 17:41:12.597904-05:00,41.9377381,-93.7564788,,,,,,,,,
2026-03-20 17:41:18.259286-05:00,41.9372811,-93.7564961,,,,,,,,,
2026-03-20 17:41:23.920608-05:00,41.9369156,-93.7565069,,,,,,,,,
2026-03-20 17:41:29.581843-05:00,41.9365161,-93.7565239,,,,,,,,,
2026-03-20 17:41:35.243217-05:00,41.9361403,-93.7565016,,,,,,,,,
2026-03-20 17:41:40.904517-05:00,41.9360529,-93.7562429,,,,,,,,,
2026-03-20 17:41:46.565889-05:00,41.9360761,-93.7552793,,,,,,,,,
2026-03-20 17:41:59.959697-05:00,41.9360862,-93.7547734,,,,,,,,,
2026-03-20 17:42:05.621033-05:00,41.9360981,-93.7542874,,,,,,,,,
2026-03-20 17:42:11.282319-05:00,41.9361026,-93.7538076,,,,,,,,,
2026-03-20 17:42:16.943532-05:00,41.9361104,-93.7533888,,,,,,,,,
2026-03-20 17:42:22.604649-05:00,41.9361267,-93.7528125,,,,,,,,,
2026-03-20 17:42:28.266029-05:00,41.9361339,-93.7522353,,,,,,,,,
2026-03-20 17:42:33.927059-05:00,41.9361432,-93.7517469,,,,,,,,,
2026-03-20 17:42:39.587377-05:00,41.9361517,-93.7511224,,,,,,,,,
2026-03-20 17:42:45.248718-05:00,41.93616,-93.750501,,,,,,,,,
2026-03-20 17:42:50.910102-05:00,41.9361664,-93.7499831,,,,,,,,,
2026-03-20 17:42:56.570674-05:00,41.936193,-93.748593,,,,,,,,,
2026-03-20 17:43:09.945635-05:00,41.9362031,-93.7478979,,,,,,,,,
2026-03-20 17:43:15.606347-05:00,41.9362111,-93.7471775,,,,,,,,,
2026-03-20 17:43:21.267388-05:00,41.9362162,-93.7464893,,,,,,,,,
2026-03-20 17:43:26.928548-05:00,41.9362278,-93.7459327,,,,,,,,,
2026-03-20 17:43:32.589550-05:00,41.9362317,-93.7452331,,,,,,,,,
2026-03-20 17:43:38.250674-05:00,41.9362373,-93.7444956,,,,,,,,,
2026-03-20 17:43:43.911864-05:00,41.9362437,-93.7438615,,,,,,,,,
2026-03-20 17:43:49.573098-05:00,41.9362541,-93.7431013,,,,,,,,,
2026-03-20 17:43:55.234356-05:00,41.9362601,-93.7423961,,,,,,,,,
2026-03-20 17:44:00.895788-05:00,41.9362639,-93.7418562,,,,,,,,,
2026-03-20 17:44:06.557272-05:00,41.9362777,-93.740349,,,,,,,,,
2026-03-20 17:44:19.958835-05:00,41.9362822,-93.739666,,,,,,,,,
2026-03-20 17:44:25.620233-05:00,41.9362839,-93.739019,,,,,,,,,
2026-03-20 17:44:31.281574-05:00,41.9362873,-93.7384081,,,,,,,,,
2026-03-20 17:44:36.942839-05:00,41.936294,-93.7379016,,,,,,,,,
2026-03-20 17:44:42.604197-05:00,41.9363051,-93.7374126,,,,,,,,,
2026-03-20 17:44:48.265518-05:00,41.9361794,-93.737273,,,,,,,,,
2026-03-20 17:44:53.925969-05:00,41.9362078,-93.7372653,,,,,,,,,
2026-03-20 17:44:59.587298-05:00,41.9363563,-93.7372462,,,,,,,,,
2026-03-20 17:45:05.248571-05:00,41.9363724,-93.7372458,,,,,,,,,
2026-03-20 17:45:10.909545-05:00,41.9363062,-93.737342,,,,,,,,,
2026-03-20 17:45:16.569992-05:00,41.9362776,-93.7381697,,,,,,,,,
2026-03-20 17:45:29.960814-05:00,41.9362665,-93.7388474,,,,,,,,,
2026-03-20 17:45:35.622033-05:00,41.9362586,-93.7398974,,,,,,,,,
2026-03-20 17:45:41.283342-05:00,41.9362421,-93.7411842,,,,,,,,,
2026-03-20 17:45:46.944618-05:00,41.9362325,-93.7423637,,,,,,,,,
2026-03-20 17:45:52.605193-05:00,41.9362188,-93.7439032,,,,,,,,,
2026-03-20 17:45:58.266652-05:00,41.936202,-93.7455261,,,,,,,,,
2026-03-20 17:46:03.927382-05:00,41.9361886,-93.7469318,,,,,,,,,
2026-03-20 17:46:09.588631-05:00,41.9361618,-93.7486582,,,,,,,,,
2026-03-20 17:46:15.249647-05:00,41.9361357,-93.7503193,,,,,,,,,
2026-03-20 17:46:20.910690-05:00,41.9361167,-93.7516371,,,,,,,,,
2026-03-20 17:46:26.572023-05:00,41.9360818,-93.7543903,,,,,,,,,
2026-03-20 17:46:39.955375-05:00,41.9360675,-93.7553011,,,,,,,,,
2026-03-20 17:46:45.616542-05:00,41.9360638,-93.7557298,,,,,,,,,
2026-03-20 17:46:51.277928-05:00,41.936071,-93.7559704,,,,,,,,,
2026-03-20 17:46:56.939217-05:00,41.9360727,-93.7559766,,,,,,,,,
2026-03-20 17:47:02.601032-05:00,41.9360749,-93.7559747,,,,,,,,,
2026-03-20 17:47:08.262668-05:00,41.9360778,-93.7559728,,,,,,,,,
2026-03-20 17:47:13.923979-05:00,41.9360788,-93.7559714,,,,,,,,,
2026-03-20 17:47:19.585360-05:00,41.9360799,-93.7559693,,,,,,,,,
2026-03-20 17:47:25.246830-05:00,41.9360809,-93.7559669,,,,,,,,,
2026-03-20 17:47:30.907385-05:00,41.9360803,-93.755966,,,,,,,,,
2026-03-20 17:47:36.568761-05:00,41.936077,-93.7559632,,,,,,,,,
2026-03-20 17:47:49.954094-05:00,41.9360781,-93.755962,,,,,,,,,
2026-03-20 17:47:55.615930-05:00,41.9360804,-93.7559629,,,,,,,,,
2026-03-20 17:48:01.277529-05:00,41.9360805,-93.7559621,,,,,,,,,
2026-03-20 17:48:06.938852-05:00,41.9360802,-93.7559614,,,,,,,,,
2026-03-20 17:48:12.600189-05:00,41.9360824,-93.7559597,,,,,,,,,
2026-03-20 17:48:18.261875-05:00,41.9360838,-93.7559583,,,,,,,,,
2026-03-20 17:48:23.923087-05:00,41.9360848,-93.7559582,,,,,,,,,
2026-03-20 17:48:29.584441-05:00,41.9360842,-93.7559596,,,,,,,,,
2026-03-20 17:48:35.245636-05:00,41.9360843,-93.7559611,,,,,,,,,
2026-03-20 17:48:40.906645-05:00,41.9360838,-93.7559634,,,,,,,,,
2026-03-20 17:48:46.568063-05:00,41.9360834,-93.7559652,,,,,,,,,
2026-03-20 17:48:59.966014-05:00,41.9360817,-93.7559628,,,,,,,,,
2026-03-20 17:49:05.627096-05:00,41.9360807,-93.7559623,,,,,,,,,
2026-03-20 17:49:11.288419-05:00,41.9360816,-93.7559612,,,,,,,,,
2026-03-20 17:49:16.949622-05:00,41.9360819,-93.7559588,,,,,,,,,
2026-03-20 17:49:22.610391-05:00,41.936082,-93.7559596,,,,,,,,,
2026-03-20 17:49:28.271691-05:00,41.9360819,-93.7559607,,,,,,,,,
2026-03-20 17:49:33.932891-05:00,41.9360827,-93.7559628,,,,,,,,,
2026-03-20 17:49:39.594236-05:00,41.9360828,-93.7559629,,,,,,,,,
2026-03-20 17:49:45.255481-05:00,41.9360829,-93.7559622,,,,,,,,,
2026-03-20 17:49:50.916825-05:00,41.9360826,-93.7559588,,,,,,,,,
2026-03-20 17:49:56.577658-05:00,41.9360766,-93.7559583,,,,,,,,,
2026-03-20 17:50:09.961329-05:00,41.9360752,-93.7559595,,,,,,,,,
2026-03-20 17:50:15.621994-05:00,41.9360763,-93.755963,,,,,,,,,
2026-03-20 17:50:21.283168-05:00,41.9360772,-93.7559649,,,,,,,,,
2026-03-20 17:50:26.944503-05:00,41.9360779,-93.7559871,,,,,,,,,
2026-03-20 17:50:32.605941-05:00,41.9360641,-93.7561836,,,,,,,,,
2026-03-20 17:50:38.267276-05:00,41.936055,-93.7565206,,,,,,,,,
2026-03-20 17:50:43.928335-05:00,41.9360592,-93.7569295,,,,,,,,,
2026-03-20 17:50:49.589650-05:00,41.9360732,-93.7575517,,,,,,,,,
2026-03-20 17:50:55.250662-05:00,41.9360835,-93.7582125,,,,,,,,,
2026-03-20 17:51:00.911378-05:00,41.9360865,-93.7587612,,,,,,,,,
2026-03-20 17:51:06.572725-05:00,41.9360969,-93.7602346,,,,,,,,,
2026-03-20 17:51:19.962439-05:00,41.9360997,-93.7608965,,,,,,,,,
2026-03-20 17:51:25.623784-05:00,41.9361054,-93.7615192,,,,,,,,,
2026-03-20 17:51:31.285200-05:00,41.9361112,-93.7621318,,,,,,,,,
2026-03-20 17:51:36.946589-05:00,41.93612,-93.7626571,,,,,,,,,
2026-03-20 17:51:42.607893-05:00,41.93613,-93.7632481,,,,,,,,,
2026-03-20 17:51:48.269256-05:00,41.9361408,-93.7638457,,,,,,,,,
2026-03-20 17:51:53.930585-05:00,41.9361454,-93.764363,,,,,,,,,
2026-03-20 17:51:59.592175-05:00,41.9361554,-93.7649446,,,,,,,,,
2026-03-20 17:52:05.253459-05:00,41.9361684,-93.7655216,,,,,,,,,
2026-03-20 17:52:10.914630-05:00,41.9361803,-93.7660145,,,,,,,,,
2026-03-20 17:52:16.575933-05:00,41.9362107,-93.7672718,,,,,,,,,
2026-03-20 17:52:29.965856-05:00,41.9362282,-93.7678789,,,,,,,,,
2026-03-20 17:52:35.626667-05:00,41.9362393,-93.7684782,,,,,,,,,
2026-03-20 17:52:41.287369-05:00,41.9362572,-93.7691377,,,,,,,,,
2026-03-20 17:52:46.948748-05:00,41.9362714,-93.7696937,,,,,,,,,
2026-03-20 17:52:52.610211-05:00,41.9362748,-93.7702793,,,,,,,,,
2026-03-20 17:52:58.271082-05:00,41.9362751,-93.7708292,,,,,,,,,
2026-03-20 17:53:03.932355-05:00,41.9362795,-93.7713327,,,,,,,,,
2026-03-20 17:53:09.593639-05:00,41.936285,-93.7718863,,,,,,,,,
2026-03-20 17:53:15.254896-05:00,41.9362957,-93.77243,,,,,,,,,
2026-03-20 17:53:20.916191-05:00,41.9363013,-93.7729255,,,,,,,,,
2026-03-20 17:53:26.577524-05:00,41.9363186,-93.7742159,,,,,,,,,
2026-03-20 17:53:39.958061-05:00,41.936328,-93.7748362,,,,,,,,,
2026-03-20 17:53:45.618649-05:00,41.9363371,-93.7754195,,,,,,,,,
2026-03-20 17:53:51.279992-05:00,41.9363398,-93.775964,,,,,,,,,
2026-03-20 17:53:56.941452-05:00,41.9363423,-93.7764445,,,,,,,,,
2026-03-20 17:54:02.601942-05:00,41.9363453,-93.7770622,,,,,,,,,
2026-03-20 17:54:08.263091-05:00,41.9363401,-93.7777055,,,,,,,,,
2026-03-20 17:54:13.924484-05:00,41.9363294,-93.778239,,,,,,,,,
2026-03-20 17:54:19.585823-05:00,41.9363203,-93.7789415,,,,,,,,,
2026-03-20 17:54:25.247095-05:00,41.9363122,-93.7796925,,,,,,,,,
2026-03-20 17:54:30.908500-05:00,41.9363085,-93.7803047,,,,,,,,,
2026-03-20 17:54:36.569706-05:00,41.9362878,-93.7818333,,,,,,,,,
2026-03-20 17:54:49.965467-05:00,41.9362725,-93.7825115,,,,,,,,,
2026-03-20 17:54:55.626677-05:00,41.9362598,-93.7832136,,,,,,,,,
2026-03-20 17:55:01.287899-05:00,41.9362484,-93.7838943,,,,,,,,,
2026-03-20 17:55:06.949116-05:00,41.9362381,-93.7844204,,,,,,,,,
2026-03-20 17:55:12.610419-05:00,41.9362238,-93.7850393,,,,,,,,,
2026-03-20 17:55:18.271378-05:00,41.9362214,-93.7856966,,,,,,,,,
2026-03-20 17:55:23.932673-05:00,41.936213,-93.7862588,,,,,,,,,
2026-03-20 17:55:29.593650-05:00,41.9361986,-93.7869342,,,,,,,,,
2026-03-20 17:55:35.253935-05:00,41.936182,-93.7876019,,,,,,,,,
2026-03-20 17:55:40.915284-05:00,41.9361675,-93.7881748,,,,,,,,,
2026-03-20 17:55:46.576430-05:00,41.936133,-93.7896859,,,,,,,,,
2026-03-20 17:55:59.959350-05:00,41.9361241,-93.7904073,,,,,,,,,
2026-03-20 17:56:05.620597-05:00,41.9360998,-93.7911296,,,,,,,,,
2026-03-20 17:56:11.281589-05:00,41.9360921,-93.7918375,,,,,,,,,
2026-03-20 17:56:16.941935-05:00,41.936082,-93.7924134,,,,,,,,,
2026-03-20 17:56:22.602713-05:00,41.9360685,-93.793064,,,,,,,,,
2026-03-20 17:56:28.263370-05:00,41.9360557,-93.7936861,,,,,,,,,
2026-03-20 17:56:33.924460-05:00,41.9360452,-93.7942076,,,,,,,,,
2026-03-20 17:56:39.585562-05:00,41.9360252,-93.7948379,,,,,,,,,
2026-03-20 17:56:45.246928-05:00,41.9360178,-93.7954561,,,,,,,,,
2026-03-20 17:56:50.908171-05:00,41.9361139,-93.7956842,,,,,,,,,
2026-03-20 17:56:56.569335-05:00,41.9369926,-93.7956967,,,,,,,,,
2026-03-20 17:57:09.962677-05:00,41.9374921,-93.7956873,,,,,,,,,
2026-03-20 17:57:15.623806-05:00,41.9380122,-93.7956818,,,,,,,,,
2026-03-20 17:57:21.285114-05:00,41.9385404,-93.7956806,,,,,,,,,
2026-03-20 17:57:26.945957-05:00,41.9389948,-93.795674,,,,,,,,,
2026-03-20 17:57:32.606650-05:00,41.9395454,-93.7956684,,,,,,,,,
2026-03-20 17:57:38.267358-05:00,41.9400675,-93.7956562,,,,,,,,,
2026-03-20 17:57:43.928494-05:00,41.9404683,-93.7956546,,,,,,,,,
2026-03-20 17:57:49.589658-05:00,41.9409469,-93.7956479,,,,,,,,,
2026-03-20 17:57:55.251163-05:00,41.9414445,-93.7956369,,,,,,,,,
2026-03-20 17:58:00.912507-05:00,41.9418855,-93.7956356,,,,,,,,,
2026-03-20 17:58:06.573798-05:00,41.9429709,-93.7956124,,,,,,,,,
2026-03-20 17:58:19.965946-05:00,41.9434991,-93.7955958,,,,,,,,,
2026-03-20 17:58:25.627262-05:00,41.9440335,-93.7955817,,,,,,,,,
2026-03-20 17:58:31.288526-05:00,41.9445372,-93.7955671,,,,,,,,,
2026-03-20 17:58:36.949883-05:00,41.9449797,-93.7955461,,,,,,,,,
2026-03-20 17:58:42.611068-05:00,41.9455169,-93.7955293,,,,,,,,,
2026-03-20 17:58:48.272403-05:00,41.9460661,-93.7955131,,,,,,,,,
2026-03-20 17:58:53.933867-05:00,41.9465302,-93.7954941,,,,,,,,,
2026-03-20 17:58:59.595224-05:00,41.9471006,-93.7954833,,,,,,,,,
2026-03-20 17:59:05.256606-05:00,41.9476851,-93.7954637,,,,,,,,,
2026-03-20 17:59:10.917812-05:00,41.9481716,-93.7954477,,,,,,,,,
2026-03-20 17:59:16.579114-05:00,41.949383,-93.7954051,,,,,,,,,
2026-03-20 17:59:29.967182-05:00,41.9499031,-93.7953898,,,,,,,,,
2026-03-20 17:59:35.628421-05:00,41.9503348,-93.7953694,,,,,,,,,
2026-03-20 17:59:41.289727-05:00,41.9504397,-93.7953738,,,,,,,,,
2026-03-20 17:59:46.951054-05:00,41.95057,-93.7955682,,,,,,,,,
2026-03-20 17:59:52.612428-05:00,41.9505821,-93.7962918,,,,,,,,,
2026-03-20 17:59:58.273876-05:00,41.950586,-93.7974217,,,,,,,,,
2026-03-20 18:00:03.934646-05:00,41.9505838,-93.7985741,,,,,,,,,
2026-03-20 18:00:09.595743-05:00,41.9505823,-93.8000006,,,,,,,,,
2026-03-20 18:00:15.257243-05:00,41.9505865,-93.8014338,,,,,,,,,
2026-03-20 18:00:20.918662-05:00,41.9505877,-93.8026597,,,,,,,,,
2026-03-20 18:00:26.579924-05:00,41.9505972,-93.8059903,,,,,,,,,
2026-03-20 18:00:39.964592-05:00,41.9506062,-93.8074898,,,,,,,,,
2026-03-20 18:00:45.625851-05:00,41.9506141,-93.8086963,,,,,,,,,
2026-03-20 18:00:51.287241-05:00,41.9506191,-93.8095372,,,,,,,,,
2026-03-20 18:00:56.948531-05:00,41.9505529,-93.8099417,,,,,,,,,
2026-03-20 18:01:02.609970-05:00,41.9502894,-93.8100395,,,,,,,,,
2026-03-20 18:01:08.270669-05:00,41.9499203,-93.8100628,,,,,,,,,
2026-03-20 18:01:13.931948-05:00,41.9495688,-93.8100808,,,,,,,,,
2026-03-20 18:01:19.593222-05:00,41.9490855,-93.8100917,,,,,,,,,
2026-03-20 18:01:25.254614-05:00,41.948586,-93.8101042,,,,,,,,,
2026-03-20 18:01:30.916044-05:00,41.9481792,-93.8101195,,,,,,,,,
2026-03-20 18:01:36.577408-05:00,41.9470857,-93.8101486,,,,,,,,,
2026-03-20 18:01:49.967364-05:00,41.9465658,-93.8101567,,,,,,,,,
2026-03-20 18:01:55.628712-05:00,41.946017,-93.8101677,,,,,,,,,
2026-03-20 18:02:01.290188-05:00,41.9454587,-93.8101837,,,,,,,,,
2026-03-20 18:02:06.951706-05:00,41.9450016,-93.8101975,,,,,,,,,
2026-03-20 18:02:12.613078-05:00,41.9444566,-93.8102089,,,,,,,,,
2026-03-20 18:02:18.274646-05:00,41.9439017,-93.8102124,,,,,,,,,
2026-03-20 18:02:23.936080-05:00,41.9434428,-93.8102226,,,,,,,,,
2026-03-20 18:02:29.597391-05:00,41.942885,-93.8102309,,,,,,,,,
2026-03-20 18:02:35.258634-05:00,41.9423485,-93.8102408,,,,,,,,,
2026-03-20 18:02:40.919368-05:00,41.94192,-93.8102492,,,,,,,,,
2026-03-20 18:02:46.580646-05:00,41.9407441,-93.8102679,,,,,,,,,
2026-03-20 18:02:59.969027-05:00,41.9401556,-93.8102798,,,,,,,,,
2026-03-20 18:03:05.630264-05:00,41.9395412,-93.8102918,,,,,,,,,
2026-03-20 18:03:11.291472-05:00,41.9389343,-93.8103064,,,,,,,,,
2026-03-20 18:03:16.952642-05:00,41.938421,-93.8103059,,,,,,,,,
2026-03-20 18:03:22.613886-05:00,41.9377885,-93.8103242,,,,,,,,,
2026-03-20 18:03:28.274694-05:00,41.9371687,-93.8103381,,,,,,,,,
2026-03-20 18:03:33.935367-05:00,41.9366807,-93.8103447,,,,,,,,,
2026-03-20 18:03:39.596483-05:00,41.9362195,-93.8103272,,,,,,,,,
2026-03-20 18:03:45.257655-05:00,41.9361045,-93.8100164,,,,,,,,,
2026-03-20 18:03:50.918689-05:00,41.9361058,-93.8096097,,,,,,,,,
2026-03-20 18:03:56.580004-05:00,41.936093,-93.8081747,,,,,,,,,
2026-03-20 18:04:09.968522-05:00,41.9360877,-93.8074494,,,,,,,,,
2026-03-20 18:04:15.629905-05:00,41.9360802,-93.8067032,,,,,,,,,
2026-03-20 18:04:21.290672-05:00,41.936075,-93.805944,,,,,,,,,
2026-03-20 18:04:26.951936-05:00,41.9360663,-93.805297,,,,,,,,,
2026-03-20 18:04:32.613236-05:00,41.9360624,-93.8045695,,,,,,,,,
2026-03-20 18:04:38.274326-05:00,41.9360657,-93.8038981,,,,,,,,,
2026-03-20 18:04:43.935694-05:00,41.9360598,-93.8033793,,,,,,,,,
2026-03-20 18:04:49.597001-05:00,41.9360512,-93.8027265,,,,,,,,,
2026-03-20 18:04:55.258249-05:00,41.9360466,-93.8019915,,,,,,,,,
2026-03-20 18:05:00.919469-05:00,41.9360401,-93.8013473,,,,,,,,,
2026-03-20 18:05:06.580594-05:00,41.9360294,-93.7995897,,,,,,,,,
2026-03-20 18:05:19.963717-05:00,41.9360187,-93.7988258,,,,,,,,,
2026-03-20 18:05:25.624822-05:00,41.936009,-93.7980852,,,,,,,,,
2026-03-20 18:05:31.285955-05:00,41.9359939,-93.7973306,,,,,,,,,
2026-03-20 18:05:36.947321-05:00,41.9359917,-93.7966725,,,,,,,,,
2026-03-20 18:05:42.608689-05:00,41.9359817,-93.7960576,,,,,,,,,
