gy,gx,lat,lon,n,route_density,obs_outage,obs_uplink,obs_rsrp,n_passes,dist_m,az_deg,log_d,az_cos1,az_sin1,az_cos2,az_sin2,rsrp,ul_mid,ul_lo,ul_hi,p_outage,p_outage_ml,ul_ml,ul_expected,uncertainty
23342,-38803,41.936455839999994,-93.81012722,5,1,1.0,,,1,9876.079864895211,197.82373439473184,3.9945845932832893,-0.952002678811903,-0.30608969197763036,0.8126182009300786,0.5827964134388288,-93.85483134609318,20.683930033003932,6.122342190161645,47.925534840522715,0.6057176181584069,0.9998603920050227,4.610264739220488,8.155309199257653,41.80319265036107
23342,-38802,41.936086966666664,-93.80744243333334,3,1,1.0,,,1,9849.791746205952,196.52071615318386,3.9934270483220073,-0.9587169821662825,-0.2843620018672956,0.8382765037880484,0.5452453605459529,-93.78592659837396,20.97020336863481,6.223296395379531,48.08847513651672,0.6057176181584069,0.9997707927207389,3.1658483201457517,8.268181731887934,41.865178741137186
23342,-38801,41.93606735,-93.80492715,4,1,1.0,,,1,9794.840124391376,195.3500778429861,3.990997351646603,-0.9643264188877462,-0.2647159946719034,0.8598508843297297,0.5105452543285286,-93.6969036489002,21.340060273087918,6.353726320860107,48.742074571248246,0.6057176181584069,0.9997364576268172,4.524374784978717,8.414009793116263,42.38834825038814
23342,-38800,41.93605253333333,-93.8026991,3,1,1.0,,,1,9749.33356882123,194.30290010366662,3.9889749298241353,-0.9690032279751956,-0.2470480604531256,0.8779345116526975,0.47878073608817995,-93.62575460021874,21.635657835914863,6.457968711978283,49.26444524392066,0.6057176181584069,0.9996287486621958,3.9889042720268177,8.53055870425424,42.80647653194238
23342,-38799,41.936034750000005,-93.8004685,2,1,1.0,,,1,9707.381730105906,193.2446060994124,3.9871021080231044,-0.9734008313755277,-0.22910875469399153,0.8950183570451368,0.44602930458908635,-93.56247607428615,21.898556334090124,6.550679787837898,49.72903116277269,0.6057176181584069,0.9998006139671971,13.848391380282157,8.63421495029736,43.17835137493479
23342,-38798,41.936003325,-93.797728525,4,1,1.0,,,1,9661.461054508525,191.93134098048108,3.985042807567683,-0.9783960443463664,-0.20673940216461628,0.9145176391852341,0.4045460265767864,-93.4964071491059,22.173047892639453,6.647479152931743,50.214103971597766,0.6057176181584069,0.9998014329077312,17.184677525625116,8.742442135797601,43.56662481866602
23342,-38797,41.93638121428571,-93.79537534285714,7,2,1.0,,,2,9581.881284553654,190.84432139762657,3.981450785830971,-0.9821420072246029,-0.1881411109907352,0.9292058447103437,0.36956257677981486,-93.40131914873817,22.568102804598023,6.786795148137172,50.91223252898099,0.6057176181584069,0.9996178944780563,17.525776242811858,8.898205327442847,44.12543738084381
23342,-38796,41.936074575,-93.79275025,4,1,1.0,,,1,9577.088674867417,189.52996200128163,3.9812335085985864,-0.9861991574212238,-0.1655633470961136,0.9451775561966637,0.3265568668120497,-93.39110935176433,22.61052067466592,6.801753797186003,50.987192048636,0.6057176181584069,0.9997580862212526,29.74839563064932,8.914929946285865,44.185438251449995
23342,-38795,41.93611896666667,-93.7904076,3,1,1.0,,,1,9542.075983568535,188.38726440939254,3.9796428705244313,-0.9893047795656942,-0.1458631314913854,0.9574478937430536,0.28860618629369383,-93.35342082605544,22.76710233742244,6.856972273194057,51.26389821535826,0.6057176181584069,0.9997625751737398,15.125233976710042,8.976667337230221,44.4069259421642
23342,-38794,41.936182699999996,-93.78757030000001,3,1,1.0,,,1,9503.685162609665,186.99353412498388,3.9778920405994374,-0.9925598983749842,-0.12175733299412037,0.9703503037243177,0.24170289212610643,-93.31778479377549,22.915156661211604,6.909183585694658,51.52553513810601,0.6057176181584069,0.9998128238793589,4.609956011927339,9.03504254865576,44.61635155241135
23342,-38793,41.9362194,-93.78566489999999,3,1,1.0,,,1,9481.750865242826,186.0511709111862,3.976888539965037,-0.9944281442881855,-0.10541662984347276,0.9777746683048885,0.20965852718471834,-93.30144413626645,22.98304595311606,6.93312472394952,51.645506949579115,0.6057176181584069,0.9999142147698825,6.91444067230229,9.061810100369389,44.7123822256296
23342,-38792,41.9362547,-93.78350995,4,1,1.0,,,1,9460.732737347966,184.98009754527774,3.9759247739771957,-0.9962249127020646,-0.08680969595479425,0.9849281533764723,0.17296396354851534,-93.2902962117313,23.029361390697282,6.949457849002982,51.72735412738749,0.6057176181584069,0.999905348265132,22.917779248030527,9.08007146141495,44.77789627838451
23342,-38791,41.936302833333336,-93.78061016666668,3,1,1.0,,,1,9437.616057521434,183.5320528777668,3.9748623053345935,-0.9981004899577895,-0.0616069147581693,0.9924091761079593,0.12297978360983311,-93.28607061198748,23.04691716985249,6.955648889211771,51.75837814557929,0.6057176181584069,0.9916314079476586,10.332352053015505,9.08699339583535,44.80272925636752
23342,-38790,41.93632993333333,-93.77829533333333,3,1,1.0,,,1,9424.75939173838,182.37127522951081,3.974270271750599,-0.9991436985529404,-0.04137474642763392,0.996576260716098,0.08267863434479242,-93.29285305786613,23.01873865574884,6.945711744736571,51.70858196584617,0.6057176181584069,0.9991653809660022,5.792053892928937,9.075883104177805,44.7628702211096
23342,-38789,41.936341125,-93.77622255,4,1,1.0,,,1,9417.986683040004,181.32935775412307,3.9739580720181147,-0.9997308533346781,-0.02319958815833212,0.9989235582185676,0.04638668813308493,-93.30697746781385,22.960057039700693,6.9250176905872864,51.60488166820021,0.6057176181584069,0.9998828172220932,10.43413975690914,9.052745976832027,44.67986397761292
23342,-38788,41.9363109,-93.7736019,4,1,1.0,,,1,9418.816256855554,180.0104763878074,3.973996324722866,-0.999999983283403,-0.00018284745993588647,0.9999999331336128,0.00036569491375859837,-93.33874897143271,22.828058380391447,6.878468403309033,51.37161780839083,0.6057176181584069,0.9999826939136467,9.487304604496048,9.000701231039681,44.493149405081795
23342,-38787,41.9362786,-93.771081875,4,1,1.0,,,1,9424.67217025265,178.74314264145733,3.974266252551417,-0.9997594090380952,0.02193453988116693,0.999037751920403,-0.04385852525823597,-93.37824331794208,22.66397421075089,6.820604170517691,51.08165344856892,0.6057176181584069,0.9999819527368109,9.487304604496048,8.936005733811301,44.26104927805123
23342,-38786,41.936249025,-93.768797125,4,1,1.0,,,1,9433.988066098162,177.59599715456238,3.974695322531795,-0.9991199021088183,0.041945455177710415,0.9964811575798693,-0.08381707814212772,-93.42100758028191,22.486304769514366,6.757949095807321,50.76768162605295,0.6057176181584069,0.9999161098188065,9.487304604496048,8.8659538033401,44.00973253024563
23342,-38785,41.93618646666666,-93.76626929999999,3,1,1.0,,,1,9451.99643424698,176.331296647003,3.9755235491233494,-0.9979507188507643,0.06398720766874373,0.9918112745095141,-0.12771215978055186,-93.47923472800127,22.244392849746234,6.672638930474911,50.34018252542368,0.6057176181584069,0.9997164661228604,15.70606020235193,8.77057219541805,43.66754359494877
23342,-38784,41.9361429,-93.76410035,4,1,1.0,,,1,9469.980046232433,175.249855000592,3.9763490639219348,-0.9965652929304247,0.08281072953728097,0.9862847661470066,-0.16505259787820517,-93.53373564586612,22.01796201488285,6.592788165051463,49.94004110886322,0.6057176181584069,0.9996853190346627,10.356924133527096,8.681294506525735,43.34725294381175
23342,-38783,41.936109075000005,-93.76180115,4,1,1.0,,,1,9491.340314124393,174.10752477640108,3.977327545401632,-0.9947163085009095,0.10266189946773555,0.9789210687953531,-0.20423893132447477,-93.59553058484538,21.76122726303692,6.502250732470467,49.486347567760994,0.6057176181584069,0.9998782210359841,19.980822136476725,8.58006851706641,42.98409683529053
23342,-38782,41.93608896666667,-93.75906943333332,3,1,1.0,,,1,9519.375917542317,172.75592743000948,3.9786084773286063,-0.9920180000545848,0.1260963424041387,0.9681994248645964,-0.2501796828119036,-93.67350845488876,21.437258513399005,6.388003250905157,48.913840230235095,0.6057176181584069,0.9997483556725687,19.637541885405778,8.45233334681693,42.52583697932994
23342,-38781,41.93613387777778,-93.75608748222223,45,2,1.0,,,2,9548.630628379713,171.28372202183346,3.979941093763838,-0.9884508730643323,0.15154164951708538,0.9540702569232817,-0.2995829515415442,-93.75886806950754,21.082621388760497,6.262940576172481,48.28713670947416,0.6057176181584069,0.9999115902631182,23.26945990756037,8.312506176625005,42.02419613330168
23342,-38780,41.93608895714285,-93.75446112857142,7,2,1.0,,,2,9574.839038947102,170.49248303235697,3.98113148184853,-0.9862639394906603,0.16517700100305505,0.9454331166792735,-0.3258162394450516,-93.81679566601767,20.841953991709588,6.178069291399875,47.95645972909047,0.6057176181584069,0.9998007110466262,34.316785960121855,8.217615262084156,41.7783904376906
23342,-38779,41.936134440000004,-93.75191084000001,5,2,1.0,,,2,9606.917137895543,169.2465219277192,3.9825840448174197,-0.9824390731951875,0.18658367415018107,0.9303730650812381,-0.36661418381091354,-93.8986019981895,20.50207942048279,6.058212626662482,47.88994713613754,0.6057176181584069,0.9998927315014723,21.794656525424603,8.083608706613465,41.83173450947506
23342,-38778,41.936163379999996,-93.74961092,5,2,1.0,,,2,9641.025407107643,168.1320941976395,3.984123227363974,-0.9786243367384136,0.2056560418351478,0.9154111849133999,-0.40252001507433793,-93.97807251655927,20.171909277915365,5.941778225756387,47.82533367529955,0.6057176181584069,0.9994005781878856,33.983172998045916,7.953428436389001,41.88355544954316
23342,-38777,41.93620936,-93.74688584,5,2,1.0,,,2,9684.850106334616,166.8206625020755,3.986092903475831,-0.9736611894387357,0.22799975478220702,0.8960322236385069,-0.4439890248659675,-94.07575861082292,20.080808823529416,5.79865569307674,47.745910050594425,0.6057176181584069,0.9996537574322485,24.59168507430513,7.917509132246858,41.947254357517686
23342,-38776,41.9362267,-93.74460389999999,5,2,1.0,,,2,9727.693710467749,165.73545368418263,3.988009887797507,-0.969168384801193,0.24639935450777173,0.8785747161963069,-0.4776049288487074,-94.16356263257147,20.080808823529416,5.670011651498062,47.67452103946112,0.6057176181584069,0.9994386593240056,15.602340464295017,7.917509132246858,42.004509387963054
23342,-38775,41.93625054,-93.7421803,5,2,1.0,,,2,9776.396209225435,164.59278478034366,3.9901787939616398,-0.9640619552833795,0.2656775232781035,0.8588309072496255,-0.5122591851326681,-94.2594867799802,20.080808823529416,5.62,47.596529964668164,0.6057176181584069,0.9999226067590482,14.81196932302674,7.917509132246858,41.97652996466817
23342,-38774,41.93627378,-93.73955576,5,2,1.0,,,2,9833.744004185357,163.36914415504907,3.992718898379932,-0.9581685820099465,0.2862044172423766,0.8361740631019032,-0.5484641612682222,-94.36703703056536,20.080808823529416,5.62,47.509086293142474,0.6057176181584069,0.9999122057483509,15.667418227613048,7.917509132246858,41.889086293142476
23342,-38773,41.93655855,-93.73731838333333,18,2,1.0,,,2,9858.056770546851,162.2857189509765,3.9937913148396262,-0.9525856710181274,0.3042705036163444,0.8148389212581123,-0.5796874437167979,-94.43347404622914,20.080808823529416,5.62,47.45506971444329,0.6057176181584069,0.9998423086121024,13.3135920656062,7.917509132246858,41.83506971444329
23342,-38772,41.93630077777778,-93.735512,9,1,1.0,,,1,9931.665300399443,161.51470702793677,3.9970220752966537,-0.9484050716461446,0.31706122449121915,0.7989443598482574,-0.6014049466596181,-94.53959639471529,20.080808823529416,5.62,47.368786997926435,0.6057176181584069,0.9999184705737123,13.3135920656062,7.917509132246858,41.74878699792644
23342,-38771,41.936254,-93.732765075,4,1,1.0,,,1,10010.826427133143,160.29049988361157,4.000469931418229,-0.9414146386754441,0.33725135742882206,0.7725230438248338,-0.6349867295933151,-94.66685390852693,20.080808823529416,5.62,47.265320346976054,0.6057176181584069,0.9998921525136781,13.3135920656062,7.917509132246858,41.64532034697606
23342,-38770,41.93622933333334,-93.7302449,3,1,1.0,,,1,10085.508435215432,159.18059806068595,4.003697796950625,-0.9347053737388206,0.3554234999318023,0.7473482713924563,-0.6644325106786297,-94.78359508325093,20.080808823529416,5.62,47.170403999682165,0.6057176181584069,0.9998766797452777,18.089080918135366,7.917509132246858,41.55040399968217
23342,-38769,41.9361998,-93.727912525,4,1,1.0,,,1,10158.636127475409,158.16984204088521,4.006835404594406,-0.9282902267008608,0.3718564978747371,0.7234454899766712,-0.6903815054246558,-94.89362023103017,20.080808823529416,5.62,47.155193798449645,0.6057176181584069,0.9998589512937897,18.089080918135366,7.917509132246858,41.53519379844965
23342,-38768,41.936175,-93.725442725,4,1,1.0,,,1,10238.799011928639,157.11404209609418,4.010249017862345,-0.9212807447126212,0.38889817359015466,0.6975164211564839,-0.7165687979650318,-95.01061655283584,20.063762126484075,5.62,47.155193798449645,0.6057176181584069,0.9997771054948072,20.86141596144798,7.910787919933289,41.53519379844965
23342,-38767,41.9361521,-93.72272605,2,1,1.0,,,1,10330.472825275772,155.9709490769079,4.014120199613403,-0.9133391108102903,0.40719978961717085,0.6683766626714636,-0.7438229875421682,-95.13995473542566,19.856087483961655,5.62,47.155193798449645,0.6057176181584069,0.999630068934741,17.706037765485178,7.828905467231448,41.53519379844965
23342,-38766,41.93613276666667,-93.72047563333332,3,1,1.0,,,1,10409.507784706608,155.03967036262884,4.017430194309793,-0.9066001815509704,0.4219906525170284,0.6438477783765053,-0.7651536043695008,-95.24777781021191,19.682959038335376,5.551898323472687,47.155193798449645,0.6057176181584069,0.9994438885738189,13.905510563860087,7.760643971325385,41.60329547497696
23342,-38765,41.93648613333333,-93.7179318,9,2,1.0,,,2,10464.602633628885,153.9041537055689,4.019722741771814,-0.8980594671596652,0.4398740654379367,0.6130216131102035,-0.7900661376490983,-95.33567524357876,19.5418246286229,5.432371487027872,47.155193798449645,0.6057176181584069,0.9991275037548041,20.260606871553698,7.704997160104144,41.72282231142177
23342,-38764,41.936091857142856,-93.71571144285714,7,2,1.0,,,2,10585.66904437447,153.1153378330631,4.024718311868667,-0.8919186124705896,0.45219596275125923,0.5910376225429236,-0.806643991323811,-95.47726181748862,19.314483092396465,5.239835771088605,47.155193798449645,0.6057176181584069,0.9991160449422891,15.286912323664758,7.615360397709257,41.91535802736104
23342,-38763,41.93609595,-93.7133673,6,2,1.0,,-107.0,2,10674.23004899011,152.18556688794285,4.028336558401085,-0.8844634618712052,0.46660945619951083,0.5645512307703936,-0.8253980299441196,-95.58832332870102,19.13615478147392,5.08880939207482,47.155193798449645,0.6057176181584069,0.9990406731894916,16.548488312552283,7.545048686528928,42.06638440637482
23342,-38762,41.9361023,-93.710818225,4,1,1.0,,,1,10773.477851137268,151.19159332643903,4.0323559231437605,-0.8762359857215188,0.4818822442533426,0.5355790053467236,-0.8444851265900508,-95.7090229891715,18.942350768313485,4.92467662933771,47.155193798449645,0.6057176181584069,0.995223341637079,19.64045624716538,7.468635178609572,42.230517169111934
23342,-38761,41.936097440000005,-93.70848972,5,2,0.8,,-101.5,2,10867.946839728433,150.30281451224215,4.036147505411195,-0.8686558515613154,0.4954159984783354,0.509125976903428,-0.8606920120705955,-95.82016630901536,18.763891099597327,4.773539003310941,47.0398849163538,0.6057176181584069,0.9885038963534788,19.98923749949445,7.398271675365504,42.266345913042855
23342,-38760,41.93609633333333,-93.70603125000001,6,2,1.0,,,2,10970.085877785239,149.38007252694734,4.040210027401717,-0.8605649303350162,0.5093407510473599,0.48114399864502266,-0.8766415758837123,-95.93699032411914,18.576310100012293,4.614676515394362,46.28579140891111,0.6057176181584069,0.9800507629685375,10.450925058749176,7.3243117920608904,41.671114893516744
23342,-38759,41.9360999,-93.7035982,5,2,1.0,,,2,11073.471275163181,148.48244316821945,4.044283783420012,-0.852480017954547,0.5227598100353692,0.45344436202356947,-0.8912845844897341,-96.0519414521714,18.350563622083573,4.458360862529862,45.54378729905032,0.6057176181584069,0.9972705431586991,12.066605838616393,7.235303933050804,41.085426436520464
23342,-38758,41.93610543333333,-93.70105361666667,6,2,1.0,,,2,11184.273684815153,147.56108945650988,4.048607785936541,-0.8439638416901147,0.5364000689034845,0.42454993216067416,-0.9054045256692541,-96.17163520538824,18.063496452404067,4.295595977183243,44.771169767440085,0.6057176181584069,0.9991400252629049,21.61057654197616,7.122118405641044,40.475573790256846
23342,-38757,41.93630600666667,-93.69833341333333,15,2,1.0,,,2,11287.776892626873,146.53596275939276,4.052608416828981,-0.8342320912748452,0.5514134727109942,0.3918863642256034,-0.9200136289936349,-96.28323643610672,17.795837960844658,4.2601555555555555,44.05078908686956,0.6057176181584069,0.9986844962140382,6.594594034594306,7.016585378068871,39.790633531314
23342,-38756,41.93608705,-93.6964265,2,1,1.0,,,1,11395.572757140562,145.9413692728475,4.05673615830221,-0.8284649169267324,0.5600409640567219,0.3727082371568352,-0.9279485815256383,-96.39031324704776,17.539030598479922,4.2601555555555555,43.359613322566396,0.6057176181584069,0.9994578545550078,5.635056436658113,6.915330759561247,39.09945776701084
23342,-38755,41.936107825,-93.6938508,4,1,1.0,,,1,11514.189492040325,145.05604127683307,4.061233372476272,-0.8197126702269728,0.5727749455670753,0.34385772346126775,-0.9390217601397927,-96.50869438088026,17.255111545735517,4.2601555555555555,42.595468687171916,0.6057176181584069,0.999817544917118,10.42610580225912,6.803386479194973,38.33531313161636
23342,-38754,41.93613735,-93.69123350000001,4,1,1.0,,,1,11636.715279337712,144.17240402510754,4.065830408374438,-0.8107819855473415,0.5853482484059473,0.3147348561761788,-0.9491796301584648,-96.62767159831135,16.969762877602324,4.2601555555555555,41.82747636026285,0.6057176181584069,0.9902340976229501,9.635453802285209,6.690878526668092,37.56732080470729
23342,-38753,41.9361508,-93.6889203,3,1,1.0,,,1,11748.388740865958,143.41100460494124,4.069978308400625,-0.8029319752606875,0.5960706695551885,0.2893995137920586,-0.9572084002018161,-96.7332190813044,16.71662337453469,4.2601555555555555,41.14617233573261,0.6057176181584069,0.9960647744824555,16.157240832887542,6.591070080460389,36.88601678017705
23342,-38752,41.9361467,-93.68643535000001,6,1,0.16666666666666666,19.65,-97.5,1,11872.255241170873,142.6152071545133,4.074533224916125,-0.7945757991597773,0.6071649688425719,0.2627014012207975,-0.9648771806798156,-96.84734215680508,16.442916623775922,4.2601555555555555,40.57088566061898,0.6057176181584069,0.09704065581332715,18.62117111845488,6.483152330845098,36.31073010506342
23342,-38751,41.936147283333334,-93.6841857,6,1,0.16666666666666666,0.841,-105.0,1,11985.9487773962,141.90764834078357,4.07867241738335,-0.7870173822845128,0.6169308226876276,0.23879272003593405,-0.9710705622444952,-96.94967894645467,16.197477477878536,4.2601555555555555,40.276970024245344,0.6057176181584069,0.22057222034886043,9.054069479395908,6.38637999980351,36.01681446868979
23342,-38750,41.93614266,-93.68198434,5,1,0.4,,-104.0,1,12099.385225494907,141.22994755541288,4.082763304204213,-0.7796653738984812,0.6261963787373267,0.21575619051251693,-0.9764472675242255,-97.04958986181019,15.94103874798828,4.2601555555555555,39.990021602588286,0.6057176181584069,0.5566509632662057,15.326846528642976,6.285270726585947,35.72986604703273
23342,-38749,41.9365394375,-93.679169325,8,1,0.25,17.1,-95.0,1,12212.36181260828,140.24797920570694,4.086799662551908,-0.768819278892487,0.639466118260566,0.18216616719352757,-0.9832677598345324,-97.14694212370071,15.674538641430356,4.2601555555555555,39.710421743105286,0.6057176181584069,0.07456612090857535,16.913215564383105,6.18019442981125,35.45026618754973
23343,-38803,41.93838126666667,-93.81031216666668,3,1,1.0,,,1,9677.23736381568,198.29746234817148,3.9857513935798976,-0.9494393835557754,-0.3139504052445691,0.8028702860935417,0.5961537584449791,-93.65954625608728,21.495266203085766,6.40845964512693,49.01634958651019,0.6057176181584069,0.999883116832323,5.2703933689982305,8.475204756871754,42.607889941383256
23343,-38797,41.938515800000005,-93.7956788,3,1,1.0,,,1,9353.725902439703,191.26851274498102,3.9709846393802617,-0.980722193895092,-0.19540721174408518,0.9236320431968045,0.383280378809164,-93.1529486850818,23.599988755227052,7.085126984126984,52.73574877517831,0.6057176181584069,0.9997909449892939,15.616881994000448,9.305059777845736,45.65062179105132
23343,-38781,41.938439675,-93.75646345,4,1,1.0,,,1,9290.487967631549,171.2339967969848,3.9680385251975396,-0.9883189825481384,0.15239943810596016,0.9535488225299752,-0.3012385152195811,-93.47490810751029,22.26236833214711,6.678977978906331,50.371948229929345,0.6057176181584069,0.9997910029743176,23.26945990756037,8.777659611433817,43.69297025102301
23343,-38773,41.93849808,-93.73716268000001,5,1,1.0,,,1,9656.81563556099,161.82408962000613,3.9848339400909096,-0.9501032866441512,0.3119354816432105,0.8053925105840366,-0.5927418526602812,-94.23553752635581,20.080808823529416,5.62,47.61600189203069,0.6057176181584069,0.9998533279917852,13.3135920656062,7.917509132246858,41.99600189203069
23343,-38765,41.93863225,-93.7176604,4,1,1.0,,,1,10260.846767827821,153.2061592054015,4.011183202044869,-0.892634281915047,0.45078158652501377,0.593591922499983,-0.8047661955765625,-95.14983109267513,19.840229297924576,5.62,47.155193798449645,0.6057176181584069,0.9987575242692892,15.286912323664758,7.822652863869061,41.53519379844965
23343,-38757,41.93866516666667,-93.69813866666668,3,1,1.0,,,1,11078.804415530894,145.7193097572473,4.0444928954327,-0.8262881664736402,0.5632476062493563,0.3655042681087402,-0.9308096636768949,-96.09911481488489,18.237425522939077,4.394212427318194,45.23928546768551,0.6057176181584069,0.999062927268065,5.9159041695905925,7.190695573843081,40.84507304036732
23343,-38749,41.9382244,-93.6787089,4,1,0.0,,-100.0,1,12093.422665939988,139.54223592350218,4.0825492317594785,-0.7608845034333954,0.6488873341612666,0.1578904551301694,-0.9874566340750301,-97.04371669365749,15.95711644262149,4.2601555555555555,40.006889592692744,0.6057176181584069,0.0699239641770287,19.552563194444023,6.291609878320451,35.74673403713719
23344,-38803,41.94014696666667,-93.81027983333333,3,1,1.0,,,1,9490.14598989559,198.65379569851308,3.9772728933670605,-0.9474685175552836,-0.3198490397696907,0.7953931835168137,0.6060937911041396,-93.46927794897923,22.28575952529661,6.687226876095103,50.41328440734319,0.6057176181584069,0.9999740403929822,4.477636819966357,8.78688234678292,43.72605753124809
23344,-38797,41.940257025,-93.795656775,4,1,1.0,,,1,9163.548433960514,191.49359464847453,3.9620636796584385,-0.9799469867305658,-0.19925838300479207,0.9205921936046312,0.3905253040127019,-92.94057151197792,24.23543307086615,7.085126984126984,54.2950051367246,0.6057176181584069,0.999943547884986,11.032573967040747,9.555604276143622,47.20987815259761
23344,-38781,41.94027633333334,-93.75645530000001,3,1,1.0,,,1,9088.798299155726,171.03384431705058,3.9585064655601685,-0.9877805732971721,0.15585101544972427,0.9514209219665796,-0.30789321077975007,-93.25342548243756,23.18254541663804,7.003478149415659,51.998056097688305,0.6057176181584069,0.9999770681325003,34.316785960121855,9.140469224022954,44.99457794827265
23344,-38773,41.940404725,-93.7371085,4,1,1.0,,,1,9457.014254553127,161.39813411538853,3.9757540436486485,-0.9477580223323956,0.31899017399378693,0.7964905377908271,-0.6046509928956365,-94.03321348211705,20.080808823529416,5.860989709186842,47.78050134386742,0.6057176181584069,0.9999543086903889,13.3135920656062,7.917509132246858,41.91951163468058
23344,-38765,41.94004105,-93.7176419,2,1,1.0,,,1,10121.912460217733,152.79921392871847,4.0052625769750625,-0.8894101020379467,0.4571101293920856,0.5821006592143014,-0.8131167336503878,-95.01849774536126,20.05110751971913,5.62,47.155193798449645,0.6057176181584069,0.9999082156852648,15.687659876837433,7.905798431436739,41.53519379844965
23344,-38757,41.940677050000005,-93.69812845000001,2,1,1.0,,,1,10895.05380275847,145.05383255923482,4.03722937925262,-0.8196905894906663,0.5728065445684467,0.3437853249991121,-0.9390482683628435,-95.93235964023619,18.58374545746645,4.62097352514659,46.315682254967385,0.6057176181584069,0.9999373296507309,10.706953535191598,7.327243422507759,41.694708729820796
23344,-38749,41.940357166666665,-93.6785679,3,1,1.0,,,1,11921.472585920297,138.76089538417216,4.076329904434312,-0.751965175300455,0.6592028330759478,0.13090324972928796,-0.9913951478650235,-96.89163197764255,16.336694259018174,4.2601555555555555,40.44368340109049,0.6057176181584069,0.7204609606701069,0.0,6.441270723863566,36.18352784553493
23345,-38803,41.9423845,-93.81024029999999,3,1,1.0,,,1,9253.650244219825,199.12672140486757,3.9663130806538396,-0.944796202659491,-0.32765856533929627,0.7852797291195882,0.6191411366028476,-93.22467651549717,23.3019865717745,7.045599036645832,52.209128732918046,0.6057176181584069,0.9999439363311218,4.477636819966357,9.187562767160069,45.163529696272214
23345,-38797,41.9421003,-93.79562829999999,3,1,1.0,,,1,8962.299133461769,191.73960215258225,3.952419435207882,-0.9790824125899368,-0.20346407387317506,0.9172047412858623,0.3984161926462507,-92.7112118518611,24.23543307086615,7.085126984126984,55.648486363538204,0.6057176181584069,0.999964893702203,21.293423021143454,9.555604276143622,48.56335937941122
23345,-38781,41.9421268,-93.756608425,4,1,1.0,,,1,8883.593790545281,170.9079656984278,3.94858869186676,-0.9874357855548895,0.1580207878907016,0.9500588611888038,-0.31207076164971503,-93.01995260951287,24.15253747558634,7.085126984126984,53.71219541424405,0.6057176181584069,0.9999793052290079,41.09946190087457,9.522920003392521,46.62706843011706
23345,-38773,41.94227876666667,-93.7370595,3,1,1.0,,,1,9261.045870682958,160.96363500794973,3.9666600353015475,-0.9453117506960957,0.32616819893405086,0.7872286120082348,-0.6166612623114801,-93.83073471587285,20.784042477196415,6.157646813323977,47.94512659234475,0.6057176181584069,0.9999540656712349,13.3135920656062,8.194781772205848,41.78747977902077
23345,-38765,41.94205824,-93.7176145,5,1,1.0,,,1,9923.933641543681,152.19635514879656,3.9966838516090633,-0.8845513044003622,0.46644291170905117,0.5648620202327646,-0.8251853719610884,-94.8280399083659,20.080808823529416,5.62,47.155193798449645,0.6057176181584069,0.9999242123499835,16.765256526726144,7.917509132246858,41.53519379844965
23345,-38757,41.94189807272728,-93.69809570000001,11,1,1.0,,,1,10785.540230948749,144.62940701238813,4.032841903119049,-0.8154250039452026,0.5788627323821826,0.3298358741180673,-0.944038291672944,-95.83136432045879,18.74591077099745,4.758311449660754,46.96760228064532,0.6057176181584069,0.999954608920264,9.471940010158942,7.391182348578851,42.20929083098457
23345,-38749,41.942218,-93.67844165,2,1,1.0,,,1,11773.484729739856,138.05968108921093,4.070905024857543,-0.7438414097192256,0.6683561604316333,0.10660008562616968,-0.99430197713999,-96.75759038449432,16.65817252943956,4.2601555555555555,40.98885672312406,0.6057176181584069,0.9148060271591031,8.211505151041324,6.568023942035627,36.7287011675685
23346,-38803,41.9439337,-93.81021463333333,3,1,1.0,,,1,9090.340391332596,199.46940083087108,3.958580145852289,-0.9428196282948108,-0.33330338807464116,0.7778177029959302,0.6284899529078686,-93.05308606167135,24.01488043185074,7.085126984126984,53.46893223627127,0.6057176181584069,0.9996041974196014,3.1564672172583923,9.468644256311178,46.383805252144285
23346,-38797,41.94402326666667,-93.79558153333333,3,1,1.0,,,1,8752.240361395525,191.99926291364628,3.9421192361139368,-0.9781502753502229,-0.2078991073388317,0.9135559223354338,0.4067131381770876,-92.46646999044656,24.23543307086615,7.085126984126984,56.55748744146125,0.6057176181584069,0.9994532175781777,24.55049789942684,9.555604276143622,49.47236045733426
23346,-38781,41.94387955,-93.7565698,4,1,1.0,,,1,8691.709855104962,170.6844029290296,3.9391052203601715,-0.9868116880111367,0.16187245721434843,0.9475946151907779,-0.31947526549240335,-92.80055097309817,24.23543307086615,7.085126984126984,55.31666998755803,0.6057176181584069,0.9997199158670744,41.09946190087457,9.555604276143622,48.23154300343104
23346,-38773,41.944065325,-93.737013325,4,1,1.0,,,1,9074.727512006042,160.53223635966526,3.9578335932884423,-0.9428291518426865,0.33327644746606455,0.777853619128799,-0.6284455005871465,-93.63442625953344,21.599630349861368,6.445263629919159,49.20077860897117,0.6057176181584069,0.9996378052433574,13.3135920656062,8.516353701241304,42.75551497905201
23346,-38765,41.943750925,-93.7175858,4,1,1.0,,,1,9758.906698954735,151.66921119791027,3.989401165903677,-0.8802224675271978,0.47456127914141,0.5495831846793374,-0.8354390002374305,-94.66623477924065,20.080808823529416,5.62,47.26582372969853,0.6057176181584069,0.9989265051767534,18.807756897145076,7.917509132246858,41.645823729698535
23346,-38757,41.943956066666665,-93.69810869999999,3,1,1.0,,,1,10599.016172856074,143.91893975228174,4.025265554837477,-0.8081846051084969,0.5889292351935188,0.30632471186875404,-0.9519270827634462,-95.65580378518547,19.02780333105884,4.997046468215871,47.155193798449645,0.6057176181584069,0.9989169574381506,14.688351410284024,7.50232761858328,42.158147330233774
23346,-38749,41.944145042857144,-93.67835861428571,14,1,0.14285714285714285,10.4,-101.5,1,11619.466186499647,137.32913086320116,4.065186176455102,-0.7352592965133433,0.6777859299887418,0.08121246621859285,-0.9966968121403288,-96.61500156929824,17.00015000534124,4.2601555555555555,41.9092607999555,0.6057176181584069,0.32622530120546844,8.211505151041324,6.7028596357703165,37.64910524439994
23347,-38803,41.945760775,-93.81017639999999,4,1,1.0,,,1,8897.9490478327,199.88570467405594,3.949289914526382,-0.9403730226126296,-0.340144937258203,0.7686028433152263,0.6397262455517592,-92.8478599848034,24.23543307086615,7.085126984126984,54.97568581639835,0.6057176181584069,0.9998315033934256,8.75172506828695,9.555604276143622,47.89055883227136
23347,-38797,41.945773224999996,-93.79552065,4,1,1.0,,,1,8560.923097542041,192.23672040696883,3.9325205958166745,-0.9772802571898666,-0.21195117104396563,0.9101534021861832,0.41427138989908024,-92.2385754455034,24.23543307086615,7.085126984126984,57.403915534345785,0.6057176181584069,0.9997762185269764,19.50939728294925,9.555604276143622,50.3187885502188
23347,-38781,41.94561873333333,-93.7565143,3,1,1.0,,,1,8501.683213953085,170.44316012386003,3.9295049184392337,-0.9861213819183968,0.16602596219673368,0.9448707597532975,-0.3274435025515491,-92.57903555744818,24.23543307086615,7.085126984126984,56.139405217398334,0.6057176181584069,0.9998627977883442,39.8297297787781,9.555604276143622,49.05427823327135
23347,-38773,41.945990783333336,-93.73695481666665,6,1,1.0,,,1,8874.7709329956,160.0426590696045,3.9481571522826404,-0.9399470084019498,0.34132040870159674,0.7670007572075499,-0.6416461941311934,-93.41963231485255,22.492018480613705,6.759964034298192,50.77777871576473,0.6057176181584069,0.9999043223612958,19.118497520520556,8.868206618961503,44.01781468146654
23347,-38765,41.945670125,-93.717547325,4,1,1.0,,,1,9573.069062868539,151.0470297330388,3.981051192049548,-0.8750173556769464,0.4840915484328603,0.5313107454717514,-0.8471770132305596,-94.48051807292977,20.080808823529416,5.62,47.41682059465348,0.6057176181584069,0.9976730805543897,18.77762637935939,7.917509132246858,41.79682059465348
23347,-38757,41.94578185,-93.698103575,4,1,1.0,,,1,10435.77152858288,143.26139651180733,4.018524562478597,-0.8013728075844035,0.5981652140205836,0.2843967534714188,-0.9587066739180014,-95.49877528260197,19.27993953312131,5.210580805073474,47.155193798449645,0.6057176181584069,0.9833604093997289,14.27649397008717,7.601740480880964,41.94461299337617
23347,-38749,41.946006483333335,-93.67821614999998,6,1,0.8333333333333334,,-96.0,1,11476.06524517868,136.58624237274978,4.059793008686937,-0.7264096693959232,0.6872619531213012,0.05534201558378877,-0.9984674563104817,-96.4787451157936,17.326940279744992,4.2601555555555555,42.78878978073705,0.6057176181584069,0.8986407782623389,9.126820279812051,6.831707283524896,38.52863422518149
23348,-38817,41.9477871,-93.84281093333334,3,1,1.0,,,1,9952.222945445072,215.12003818675907,3.9979200963350925,-0.8179485694645928,-0.5752913502833379,0.33807972457834773,0.9411174739792204,-95.26888109477332,19.64907409431047,5.52320113920233,47.155193798449645,0.6057176181584069,0.9902140685069891,0.7135010654614325,7.747283734886677,41.63199265924732
23348,-38816,41.94689494,-93.8412298,5,1,1.0,,,1,9959.62122573733,214.1763972105915,3.998242822088341,-0.8273120523074664,-0.5617426173140222,0.368890463786384,0.9294728751972628,-95.16316321300057,19.81882229136849,5.62,47.155193798449645,0.6057176181584069,0.9924769358051875,1.6160866243091685,7.814212458336029,41.53519379844965
23348,-38815,41.9469558,-93.83876825,4,1,1.0,,,1,9841.170788230533,213.21738320094224,3.99304676881966,-0.8365981475038362,-0.5478170676358572,0.3997929208137011,0.916605487910284,-94.92808071931536,20.080808823529416,5.62,47.155193798449645,0.6057176181584069,0.9664335619220692,3.339347814586347,7.917509132246858,41.53519379844965
23348,-38814,41.947590766666664,-93.83614216666666,3,1,1.0,,,1,9664.29292421702,212.36867653476472,3.9851700849197615,-0.8446207345354213,-0.5353651228767572,0.4267683704143094,0.9043609666576256,-94.64551099185616,20.080808823529416,5.62,47.28267319352552,0.6057176181584069,0.9945969686368819,0.9358104525739489,7.917509132246858,41.66267319352552
23348,-38803,41.94763245,-93.81013405,2,1,1.0,,,1,8701.278890763171,200.3296106004342,3.9395830887545586,-0.9377095121699103,-0.34742030854005784,0.758598258427862,0.6515586560780346,-92.63470419422505,24.23543307086615,7.085126984126984,55.93264512109021,0.6057176181584069,0.9991840918214973,9.717786912058228,9.555604276143622,48.847518136963224
23348,-38797,41.94765243333333,-93.7954649,3,1,1.0,,,1,8355.819190089938,192.50915354290635,3.921989033798003,-0.9762614163847723,-0.216595583700126,0.9061727062432035,0.42290782265154303,-91.98892433805385,24.283914540410905,7.462875183920651,58.331150149890206,0.6057176181584069,0.9993845376980423,18.86106803951364,9.574719665430909,50.868274965969555
23348,-38781,41.94750975,-93.75646582499999,4,1,1.0,,,1,8295.078735745969,170.17500298836842,3.9188205126434075,-0.985333545677522,0.1706393968653272,0.9417643924748748,-0.33627344389117336,-92.33253317334446,24.23543307086615,7.085126984126984,57.0549450909852,0.6057176181584069,0.9996509663377255,32.40129036828521,9.555604276143622,49.96981810685821
23348,-38773,41.94746103999999,-93.73692644,5,1,1.0,,,1,8722.07229909244,159.66203651067303,3.9406196823106656,-0.9376588533920924,0.34755700921636806,0.7584082506891469,-0.6517798135004091,-93.25214855083814,23.18785058762318,7.0053490163588545,52.00743122821932,0.6057176181584069,0.9998566516070314,19.118497520520556,9.142560959475054,45.00208221186046
23348,-38765,41.94773242,-93.71750604,5,1,0.8,,-96.5,1,9374.682815939486,150.35108071843194,3.9719565826805514,-0.8690728838189157,0.4946840634290471,0.510575354778653,-0.8598330111670828,-94.27782818974295,20.080808823529416,5.62,47.58161749164381,0.6057176181584069,0.9715619113144328,20.20600571366831,7.917509132246858,41.961617491643814
23348,-38757,41.94744573333333,-93.69810203333334,3,1,0.6666666666666666,,-101.5,1,10288.078895501181,142.6452070867462,4.012334286037906,-0.7948936003431546,0.6067488476573295,0.2637116717330054,-0.9646015520367898,-95.35373529587774,19.512826116118507,5.407812625242731,47.155193798449645,0.6057176181584069,0.8530751480797779,15.011560030494197,7.693563557524048,41.74738117320691
23348,-38748,41.94787193333334,-93.6780585,3,1,0.6666666666666666,6.21,-101.5,1,11335.195833204796,135.81856101690772,4.0544290276425565,-0.7171364172616722,0.6969328224707836,0.028569281925814462,-0.9995918147575256,-96.34147732324713,17.65615609623862,4.2601555555555555,43.67484690733326,0.6057176181584069,0.7417754120043695,10.847220271425488,6.961511279791929,39.414691351777705
23349,-38818,41.9500365,-93.84532653333333,3,1,0.0,1.55,-100.0,1,9872.056354607468,216.94268988248555,3.9944076258651386,-0.799237076053866,-0.6010158868622916,0.27755980747826625,0.9607083601554781,-95.41753764773449,19.410380493730557,5.32105135152782,47.155193798449645,0.6057176181584069,0.024374134943961255,5.128182415473495,7.653171053519682,41.834142446921824
23349,-38817,41.949196816666664,-93.84411951666668,6,1,0.8333333333333334,1.55,-109.0,1,9887.733463930055,216.15527166233758,3.995096750958277,-0.8074211265137015,-0.5899755286953394,0.30385775108130947,0.9527174119894152,-95.33118893418599,19.549028168062947,5.438472169931696,47.155193798449645,0.6057176181584069,0.945802629266953,3.2328274196215117,7.707837388792255,41.716721628517945
23349,-38813,41.9493456,-93.83514556666667,6,1,1.0,,,1,9455.39716940193,212.578946447898,3.9756797758946427,-0.8426503135018862,-0.5384611863033145,0.42011910168965433,0.9074689748941712,-94.44042489039396,20.080808823529416,5.62,47.44941833445424,0.6057176181584069,0.9898052062043964,0.09743639947325113,7.917509132246858,41.829418334454246
23349,-38803,41.94929015,-93.810084875,4,1,1.0,,,1,8527.206527608327,200.73378190040654,3.9308067816551033,-0.9352354575726242,-0.35402632514959165,0.7493307222021512,0.6621959443880658,-92.44291441867361,24.23543307086615,7.085126984126984,56.64497570362024,0.6057176181584069,0.9991930394824353,13.779146004097681,9.555604276143622,49.55984871949325
23349,-38797,41.94964305,-93.79539745,2,1,1.0,,,1,8138.6187933516,192.8079426128098,3.9105507069379413,-0.9751186328320964,-0.2216836753206316,0.9017126961926736,0.43233576479969726,-91.71813999352602,25.469218228465728,7.952825070030135,59.27674159284589,0.6057176181584069,0.9919237054338556,25.28949397944476,10.04206402676279,51.32391652281575
23349,-38781,41.949248075,-93.75642995,4,1,1.0,,,1,8105.199194659912,169.92144517660006,3.908763692605704,-0.9845687488383716,0.174998225164838,0.9387512423783133,-0.34459556719896045,-92.10058895732526,24.23543307086615,7.260832234983231,57.91641415541455,0.6057176181584069,0.9997394331718942,32.74382614185027,9.555604276143622,50.65558192043132
23349,-38773,41.949411375,-93.736897875,4,1,1.0,,,1,8519.865066578595,159.1408301356612,3.930432716679331,-0.9344584558326399,0.35607217572126904,0.7464252113542434,-0.6654693109789309,-93.02581606863941,24.128177006125927,7.085126984126984,53.66914636236096,0.6057176181584069,0.9998436162957351,22.264680571002003,9.51331509947089,46.584019378233975
23349,-38765,41.94923834,-93.71747289999999,5,1,0.8,,-85.0,1,9230.848480991206,149.82271786642661,3.965241622334309,-0.8644741822083102,0.5026772207841462,0.4946312234094535,-0.8691029587042419,-94.12788668602518,20.080808823529416,5.722281443467305,47.70352734799307,0.6057176181584069,0.9858971847486141,20.20600571366831,7.917509132246858,41.981245904525764
23349,-38757,41.9493435,-93.69809070000001,3,1,1.0,,,1,10121.611541466293,141.9170181148428,4.005249665453012,-0.787118260560018,0.6168021108045688,0.23911031221405676,-0.9709924091324794,-95.18669842439056,19.78103247157796,5.62,47.155193798449645,0.6057176181584069,0.9785589204695061,12.18514911383363,7.799312598179654,41.53519379844965
23349,-38748,41.94935397142857,-93.67795735714286,7,1,0.0,11.05,-97.0,1,11223.359330200097,135.2022459091757,4.050122867633621,-0.7095983566023745,0.7046063953067765,0.007059655385581128,-0.9999750803224232,-96.23018399588577,17.923076128664743,4.2601555555555555,44.39324008625602,0.6057176181584069,0.11768247581248661,11.14237382988478,7.066753145938135,40.133084530700465
23350,-38825,41.95093456666667,-93.8627925,6,1,1.0,,,1,10728.25578696209,223.44648810883453,4.030529119573397,-0.7260169492921285,-0.687676805876533,0.05420122131889817,0.9985300334028716,-97.2641962308562,15.353557583112131,4.13354848281191,39.37366293290573,0.6057176181584069,0.9982107797040988,9.820275483930276,6.053637253611505,35.24011445009382
23350,-38824,41.9507035,-93.86077155,4,1,1.0,,,1,10633.032725866937,222.69689969862472,4.026657150531003,-0.7349512896103514,-0.6781199023034801,0.08030679619983733,0.9967701934167764,-97.0466858309069,15.948988481565564,4.2601555555555555,39.998362103535335,0.6057176181584069,0.9981890354011008,9.476702925304942,6.288405166475805,35.73820654797978
23350,-38823,41.9506858,-93.85851535,2,1,1.0,,,1,10509.006598788237,221.94127737182885,4.021561664738508,-0.743830229152192,-0.6683686035410382,0.10656681960120501,0.9943055430601221,-96.80184047187859,16.552045459295297,4.2601555555555555,40.703224496132016,0.6057176181584069,0.9989468810500612,1.742683379995259,6.526179908041276,36.44306894057646
23350,-38822,41.9506771,-93.855347075,8,1,1.0,,,1,10336.650250598588,220.85641309906683,4.014379821796918,-0.7563513346151586,-0.6541656201802939,0.144134682748263,0.9895580797654363,-96.45890471033664,17.3745244592594,4.2601555555555555,42.91685866218096,0.6057176181584069,0.9993308708129727,1.345459342043702,6.8504688871618145,38.6567031066254
23350,-38821,41.950684825,-93.853678375,4,1,1.0,,,1,10246.351888230598,220.2754182813997,4.010569266677213,-0.762945752960025,-0.64646251093181,0.16417244391947902,0.9864316543265963,-96.27872413071373,17.806660035540144,4.2601555555555555,44.0799158053567,0.6057176181584069,0.9996100057256041,2.62048015817586,7.020852331456275,39.81976024980114
23350,-38820,41.95068464,-93.85099674,5,1,1.0,,,1,10104.57908627272,219.31516658395017,4.004518227369739,-0.7736725223765113,-0.633585691220664,0.19713834376086684,0.9803756797367131,-95.99088271975451,18.48977661257535,4.5413912405918175,45.937918536941396,0.6057176181584069,0.9989015133130462,1.3691255429314575,7.290193162525194,41.396527296349575
23350,-38819,41.95067606666667,-93.84828886666666,6,1,0.3333333333333333,,-104.0,1,9965.10761439063,218.31478105329313,3.998481993059955,-0.7846164550362559,-0.619981466244225,0.23124596302732187,0.9728953204654479,-95.70279400638735,18.952352468871464,4.933147076971297,47.155193798449645,0.6057176181584069,0.22518980289970422,0.0,7.472578672928039,42.22204672147835
23350,-38818,41.95053803333334,-93.8462705,6,1,0.0,3.3649999999999998,-103.0,1,9874.78751624771,217.49919929219897,3.9945277593350603,-0.7933618476471092,-0.6087503418462821,0.25884604260406946,0.9659185919259512,-95.49519632366248,19.285686165735726,5.215447632504247,47.155193798449645,0.6057176181584069,0.021953144724756547,7.0450586284499375,7.604006276875744,41.939746165945394
23350,-38813,41.95101395,-93.83477413333333,18,2,0.5555555555555556,4.66,-109.0,2,9282.776497164683,213.03497980789587,3.9676778940042556,-0.8383379025560868,-0.5451509526157514,0.40562087772427746,0.9140414123846833,-94.29853614208344,20.080808823529416,5.62,47.564780902490575,0.6057176181584069,0.6328160636344836,11.77850705055592,7.917509132246858,41.94478090249058
23350,-38812,41.950640475,-93.831248075,4,1,1.0,,,1,9162.708657982892,211.36401162315119,3.9620238777423635,-0.853877883191596,-0.5204734004694564,0.4582148788075217,0.8888414509007825,-93.98419735285472,20.146462884531296,5.932804562826534,47.82035388055009,0.6057176181584069,0.9929609665094301,2.206841153527379,7.943395371796252,41.887549317723554
23350,-38811,41.95063902,-93.82909612,5,1,1.0,,,1,9071.597846549128,210.40328831623353,3.9576837892455012,-0.8624846255247641,-0.5060832646249107,0.4877594585331853,0.8729780699487324,-93.78416132850853,20.97753740162082,6.225882739893619,48.10143560786735,0.6057176181584069,0.9872451013759799,0.0,8.271073411882162,41.87555286797373
23350,-38810,41.950645949999995,-93.82727165,2,1,1.0,,,1,8995.594483750116,209.57658083579759,3.9540298694582217,-0.8696967514175163,-0.4935864266507122,0.5127448788523623,0.8585410236038091,-93.61794221928238,21.668115343182485,6.469414842098399,49.32180312516481,0.6057176181584069,0.9938236736243881,5.441829665857813,8.54335612752836,42.85238828306642
23350,-38809,41.9506304,-93.82461585,4,1,1.0,,,1,8890.881364933151,208.3396258152601,3.9489448152957523,-0.8801492631104989,-0.4746970345873732,0.5493254507079083,0.8356084903856311,-93.38522531797419,22.63496662412258,6.810374653867471,51.03039215806733,0.6057176181584069,0.9951746211315413,2.304236922614472,8.924568553464015,44.22001750419986
23350,-38808,41.9506159,-93.82196384,5,1,1.0,,,1,8790.442106408109,207.0759783856698,3.9440107180254262,-0.8904037164214388,-0.45517163991497767,0.5856375564342198,0.810573039579874,-93.16209656399758,23.56198275567184,7.085126984126984,52.66858577368619,0.6057176181584069,0.9970576115082247,0.0,9.290074681816836,45.5834587895592
23350,-38807,41.950616700000005,-93.8194399,3,1,1.0,,,1,8697.445613930586,205.85149517671445,3.939391721737685,-0.8999272393601566,-0.4360400943234547,0.6197380722847854,0.7848087166696979,-92.957726687429,24.23543307086615,7.085126984126984,54.16905319911944,0.6057176181584069,0.9977880703727671,5.240917631717976,9.555604276143622,47.08392621499245
23350,-38806,41.95061336,-93.8166706,5,1,1.0,,,1,8600.501816958664,204.47693713972484,3.934523791938677,-0.9101281206585152,-0.4143269288697022,0.6566663920268015,0.7541811782207927,-92.74510501195331,24.23543307086615,7.085126984126984,55.52260303945143,0.6057176181584069,0.9974060808752303,9.781469476741064,9.555604276143622,48.437476055324446
23350,-38805,41.95078465454546,-93.81507693636364,11,2,1.0,,,2,8529.353198579247,203.7239391333556,3.9309160988183556,-0.9154945729280155,-0.4023303206810923,0.6762606261212989,0.7366624502158562,-92.61009056614687,24.23543307086615,7.085126984126984,56.024063133216764,0.6057176181584069,0.9742052648341177,14.82276170444753,9.555604276143622,48.93893614908978
23350,-38804,41.9506096,-93.8122263,7,2,1.0,,,2,8455.391413731362,202.20799974758714,3.927133716592434,-0.9258178209239006,-0.3779700549775342,0.7142772750805595,0.6998628253475753,-92.43040487723904,24.23543307086615,7.085126984126984,56.69143766391837,0.6057176181584069,0.9951343753700855,12.041059105722905,9.555604276143622,49.606310679791385
23350,-38803,41.950568077777774,-93.809768,9,3,1.0,,,3,8385.06165425044,200.90965494098674,3.9235062602637876,-0.9341443469556227,-0.35689541752571347,0.7452513218982934,0.6667836734720238,-92.27610411836685,24.23543307086615,7.085126984126984,57.26452947309449,0.6057176181584069,0.9979250286109486,12.879983221736905,9.555604276143622,50.179402488967504
23350,-38802,41.9506036,-93.80753071666668,6,3,1.0,,,3,8317.177027321728,199.72845494272423,3.9199759453418417,-0.9413030162746281,-0.33756278164555886,0.7721027368954255,0.6354977290900364,-92.13717032849694,24.23543307086615,7.19464288910156,57.780546488008696,0.6057176181584069,0.99802250347539,5.029125827845352,9.555604276143622,50.58590359890714
23350,-38801,41.9505986125,-93.8051032125,8,3,1.0,,,3,8252.17440953365,198.41484588838537,3.916568398202909,-0.948794192086659,-0.3158948892632231,0.8004208378747519,0.5994384724856088,-92.00271812735312,24.23543307086615,7.437917073775886,58.27991833662704,0.6057176181584069,0.9926459036988984,8.847476348634936,9.555604276143622,50.842001262851156
23350,-38800,41.95059631428571,-93.80239982857142,7,3,1.0,,,3,8184.620571950758,196.92903377796944,3.912998550904029,-0.9566661522365901,-0.2911870072047126,0.8304202536703253,0.5571375075276412,-91.8668461527997,24.81828709974444,7.683760158146238,58.78456339658843,0.6057176181584069,0.9868475681710637,17.081630338092396,9.785413350915722,51.1008032384422
23350,-38799,41.9505992,-93.7999969,6,3,1.0,,,3,8128.732471982521,195.5894638004347,3.9100228305460822,-0.9632120025472655,-0.26874269878247226,0.8555547237022267,0.5177123861284434,-91.7584318342654,25.292848846734405,7.879922100636463,59.15588147696093,0.6057176181584069,0.9970127537539377,15.141608772356768,9.972524686849834,51.275959376324465
23350,-38798,41.9505972875,-93.7978099875,8,3,1.0,,,3,8082.264856457201,194.35394310433165,3.9075330782042705,-0.9687827561656005,-0.24791121668085683,0.8770800572876345,0.48034422356089573,-91.67125592453594,25.674443755745983,8.037655839335143,59.4173758728221,0.6057176181584069,0.9942526609559783,15.522280494682951,10.122980836473545,51.379720033486954
23350,-38797,41.950899283333335,-93.79546935833334,24,4,0.7083333333333334,35.2,-95.0,4,8003.800812385867,193.07088228809263,3.9032962719734074,-0.9740910256826998,-0.22615630365839018,0.897706652631148,0.44059365159041874,-91.54763751479757,26.215558336169245,8.261327654180857,59.78818383424383,0.6057176181584069,0.9296015292781428,23.12798258887574,10.336332782092043,51.52685618006298
23350,-38796,41.95057962,-93.79318852,5,1,1.0,,,1,7998.113021422576,191.69694489916125,3.902987536860938,-0.9792336221663864,-0.2027350813719685,0.9177969735622026,0.39705001614413965,-91.52390648523941,26.319436117234016,8.30426593870231,59.85936784891866,0.6057176181584069,0.9853615163185562,24.90309909960429,10.37728996103068,51.55510191021635
23350,-38795,41.95057346666667,-93.79049506666667,3,1,1.0,,,1,7956.665942430173,190.12501817076722,3.900731124756477,-0.9844265123378599,-0.17579659213510726,0.9381911163873655,0.3461176521528898,-91.45967638227525,26.600590399104757,8.420482153812406,60.052033598239106,0.6057176181584069,0.9949446823081338,32.08893469146825,10.488144140951638,51.6315514444267
23350,-38794,41.950577625,-93.78816155,4,1,1.0,,,1,7924.596486470913,188.75190792431175,3.89897715755722,-0.9883564442777879,-0.15215629811009418,0.9536969218908643,0.30076931554912756,-91.4159241733189,26.79210684266775,8.499646220082836,60.18327349563902,0.6057176181584069,0.9947965972608137,25.55768390289493,10.563655700481487,51.683627275556184
23350,-38793,41.950578725,-93.785760225,4,1,1.0,,,1,7896.7295058851205,187.32777842996418,3.8974472619698273,-0.9918327219104155,-0.12754548893542414,0.9674642965044472,0.253007578916433,-91.38413273685536,26.93126742432729,8.557168787355824,60.27863564898378,0.6057176181584069,0.9890290934267866,20.982827648147225,10.618524266076673,51.72146686162796
23350,-38792,41.9505639,-93.7832936,3,1,1.0,,,1,7874.977847555474,185.85405458687796,3.896249340785708,-0.9947849264959553,-0.10199485289188326,0.9791940999671261,0.2029258844740357,-91.36717896567026,27.005479127914434,8.587844483455404,60.32949047995004,0.6057176181584069,0.9989185053417533,21.31166255981122,10.647784633327532,51.74164599649463
23350,-38791,41.950565525,-93.781012675,4,1,1.0,,,1,7857.818172443242,184.48582298294232,3.895301975147945,-0.9969367167905514,-0.07821242046424579,0.987765634570248,0.15594566733973467,-91.36109514527308,27.03210982093627,8.59885238391548,60.34773961487993,0.6057176181584069,0.994248783014021,11.047246267450522,10.658284646402274,51.74888723096445
23350,-38790,41.95057635,-93.77866061666667,6,1,0.3333333333333333,1.98,-98.0,1,7843.814227513757,183.0698902974522,3.8945272993097357,-0.9985649515881566,-0.05355406109477164,0.994263925080515,0.10695441684889964,-91.36510752497372,27.014546440507694,8.591592492355705,60.33570400998586,0.6057176181584069,0.1578155539125605,16.711563303024707,10.651359714933704,51.74411151763016
23350,-38789,41.95058205,-93.77592585,4,1,1.0,,-87.0,1,7834.3340500797285,181.4182760695832,3.894002085594958,-0.9996936456058808,-0.02475105927477938,0.9987747701295527,0.04948695335802289,-91.38521598760177,26.926525713328303,8.555208782685856,60.2753863109456,0.6057176181584069,0.9961934779413141,17.316558972969926,10.616654692969986,51.72017752825974
23350,-38788,41.9505924,-93.773454125,4,1,1.0,,,1,7830.7927849883135,179.92318246536354,3.8938057320089903,-0.9999991012365467,0.0013407185010081157,0.9999964049478021,-0.0026814345920386515,-91.41546923193451,26.794098256542533,8.500469378747555,60.184638145836914,0.6057176181584069,0.9991477559138701,16.369723820556832,10.564440879887268,51.68416876708936
23350,-38787,41.9506009,-93.7712971,4,1,1.0,,,1,7832.115950433413,178.61811082918325,3.89387910834828,-0.9997091626935222,0.024116177694998624,0.9988368199467665,-0.04821832762167054,-91.45149603040214,26.636398234530724,8.435283461751954,60.076571525949056,0.6057176181584069,0.9991283058519693,16.369723820556832,10.50226253959198,51.6412880641971
23350,-38786,41.95060526666666,-93.7685814,3,1,1.0,,,1,7840.252788098164,176.97704558568626,3.8943300655806437,-0.998608487253094,0.05273603309016681,0.9944378216278257,-0.10532530045580119,-91.50981002050746,26.381140539860255,8.329771701607504,59.90165185306957,0.6057176181584069,0.9859843714651264,20.597916170965103,10.401618927753914,51.57188015146207
23350,-38785,41.9505968,-93.766456725,4,1,1.0,,,1,7852.406077090921,175.69702178209695,3.8950027504898252,-0.9971812348056298,0.07503056011732409,0.9887408300969612,-0.14963813317190255,-91.56599651518924,26.135195526010516,8.228109374273796,59.73311385297334,0.6057176181584069,0.981079481736136,14.812066998739597,10.304647141891175,51.50500447869955
23350,-38784,41.950589225,-93.7639889,4,1,1.0,,,1,7871.168424780338,174.2159224851597,3.8960392053920514,-0.9949087539358372,0.1007798161431128,0.9796868573163208,-0.20053344260165426,-91.64001910735671,25.81117660368888,8.094174893441007,59.51107438038297,0.6057176181584069,0.9956816197850874,28.775346217284014,10.176892189436455,51.416899486941965
23350,-38783,41.9505729,-93.76122025000001,2,1,1.0,,,1,7899.30006451696,172.56472833886323,3.897588611342984,-0.9915916870587318,0.12940605146598838,0.9665081476879639,-0.256635929777537,-91.73497161953226,25.395541190688895,7.922370380121209,59.22625315071174,0.6057176181584069,0.9924972016880844,28.432065966213077,10.013014468821106,51.30388277059053
23350,-38782,41.950559925,-93.75926995,4,1,1.0,,,1,7923.187777265949,171.40945649824266,3.8988999487025624,-0.9887810479440957,0.14937215010361188,0.9553759215468481,-0.2953927022262242,-91.80836963035328,25.074256246857487,7.789565999922894,59.00175232221704,0.6057176181584069,0.9995796163624185,32.43725483617395,9.886337475917417,51.212186322294144
23350,-38781,41.9507153,-93.7566720625,8,2,1.0,,,2,7941.068033726509,169.85791948797328,3.8998789167797865,-0.9843741175123563,0.176089740677218,0.9379848064564602,-0.34667636616423225,-91.88964978966978,24.718468792558696,7.642499872929774,58.69986791222921,0.6057176181584069,0.9904826053673723,33.13995965962443,9.746056751007131,51.05736803929943
23350,-38780,41.950587375,-93.75403625,4,1,1.0,,,1,7996.221504035794,168.33813602590783,3.9028848160423846,-0.9793575687677757,0.20213548055022793,0.9182824950054569,-0.39592582558675443,-92.01957336004315,24.23543307086615,7.407419670570278,58.217315949788386,0.6057176181584069,0.9931716345667289,40.64919686601323,9.555604276143622,50.80989627921811
23350,-38779,41.950584060000004,-93.75164595999999,5,1,1.0,,,1,8038.8220782836925,166.95865964352913,3.9051924166117273,-0.9742075032866808,0.22565402841503154,0.8981605189201363,-0.4396676952575792,-92.12794970234702,24.23543307086615,7.211326441246638,57.814793016416075,0.6057176181584069,0.992017204363976,43.40060068592113,9.555604276143622,50.603466575169435
23350,-38778,41.95058843333333,-93.74930276666667,3,1,1.0,,,1,8084.231346222503,165.61973015444391,3.90763873321415,-0.9686687415929026,0.24835633485140346,0.8766382618783551,-0.4811500366942691,-92.2382260764191,24.23543307086615,7.085126984126984,57.40521313367106,0.6057176181584069,0.9919369111021151,24.54457965187776,9.555604276143622,50.320086149544075
23350,-38777,41.950587975,-93.74685765000001,4,1,1.0,,,1,8136.799571523564,164.2403422037503,3.910453618434672,-0.962409468685596,0.2716026777929644,0.8524639708313824,-0.5227859776566239,-92.35867322312374,24.23543307086615,7.085126984126984,56.957857762773344,0.6057176181584069,0.9991445773360589,20.37110951112349,9.555604276143622,49.87273077864636
23350,-38776,41.950589925,-93.74457035,4,1,1.0,,,1,8189.931890417418,162.9661445770954,3.91328029007069,-0.9561318299194174,0.2929367232269562,0.8283761523701073,-0.5601722504591751,-92.47484469349558,24.23543307086615,7.085126984126984,56.526382774467045,0.6057176181584069,0.999274180967116,21.860871513006526,9.555604276143622,49.44125579034006
23350,-38775,41.950588333333336,-93.74231896666667,3,1,1.0,,,1,8246.499884536952,161.72942894181358,3.9162696572317577,-0.9495866289483359,0.3135047593299589,0.8034295317549291,-0.59539985514279,-92.59274244451385,24.23543307086615,7.085126984126984,56.08849616961367,0.6057176181584069,0.9993555246188127,18.653242376090795,9.555604276143622,49.00336918548668
23350,-38774,41.950581125,-93.73970754999999,4,1,1.0,,,1,8317.410267573025,160.31816780876477,3.9199881241776984,-0.9415773863687855,0.3367967123932874,0.7731359490421466,-0.6342403363857422,-92.73341792891051,24.23543307086615,7.085126984126984,55.566010289123724,0.6057176181584069,0.9984992893932993,17.741226920309305,9.555604276143622,48.48088330499674
23350,-38773,41.9508550875,-93.7371769,8,2,1.0,,,2,8361.697129759035,158.8973622404494,3.9222944328560456,-0.9329369604517106,0.3600397586699606,0.7407427443537531,-0.6717887961906408,-92.83885030071117,24.23543307086615,7.085126984126984,55.041834202456144,0.6057176181584069,0.9947560227220767,23.139477452470288,9.555604276143622,47.95670721832916
23350,-38772,41.95057856666667,-93.7349066,3,1,1.0,,,1,8459.500364025205,157.78564903873564,3.9273447134462804,-0.9257759174102432,0.3780726791811629,0.7141220985135549,-0.7000211628333792,-92.99787097497993,24.23543307086615,7.085126984126984,53.874317023716465,0.6057176181584069,0.9988752364915003,22.264680571002003,9.555604276143622,46.78919003958948
23350,-38771,41.95057402,-93.73251664,5,1,1.0,,,1,8536.56537976322,156.5585094936348,3.931283170847063,-0.917466792045342,0.39781237473717335,0.6834906290119415,-0.7299592865721077,-93.13246636392174,23.68508510336037,7.085126984126984,52.88612835270691,0.6057176181584069,0.997698387698569,21.881637418351815,9.338611768673763,45.801001368579925
23350,-38770,41.950572824999995,-93.7301611,4,1,1.0,,,1,8615.94599206327,155.3700298118432,3.9353029679799887,-0.9090182371523988,0.41675633711360066,0.6526283109513097,-0.7576782217701923,-93.26590978478137,23.130677831409372,6.985187061173747,51.906397339995316,0.6057176181584069,0.9967608961080265,23.013033601190536,9.120018748978623,44.92121027882157
23350,-38769,41.95056253333333,-93.7274973,3,1,1.0,,,1,8710.981742158869,154.05561245147328,3.940067103477848,-0.89921911482422,0.4374985526087443,0.6171900329305076,-0.786814122427425,-93.41880035948056,22.49547494257489,6.761182954563309,50.783886866124405,0.6057176181584069,0.9991117049009413,25.921334443246113,8.869569441016303,44.022703911561095
23350,-38768,41.95055816,-93.72524138,5,1,1.0,,,1,8794.543499929152,152.96370311793123,3.944213301370841,-0.8907187423900587,0.45455486132597045,0.5867597560898555,-0.8097610688551119,-93.54830421552988,21.957435082108756,6.5714433605169456,49.83307982580788,0.6057176181584069,0.9991088808724371,20.947639895357177,8.657429803305998,43.261636465290934
23350,-38767,41.9505545,-93.72293339999999,3,1,1.0,,,1,8883.191116261994,151.86797127552865,3.9485690057817213,-0.8818634294080583,0.4715049224267533,0.5553662162546826,-0.8316058957480743,-93.68094982183055,21.40634242986931,6.377100703399929,48.859206304314576,0.6057176181584069,0.9996842023740976,24.468484468837495,8.440143679765628,42.48210560091465
23350,-38766,41.950548700000006,-93.72048883333333,3,1,1.0,,,1,8980.736807279975,150.73207601161766,3.9533119689845675,-0.8723431077227775,0.48889416278839615,0.5219649951828664,-0.8529669066287098,-93.8216815934407,20.82165479916713,6.170910787289904,47.95248722851187,0.6057176181584069,0.9981338800928563,24.301151391399376,8.209611648099056,41.781576441221965
23350,-38765,41.9507483,-93.71782515000001,8,2,1.0,,,2,9071.214005755466,149.4493482996645,3.957665412828439,-0.861180140129975,0.5082998782664783,0.4832624675085668,-0.87547552078715,-93.95362683497642,20.273471899362136,5.9775942534887925,47.845209223138085,0.6057176181584069,0.9615128689802818,11.396565797013617,7.99347278867911,41.867614969649296
23350,-38764,41.95053213333333,-93.71559930000001,3,1,1.0,,,1,9186.547445154167,148.53635915151398,3.9631523223496363,-0.852971563400689,0.5219573852622303,0.4551209759404314,-0.8904296138713207,-94.1029155246216,20.080808823529416,5.758867365864687,47.723830136908106,0.6057176181584069,0.9978966321157847,12.283374052790249,7.917509132246858,41.96496277104342
23350,-38763,41.95052656666667,-93.71299406666667,3,1,1.0,,,1,9301.21386666516,147.4057588768943,3.9685396304026543,-0.8425065453375621,0.5386861062468257,0.41963455787326726,-0.9076931407907122,-94.25162341333876,20.080808823529416,5.62,47.602923270550185,0.6057176181584069,0.9980030689655452,19.404643407647054,7.917509132246858,41.98292327055019
23350,-38762,41.950526725,-93.710788475,4,1,1.0,,,1,9400.60120977486,146.46861276140794,3.9731556295292942,-0.8335833399968866,0.5523937140116956,0.3897223694407301,-0.9209323942383084,-94.37644164334439,20.080808823529416,5.62,47.50143987794397,0.6057176181584069,0.9976628955297135,23.907098721938542,7.917509132246858,41.881439877943976
23350,-38761,41.95051935,-93.708332275,4,1,1.0,,,1,9514.862648243094,145.45118161582548,3.9784025234122513,-0.823643287891004,0.5671082209879315,0.3567765313758069,-0.934189759449036,-94.5154248321252,20.080808823529416,5.62,47.3884396734701,0.6057176181584069,0.9985345870814905,28.698148087539586,7.917509132246858,41.768439673470105
23350,-38760,41.9505148,-93.70541613333334,3,1,1.0,,,1,9653.92832136498,144.27330743344004,3.984704069938316,-0.8118115825799355,0.583919475946008,0.3180760912218787,-0.9480651877339507,-94.67886126591996,20.080808823529416,5.62,47.25555777171421,0.6057176181584069,0.9990440810585453,27.463134562506934,7.917509132246858,41.63555777171421
23350,-38759,41.950511766666665,-93.70356140000001,3,1,1.0,,,1,9744.459180977496,143.541873791586,3.9887577407101973,-0.8042913635289584,0.5942351407925393,0.2937691948945421,-0.9558763832897079,-94.78211071414592,20.080808823529416,5.62,47.17161086515886,0.6057176181584069,0.9988631581635737,34.584016197798405,7.917509132246858,41.551610865158864
23350,-38758,41.950506175,-93.7013059,4,1,1.0,,,1,9856.812569988157,142.67140657632632,3.9937364984035235,-0.7951709636710008,0.6063853053418525,0.2645937229309364,-0.9643599752092301,-94.90705057091158,20.080808823529416,5.62,47.155193798449645,0.6057176181584069,0.9697406691178683,38.96874401206394,7.917509132246858,41.53519379844965
23350,-38757,41.95073164285714,-93.69835662857143,7,2,1.0,,,2,9986.786033695089,141.47079435807478,3.9994257452422075,-0.7822907379372463,0.6229134782115399,0.2239575973248029,-0.9745988890823247,-95.04810658329896,20.003565450462467,5.62,47.155193798449645,0.6057176181584069,0.9974080260749731,13.89678059014175,7.887053431132543,41.53519379844965
23350,-38756,41.9504965,-93.69624585,4,1,1.0,,,1,10116.583519121883,140.788986250454,4.005033871268061,-0.7748229818010337,0.6321782556154198,0.2007013062540899,-0.9796524820914312,-95.18372376789017,19.78580879294706,5.62,47.155193798449645,0.6057176181584069,0.9981811146140536,18.658680806532317,7.801195817545503,41.53519379844965
23350,-38755,41.950495575000005,-93.69371852500001,4,1,1.0,,,1,10249.92340989782,139.88339828870085,4.0107206202422105,-0.764734731075025,0.6443452421548631,0.16963841782478176,-0.9855063709575422,-95.319764604703,19.567371889104418,5.454007480910645,47.155193798449645,0.6057176181584069,0.9915683692990873,13.597699954389192,7.715069994816324,41.701186317539
23350,-38754,41.95049383333333,-93.69111766666667,3,1,0.3333333333333333,,-101.5,1,10389.807705045709,138.97625806963316,4.016607509692849,-0.7544376610708188,0.6563717053301371,0.13835236888401536,-0.9903830683246666,-95.45855356214533,19.344522406099824,5.265276088182457,47.155193798449645,0.6057176181584069,0.11580407294493152,1.8891414003351117,7.627204369865105,41.889917710267184
23350,-38753,41.95048494,-93.68927959999999,5,1,0.6,,-100.5,1,10490.835152779799,138.352940712097,4.020810062817624,-0.7472525294928937,0.6645401847642263,0.11677268566705591,-0.993158668029486,-95.55649800384168,19.187255800762895,5.1320868832774345,47.155193798449645,0.6057176181584069,0.8393869555365834,10.990271979508341,7.565196918128718,42.02310691517221
23350,-38752,41.950476125,-93.686538175,4,1,1.0,,,1,10643.397633927541,137.44362039545,4.027080287556916,-0.7366121926357375,0.6763153684934057,0.08519504467925779,-0.9963642929983487,-95.70095979694133,18.95529760682984,4.93564131649639,47.155193798449645,0.6057176181584069,0.9664393686121164,13.283956361816136,7.4737398889371205,42.21955248195326
23350,-38751,41.950473466666665,-93.68413830000001,3,1,1.0,,,1,10778.68069701517,136.66681626864818,4.032565606762579,-0.7273754333798385,0.6862397386595244,0.05815004216901544,-0.9983078546198771,-95.82579125434697,18.754859284803285,4.7658899526514364,47.00357615954121,0.6057176181584069,0.9802822734755214,7.894755844069435,7.394710589916158,42.23768620688978
23350,-38750,41.9504787,-93.6812636,1,1,1.0,,,1,10942.590392133256,135.75836395036293,4.03912014282388,-0.7164037981775153,0.6976858877437825,0.026468804086340298,-0.9996496398289948,-95.97316815822148,18.518220380379635,4.565480288678253,46.05226519612269,0.6057176181584069,0.9122516892894975,10.674955003952489,7.301408039043616,41.48678490744444
23350,-38749,41.9504657,-93.6794893,3,1,0.6666666666666666,,-97.0,1,11046.37677225346,135.217768209077,4.043219852152189,-0.7097892191707552,0.7044141284421896,0.007601471302060589,-0.9999711083996596,-96.06464701041311,18.32009128292117,4.441083279741332,45.461773519862824,0.6057176181584069,0.6356428058861558,11.449350217545799,7.223289226585567,41.02069024012149
23350,-38748,41.950426766666666,-93.6780086,3,1,0.3333333333333333,,-95.0,1,11135.929648047953,134.78575877640003,4.046726478591821,-0.7044578199639547,0.7097458558467477,-0.007478359783264568,-0.9999720366765023,-96.14274308087528,18.13278979635109,4.334884772190395,44.95766706846249,0.6057176181584069,0.2222288721211415,11.511656168169209,7.149439550338244,40.6227822962721
23351,-38825,41.95303545,-93.86416525,2,1,1.0,,,1,10639.238324142842,224.75506829218014,4.026910537408055,-0.7101230968385638,-0.7040775435535547,0.008549625327184573,0.9999634512854781,-97.4018786695844,14.976654326015906,3.8714153097324173,38.97823308079834,0.6057176181584069,0.9985607151809814,0.4220543077031881,5.905030939679751,35.10681777106592
23351,-38813,41.95292967333333,-93.83512315333334,15,2,0.4,0.625,-107.0,2,9120.90654029895,213.91577006354441,3.9600380056401847,-0.8298587401549427,-0.5579735400432994,0.37733105722309723,0.9260784379602517,-94.21535057865029,20.080808823529416,5.62,47.63241487865474,0.6057176181584069,0.4422414448330589,2.0870865602593334,7.917509132246858,42.012414878654745
23351,-38805,41.9531882,-93.8157167,1,1,1.0,,,1,8307.347937724666,204.79892588940916,3.9194624004579417,-0.9077853417435737,-0.4194350644801924,0.6481484533689936,0.7615140066967787,-92.40503099924197,24.23543307086615,7.085126984126984,56.78567933682683,0.6057176181584069,0.9757793305562156,14.864863180621105,9.555604276143622,49.700552352699845
23351,-38797,41.9529275,-93.79538688,10,3,1.0,,,3,7782.688854677074,193.39704857511896,3.89112966806949,-0.9727878147357252,-0.2316977934760975,0.8926322649966153,0.4507855803894045,-91.26045041055993,27.47266178654869,8.78095625109519,60.64963533563699,0.6057176181584069,0.9490365693397423,22.450702378550748,10.831986524728936,51.868679084541796
23351,-38781,41.95288944,-93.75640552,5,1,1.0,,,1,7707.2284859725005,169.38048989506058,3.886898234128887,-0.9828726538659204,0.18428604473090937,0.9320773074348745,-0.3622594277102452,-91.59601464158266,26.0037972504394,8.17379538639046,59.64307095178092,0.6057176181584069,0.9963790641973262,40.73060178742534,10.252839116829119,51.46927556539046
23351,-38773,41.95312325,-93.736901925,4,1,1.0,,,1,8135.312060185147,158.10908387549932,3.910374216574303,-0.9278953770396496,0.3728406754479003,0.721979661463107,-0.6919142782408941,-92.57954691479063,24.23543307086615,7.085126984126984,56.13750597395546,0.6057176181584069,0.9954149650143556,24.05939073772996,9.555604276143622,49.052378989828476
23351,-38765,41.952844799999994,-93.71745312,5,1,1.0,,,1,8887.179852168209,148.5153358783375,3.9487639691874947,-0.8527799865962008,0.5222703269964545,0.454467411078033,-0.8907633649112597,-93.7578217078173,21.086968628410265,6.264473628920012,48.294819014018216,0.6057176181584069,0.9847918456663106,18.570086278598247,8.314220216628552,42.0303453850982
23351,-38757,41.952876975,-93.69810877500001,4,1,1.0,,,1,9814.171746951522,140.51051940209157,3.991853653818188,-0.7717413531994596,0.6359365406719973,0.19116943247626608,-0.9815570528943809,-94.86731665778791,20.080808823529416,5.62,47.155193798449645,0.6057176181584069,0.9976368296367384,19.688415811576043,7.917509132246858,41.53519379844965
23352,-38825,41.95462575,-93.8641883,4,1,1.0,,,1,10515.62552761044,225.44012206327804,4.021835112030359,-0.7016542760204398,-0.7125175625500275,-0.015362553884464811,0.9998819890057761,-97.40117132445971,14.978590670867518,3.8727620219471897,38.980264606246585,0.6057176181584069,0.9990455167847236,0.7938864143467385,5.905794406339912,35.1075025842994
23352,-38813,41.95476597142857,-93.83512274285714,14,2,0.2857142857142857,4.66,-109.5,2,8952.08251485209,214.64401944269898,3.951924076601145,-0.8226998602618116,-0.5684759800776068,0.35367012014960875,0.9353702187440871,-94.1066250953948,20.080808823529416,5.753432373625307,47.72081407245054,0.6057176181584069,0.21063707421317368,4.177005231327485,7.917509132246858,41.96738169882523
23352,-38805,41.9546111,-93.8157052,1,1,1.0,,,1,8163.549936674471,205.2581405658582,3.9118790536865338,-0.9043945295767498,-0.42669724029064143,0.6358589302567013,0.771805299808704,-92.25461252242414,24.23543307086615,7.085126984126984,57.34435187766924,0.6057176181584069,0.9741193862450982,16.886674848594623,9.555604276143622,50.25922489354225
23352,-38797,41.954656475,-93.79539203333333,12,3,1.0,7.24,,3,7595.88730731841,193.73581890859654,3.8805785129142674,-0.9714008689201807,-0.23744547134261745,0.8872392962777644,0.46130947436676095,-91.01268732428314,28.557194573847806,8.894499999999999,61.392829857652636,0.6057176181584069,0.9542800153220925,24.015190755679914,11.259598695290533,52.498329857652635
23352,-38781,41.9547319,-93.756403025,4,1,1.0,,,1,7505.991385516592,169.0910514564332,3.875408061645841,-0.9819291675011631,0.18924880451530665,0.9283697799790545,-0.37165784213661085,-91.33111133968904,27.163357864107496,8.65310427265242,60.43767956676745,0.6057176181584069,0.9978975749835777,36.11563589289955,10.710033437475873,51.78457529411503
23352,-38773,41.954903125,-93.7368926,4,1,1.0,,,1,7952.273343864923,157.5728324981552,3.9004912996704357,-0.9243652404585394,0.3815087184220389,0.7089021955359469,-0.7053067964824343,-92.36016697161588,24.23543307086615,7.085126984126984,56.95230979896511,0.6057176181584069,0.9924536110422836,27.34289755247181,9.555604276143622,49.867182814838124
23352,-38765,41.95466635,-93.71744985,4,1,1.0,,,1,8715.166963573025,147.81909233711633,3.94027571165988,-0.8463706863856012,0.5325942744971696,0.43268667754566725,-0.9015443633424213,-93.56621489509472,21.883022938502414,6.545201940582454,49.701581036917666,0.6057176181584069,0.977422390271483,17.928604098500347,8.628090406086951,43.156379096335215
23352,-38757,41.955016099999995,-93.69812205,2,1,1.0,,,1,9630.947041780199,139.61660085202504,3.9836689947877364,-0.7617260615221544,0.6478992261130948,0.16045318560410568,-0.9870434515407589,-94.66969106838754,20.080808823529416,5.62,47.2630135957266,0.6057176181584069,0.9871586949339874,14.627434959432914,7.917509132246858,41.6430135957266
23353,-38825,41.95658133333333,-93.86422066666667,3,1,1.0,,,1,10365.975118562661,226.30603926647268,4.015610162068252,-0.6908062028260683,-0.723039964412085,-0.04557358027405805,0.9989609846140158,-97.40834834013621,14.958943716545006,3.859097723799236,38.959651910293836,0.6057176181584069,0.9984998531430008,3.719251426645611,5.898047958393699,35.1005541864946
23353,-38813,41.956427000000005,-93.83512407,10,2,0.3,4.14,-111.0,2,8800.744572775817,215.3274741540349,3.9445194164875197,-0.8158604051825837,-0.5782489076991935,0.33125640148937924,0.9435407762637008,-94.01227802995635,20.080808823529416,5.891662805072382,47.797522901623175,0.6057176181584069,0.17505323821509136,3.19189775993639,7.917509132246858,41.905860096550796
23353,-38797,41.9565882,-93.7953972,16,3,0.1875,19.1,-95.0,3,7387.499251196528,194.1341953998469,3.8684974498688405,-0.9697264476850566,-0.24419380962694612,0.8807387666797576,0.47360239111243885,-90.72975737888069,29.372551427368897,8.894499999999999,62.02390334572493,0.6057176181584069,0.06363927899564242,20.64699000011555,11.581079537547696,53.12940334572493
23353,-38781,41.95654724,-93.75641186,5,1,0.4,,-116.0,1,7307.732660608381,168.7974732142627,3.8637826511399593,-0.980946588518479,0.194277611870122,0.9245124190520845,-0.3811519211790267,-91.06315045971456,28.336302407271553,8.894499999999999,61.24145974687486,0.6057176181584069,0.32123427833137347,36.271247455871375,11.172504805722697,52.34695974687486
23353,-38773,41.956761699999994,-93.73689533333334,3,1,1.0,,,1,7761.517852106926,156.99293898090605,3.8899466607341813,-0.9204566935272139,0.3908445667281926,0.6944810493181027,-0.7195109951474173,-92.12597742425446,24.23543307086615,7.214895028007151,57.822118297435566,0.6057176181584069,0.9668185885684007,33.71707157859264,9.555604276143622,50.60722326942842
23353,-38765,41.95653465,-93.71744453333334,6,1,0.3333333333333333,24.1,-83.0,1,8540.21880227836,147.0750432131523,3.9314689975513977,-0.8393831899965429,0.5435401184376619,0.4091282792975448,-0.9124768770106069,-93.36667388037357,22.712040876601076,6.837554865690489,51.16659534163852,0.6057176181584069,0.23150381880376114,33.35932502139537,8.954957573309898,44.329040475948034
23353,-38757,41.956454325,-93.69812935,4,1,1.0,,,1,9509.205693593582,138.99570173186038,3.978144241722244,-0.7546603612519865,0.6561156446504084,0.13902452168995788,-0.9902889388299146,-94.5350909162361,20.080808823529416,5.62,47.37245017470247,0.6057176181584069,0.9757026869794106,3.556025478422729,7.917509132246858,41.752450174702474
23354,-38825,41.9580241,-93.8642437,2,1,1.0,,,1,10257.072787791483,226.96070749825194,4.01102343743339,-0.6824997499724736,-0.7308858264376941,-0.06838818257502205,0.9976587876043018,-97.41921541232017,14.929195297363398,3.838407938377209,38.92844121424407,0.6057176181584069,0.999735629080825,8.56849859306008,5.886318680822752,35.09003327586686
23354,-38813,41.958382345454545,-93.83511091818181,11,2,0.36363636363636365,4.14,-106.0,2,8623.53983541333,216.15609257647318,3.93568557387783,-0.8074126734652638,-0.5899870970857544,0.3038304505446494,0.9527261187360381,-93.90477616219037,20.47642808901775,6.0491666923803855,47.88492723552457,0.6057176181584069,0.3270380818687867,6.224186504469438,8.07349483854602,41.83576054314419
23354,-38805,41.958559449999996,-93.81567855,2,1,1.0,,,1,7767.663203251766,206.62394970674586,3.8902903868098018,-0.8939669948763905,-0.4481328062881311,0.5983539758566487,0.8012318762858484,-91.83681277393153,24.949752139938187,7.738101743445818,58.89611102316542,0.6057176181584069,0.9657868095484194,16.432589348438118,9.837247700092215,51.1580092797196
23354,-38797,41.95835543571429,-93.79539682142857,14,3,0.5,,-97.0,3,7197.0801839884625,194.51558516315544,3.85715634126881,-0.9680794980932619,-0.25064334296266094,0.8743558292570038,0.48528536331142025,-90.4648896940942,30.117259785141762,8.894499999999999,62.02390334572493,0.6057176181584069,0.17997711045255196,15.188270331480412,11.874704922627721,53.12940334572493
23354,-38781,41.9581235,-93.75641745,4,1,1.0,,,1,7135.782479297668,168.527978342677,3.853441602931891,-0.9800219419782633,0.19888939951931434,0.9208860135176932,-0.3898319511116182,-90.82513709718174,29.10437951565356,8.894499999999999,61.95540882564645,0.6057176181584069,0.7016317782085348,40.86831702731024,11.475344077453558,53.06090882564645
23354,-38773,41.9583836,-93.7369038,4,1,1.0,,,1,7595.533139876083,156.4666164615153,3.8805582629361384,-0.916827586527917,0.39928332870456146,0.6811456468372102,-0.7321479411940721,-91.91743578129683,24.596841235362806,7.59222464946048,58.59666735555222,0.6057176181584069,0.9944271075185813,31.158541187925653,9.698101148058361,51.00444270609174
23354,-38765,41.958383,-93.7174539,4,1,1.0,,,1,8367.944592202144,146.31534843150905,3.92261879588021,-0.8321027243722829,0.5546215431194721,0.3847898878155511,-0.9230041940505447,-93.16510989911808,23.54946348051486,7.085126984126984,52.64646210621552,0.6057176181584069,0.9672958465198804,34.284191371685345,9.285138552189013,45.561335122088536
23354,-38757,41.958327624999995,-93.698144625,4,1,1.0,,,1,9352.043416422235,138.1650503917893,3.9709065143501943,-0.7450692857196176,0.6669870759446984,0.1102564810454823,-0.9939031685166655,-94.35718052028233,20.080808823529416,5.62,47.5171001233557,0.6057176181584069,0.9777675506195328,11.228514007459466,7.917509132246858,41.897100123355706
23355,-38826,41.9609236,-93.8642912,1,1,1.0,,,1,10042.469529689062,228.3192510852098,4.001840522693181,-0.6649794505465391,-0.746861654090517,-0.11560466070164588,0.9932953047427826,-97.4567852120936,14.826348630541828,3.766878911745065,38.82053914259754,0.6057176181584069,0.9998605402459582,5.667313259801547,5.845768052063875,35.05366023085247
23355,-38825,41.95991166666667,-93.86427526666667,3,1,1.0,,,1,10116.755895466893,227.8387800052697,4.005041271143476,-0.6712190302239454,-0.7412590731081989,-0.09893002693045255,0.9950943923927719,-97.44130405184067,14.868728034748033,3.79635344529879,38.865001696905956,0.6057176181584069,0.9996773847357724,5.667313259801547,5.862477504495325,35.068648251607165
23355,-38813,41.96005049090909,-93.83510444545455,11,2,0.2727272727272727,4.66,-102.5,2,8474.07909385809,216.8923935914903,3.928092513224779,-0.799764361351328,-0.6003140564007331,0.27924606737539504,0.9602195758551146,-93.81857518865722,20.83456074380262,6.175462064761823,47.95501288919637,0.6057176181584069,0.3249910827515378,8.701199886397237,8.21470023468985,41.779550824434544
23355,-38805,41.9604548,-93.8156711,2,1,1.0,,,1,7579.514979017425,207.33304502849222,3.8796414155692838,-0.8883525612470748,-0.4591619833193533,0.5783405461484759,0.8157954478180683,-91.63714072008602,25.823776161663847,8.09938296969779,59.51970844159027,0.6057176181584069,0.9780857859314694,14.642248641394083,10.181859973164975,51.420325471892475
23355,-38797,41.960123333333335,-93.7954072,12,3,1.0,,,3,7007.1550233704775,194.92486896631988,3.84554172574955,-0.9662643810028304,-0.2575522199578505,0.867333707989566,0.49772707278695444,-90.19465983608235,30.877044558219737,8.89867285187446,62.02390334572493,0.6057176181584069,0.9778659138230678,19.089861530137785,12.17427467264388,53.125230493850474
23355,-38781,41.96004467777777,-93.75643813333333,9,1,0.1111111111111111,52.4,-85.5,1,6926.19674770292,168.19071581961748,3.8404948240930383,-0.9788342394695958,0.20465466435431637,0.9162329367160442,-0.40064598547432534,-90.52717393710977,29.942139908329917,8.894499999999999,62.02390334572493,0.6057176181584069,0.10131620031355335,49.275569247076746,11.80565824049054,53.12940334572493
23355,-38773,41.96000985,-93.73690935,4,1,1.0,,,1,7429.874634727497,155.9136063881748,3.8709814859132803,-0.912931120288364,0.40811367241129354,0.6668864607819347,-0.7451593443188813,-91.70483973210091,25.527437432189537,7.9768902041567955,59.31663729151941,0.6057176181584069,0.9790749637595556,31.27045677693888,10.065018833075932,51.33974708736262
23355,-38765,41.96013775,-93.71747535,4,1,1.0,,,1,8205.224629208127,145.57071569376092,3.9140904749552545,-0.8248246316099664,0.5653886513624793,0.3606713458210336,-0.9326929721530255,-92.96982449030969,24.23543307086615,7.085126984126984,54.08023208983196,0.6057176181584069,0.9714746844218398,40.707412905951664,9.555604276143622,46.99510510570497
23355,-38757,41.96023713333333,-93.69815686666668,3,1,1.0,,,1,9194.122507978795,137.288044186872,3.963510286251871,-0.7347730687229502,0.6783130084846218,0.07978292504108267,-0.9968122615978844,-94.17333069957172,20.080808823529416,5.655700192953212,47.66657911800987,0.6057176181584069,0.9116421489805859,13.235711698540367,7.917509132246858,42.01087892505666
23356,-38826,41.962030325,-93.8643108,4,1,1.0,,,1,9962.180796364391,228.85357278631776,3.9983544191621654,-0.6579856481617699,-0.753030468715002,-0.13410977362627124,0.9909664820860039,-97.47712137753805,14.77067873492071,3.728160948688428,38.76213280575165,0.6057176181584069,0.997396860520872,8.085740354707637,5.823818393021507,35.03397185706322
23356,-38813,41.961832515384614,-93.83509519230769,13,2,0.07692307692307693,22.3,-87.0,2,8315.900322639232,217.70699698024518,3.919909275081366,-0.7911488471758817,-0.6116236601148399,0.2518329967754534,0.9677707072106979,-93.7318922733862,21.194695685417464,6.302463542988177,48.48519086517862,0.6057176181584069,0.03403340651416728,15.80951513336919,8.356695097254136,42.182727322190445
23356,-38805,41.96233555,-93.81566805,2,1,1.0,,,1,7394.190527591491,208.0746922357445,3.8688906369343523,-0.882334827702136,-0.47062219648444326,0.5570294963523162,0.8304927092958041,-91.44041123545354,26.684919681946084,8.45533999061844,60.10982167231777,0.6057176181584069,0.9004184554346727,18.090492823178334,10.52139369144931,51.65448168169933
23356,-38797,41.961978540000004,-93.79541145,10,3,1.0,,,3,6808.111221744029,195.37443879534112,3.833026642052316,-0.9642137800908634,-0.26512598190839004,0.8594164274342241,0.5112762504323812,-89.90445777793036,31.424354838709696,9.297348293619956,62.02390334572493,0.6057176181584069,0.9721964067712313,19.62301909395898,12.390069473641852,52.72655505210498
23356,-38781,41.9619156,-93.75644849999999,3,1,0.6666666666666666,,-88.0,1,6722.50849024684,167.83533989657394,3.827531359391438,-0.977546052971409,0.21072188856409607,0.9111925713599613,-0.4119807008810264,-90.22953326968428,30.778993572919173,8.894499999999999,62.02390334572493,0.6057176181584069,0.5813623832212276,48.38447631592065,12.135614896617659,53.12940334572493
23356,-38773,41.9619415,-93.73692323333334,3,1,1.0,,,1,7233.798409049101,155.22825133288177,3.859366401708227,-0.9079841910918335,0.41900442566553986,0.6488705825453822,-0.7608987890036468,-91.44687614674709,26.6566208406207,8.443642554573854,60.09042941041599,0.6057176181584069,0.9311624248297075,27.786439370916977,10.510235956888181,51.64678685584214
23356,-38765,41.962157733333335,-93.71750033333335,3,1,1.0,,,1,8019.686070724375,144.6764369307072,3.9041573682317274,-0.8158998753074345,0.5781932146551989,0.33138521305337426,-0.943495543481563,-92.74106564649196,24.23543307086615,7.085126984126984,55.53760573468825,0.6057176181584069,0.9849497424220105,48.482629645605876,9.555604276143622,48.45247875056126
23356,-38757,41.961955425,-93.6981717,4,1,0.25,,-103.0,1,9053.700676815417,136.47432826190288,3.956826132244918,-0.725065876569733,0.6886795151840692,0.05144105073167073,-0.9986760327051118,-94.00527239092192,20.080808823529416,5.901926955862803,47.803218832550535,0.6057176181584069,0.3444809465173963,13.625124813642193,7.917509132246858,41.90129187668773
23357,-38826,41.963703949999996,-93.8643439,4,1,1.0,,-100.0,1,9842.662772454969,229.6791073555205,3.9931126056410298,-0.6470678400289896,-0.7624324300554233,-0.1626064208004357,0.9866910113680329,-97.51478811026726,14.667566715835719,3.656447371698878,38.653952338510784,0.6057176181584069,0.9853944967958918,4.991922877124129,5.783163140540181,34.9975049668119
23357,-38813,41.96382910769231,-93.83509384615384,13,1,0.5384615384615384,0.518,-109.5,1,8141.220029560668,218.66116757413377,3.9106894924079483,-0.7808539885766818,-0.6247135731868544,0.21946590295222534,0.9756201706818922,-93.6437609783203,21.56084810084741,6.431587081535272,49.13224384396366,0.6057176181584069,0.5746181205574109,5.849549958211319,8.501062543726906,42.70065676242839
23357,-38805,41.96372043333333,-93.8156671,3,1,0.3333333333333333,,-100.0,1,7258.605933745655,208.64568536439182,3.8608532194029865,-0.8776010066115657,-0.47939177422476353,0.5403670536112667,0.8414294072419137,-91.29667723306166,27.314086199792797,8.715408416009735,60.540968720129776,0.6057176181584069,0.6308689473147012,18.488011151347454,10.769462964680894,51.82556030412004
23357,-38797,41.96382733846154,-93.7954244923077,13,3,1.0,,,3,6610.3957145018385,195.85543252712276,3.8202274581967712,-0.9619541175202198,-0.2732110462369619,0.8507114484282093,0.5256329817593053,-89.60909026704368,31.424354838709696,9.703119960540205,62.02390334572493,0.6057176181584069,0.991926356470998,19.806097707426293,12.390069473641852,52.320783385184725
23357,-38781,41.96367745,-93.756478,4,1,1.0,,,1,6530.592501471761,167.49440597579803,3.814952585325059,-0.9762748705709992,0.2165349327281372,0.9062252458168422,-0.4227952268465243,-89.94059889243329,31.424354838709696,9.247698146817473,62.02390334572493,0.6057176181584069,0.9478946662184518,40.90244837538829,12.390069473641852,52.77620519890746
23357,-38773,41.963824349999996,-93.736935125,4,1,1.0,,,1,7043.784877651542,154.52258969984769,3.847806083826257,-0.9027549494967891,0.4301552058955577,0.6299329976819006,-0.7766494823480503,-91.1901442412504,27.78041281964814,8.894499999999999,60.86052696069681,0.6057176181584069,0.9658231059269674,33.94484808397732,10.953327335073597,51.96602696069681
23357,-38765,41.96381,-93.7175246,5,1,1.0,,,1,7869.251189385303,143.91561256820603,3.8959334083704853,-0.8081504044385078,0.5889761657366758,0.30621415238824756,-0.9519626530894724,-92.55044423293997,24.23543307086615,7.085126984126984,56.245596878469264,0.6057176181584069,0.9728285875850828,51.370019545616216,9.555604276143622,49.16046989434228
23357,-38757,41.9635834,-93.698188775,4,1,1.0,,,1,8922.221450511406,135.68105374702316,3.950472998275871,-0.7154617464569487,0.6986519085759179,0.023771021286454492,-0.9997174293504134,-93.84371761947058,20.730103391108447,6.1386252109306225,47.93457084978281,0.6057176181584069,0.7697654624518224,19.909234271792368,8.173514540868725,41.79594563885219
23358,-38829,41.96534211111111,-93.87288183333334,9,1,1.0,,,1,10279.647499565319,233.00358977894177,4.0119782224784775,-0.6017649846913389,-0.7986732142744195,-0.27575780639886555,0.9612271491224568,-98.65953292921688,13.339307692307694,2.356258620689655,37.82819819819824,0.6517012410466736,0.9966003483437925,1.7988347603527384,4.64606431452733,35.47193957750858
23358,-38828,41.965077823076925,-93.87065004615384,13,2,0.9230769230769231,,-108.0,2,10151.006463249863,232.24350778313618,4.006509104295127,-0.6123068695824507,-0.7906201979851891,-0.2501605949242792,0.9682043569139371,-98.36546778202985,13.339307692307694,2.356258620689655,37.82819819819824,0.6517012410466736,0.9559556295910494,5.8470862320880865,4.64606431452733,35.47193957750858
23358,-38827,41.96512575,-93.86798695,6,2,1.0,,,2,9974.666216674841,231.49212963506093,3.9988983717591218,-0.6226221327801006,-0.7825226385047009,-0.2246833595447177,0.9744318282690171,-98.02448221726509,13.339307692307694,2.6860423236665296,37.82819819819824,0.6517012410466736,0.9592730751102864,1.8635103651367233,4.64606431452733,35.14215587453171
23358,-38826,41.9650690875,-93.8651567375,8,2,0.25,,-107.0,2,9796.803562852598,230.61004631286545,3.991084400033735,-0.6345950113849168,-0.7728448560515735,-0.19457834305075464,0.9808869804496453,-97.65449544942875,14.285120329378552,3.3904589968910743,38.25270688576277,0.6166666666666667,0.10609678667172841,3.006641644401259,5.475962792928445,34.86224788887169
23358,-38825,41.9652193,-93.86270693333334,3,1,1.0,,,1,9630.484332429607,229.9210667455658,3.983648129036503,-0.6438423368116152,-0.7651581832072102,-0.1709340906579174,0.9852824654133204,-97.33610054327762,15.156720791134628,3.996650082789121,39.16715067259622,0.6057176181584069,0.9303224160300754,1.1707320214881953,5.976027974436557,35.1705005898071
23358,-38824,41.965230625000004,-93.8602459,4,1,0.5,,-108.5,1,9475.010460180274,229.13369603337654,3.976579698090882,-0.6542961780054638,-0.7562383959092809,-0.14379302289488471,0.9896077842088506,-97.00940156732457,16.051053498080503,4.2601555555555555,40.105444103029846,0.6057176181584069,0.14284705166384407,6.411695138109907,6.328647604290016,35.84528854747429
23358,-38823,41.9652375,-93.85825415000001,4,1,0.5,,-107.0,1,9350.698793731719,228.47624577891023,3.970844067655568,-0.6629305003397246,-0.7486809412021402,-0.121046303438645,0.9926468618919013,-96.74295262834639,16.69327894990775,4.2601555555555555,41.083342748663355,0.6057176181584069,0.936547632703553,7.085882400815266,6.581865785115757,36.8231871931078
23358,-38822,41.9652167,-93.85591435555556,9,2,1.0,,,2,9208.4443316304,227.66662174675633,3.964186266977021,-0.6734432790826519,-0.7392388990430668,-0.09294829971681089,0.9956709363940247,-96.42753571908253,17.44975818945003,4.2601555555555555,43.11934402119505,0.6057176181584069,0.9892848533947237,6.530370921332311,6.880132221496204,38.85918846563949
23358,-38821,41.96536843333333,-93.85342764444445,9,3,1.0,,,3,9046.094295137234,226.86764700638994,3.9564611104543763,-0.6836859627315928,-0.7297763385885947,-0.06514700872755026,0.9978756772533603,-96.09178868081787,18.25499613556328,4.404174830028459,45.28657531754809,0.6057176181584069,0.9827044350936033,8.82367424525235,7.197623356838969,40.88240048751963
23358,-38820,41.96523438,-93.8510741,5,2,0.8,,-109.0,2,8915.574996797126,225.9419575958441,3.950149357593632,-0.6953867274533012,-0.7186357208501315,-0.03287459856357624,0.9994594843060342,-95.7702370072881,18.84406115982221,4.841435086879728,47.155193798449645,0.6057176181584069,0.8231685894786133,10.478127613112056,7.429881317663355,42.31375871156992
23358,-38819,41.96522779473684,-93.84848956842104,19,2,0.10526315789473684,5.69,-105.0,2,8763.925150355914,224.96611346458525,3.9426986597460143,-0.7075248627978827,-0.7066884522353802,0.0011828629543254717,0.999999300417371,-95.41693570840863,19.41134701059213,5.321869895375984,47.155193798449645,0.6057176181584069,0.02988508325943616,5.839552537990884,7.653552134089954,41.83332390307366
23358,-38818,41.96520306,-93.8461188,5,2,0.0,,-88.0,2,8628.620071355814,224.0314949569705,3.9359413468955022,-0.7189578444363046,-0.695053679886311,0.03380076415299525,0.9994285909171668,-95.0923293707748,19.93255817792705,5.62,47.155193798449645,0.6057176181584069,0.009792682161332276,15.688340586408863,7.859056514589203,41.53519379844965
23358,-38817,41.96518223333333,-93.84373833333332,6,2,0.5,,-86.0,2,8494.81488408911,223.06543409054188,3.9291539193210654,-0.7305743552248528,-0.6828331505483536,0.06747777702441886,0.9977207773760366,-94.76639696878003,20.080808823529416,5.62,47.18438691710421,0.6057176181584069,0.5328215416948451,20.578862019263127,7.917509132246858,41.564386917104216
23358,-38816,41.96569376666667,-93.84099287777778,9,3,0.7777777777777778,31.5,-90.0,3,8299.339072697345,222.1875849991823,3.91904350821831,-0.7409501290859629,-0.6715600540588272,0.09801418758501008,0.9951850174877285,-94.37987630783503,20.080808823529416,5.62,47.49864732588681,0.6057176181584069,0.8569889958155626,19.40222031240869,7.917509132246858,41.87864732588681
23358,-38815,41.96516018333333,-93.83920548333333,6,2,1.0,,,2,8245.527373701956,221.14949423869206,3.9162184378051696,-0.7529952458718834,-0.6580259567025771,0.1340036806113163,0.9909808341146766,-94.1473895507273,20.080808823529416,5.693707270124433,47.68767055467514,0.6057176181584069,0.9103958535602268,17.315556150677157,7.917509132246858,41.9939632845507
23358,-38814,41.96513412,-93.8361937,5,2,0.8,26.25,-86.0,2,8086.216819748723,219.8064160115835,3.907745382107475,-0.7682118389552021,-0.6401957282652444,0.18029885902186665,0.9836118754038166,-93.73957420891323,21.16278012981038,6.291208531957219,48.42879070378427,0.6057176181584069,0.8902127695127573,19.842519886721224,8.344111355971576,42.137582171827056
23358,-38813,41.965130555555554,-93.8338633,9,2,0.0,21.0,-92.0,2,7964.659467989783,218.7391058242363,3.901167212110223,-0.7800034816056362,-0.6257751742303989,0.21681086263382804,0.9762136292041693,-93.42622595381202,22.464624388314498,6.750303515935099,50.72936874145789,0.6057176181584069,0.039986094488196046,21.952770591994827,8.857405611001383,43.97906522552279
23358,-38812,41.96513949,-93.83152935,10,2,0.0,23.8,-96.0,2,7844.666605759068,217.64362589258144,3.8945744910260953,-0.7918248397702544,-0.6107482485630319,0.2539731537543781,0.9672112681167724,-93.11490757640208,23.75803526774339,7.085126984126984,53.0150435781095,0.6057176181584069,0.010417834119963392,26.42756929492712,9.367374733242437,45.92991659398251
23358,-38811,41.96514684,-93.82931046,5,2,0.0,6.21,-97.0,2,7733.426619740735,216.5704606579909,3.8883719689894636,-0.8031247574500282,-0.5958108961498048,0.2900187520583332,0.9570209629127917,-92.82245673451072,24.23543307086615,7.085126984126984,55.16219446534561,0.6057176181584069,0.1080945766846563,13.81509328443874,9.555604276143622,48.07706748121862
23358,-38810,41.965158100000004,-93.82688130000001,6,2,0.6666666666666666,,-88.0,2,7614.554540708482,215.36170047363763,3.881644501740226,-0.8155148357313358,-0.5787361684758371,0.330128894595815,0.9439358627327099,-92.5068383624138,24.23543307086615,7.085126984126984,56.40755439192022,0.6057176181584069,0.7113858347898394,6.2483558297548045,9.555604276143622,49.322427407793235
23358,-38809,41.965162400000004,-93.82409022499999,8,2,0.375,0.757,-108.0,2,7483.08906246552,213.92212182752425,3.874080914153563,-0.8297968785583412,-0.5580655340861265,0.3771257193303328,0.9261620764313226,-92.15217830782771,24.23543307086615,7.16748785627765,57.72480502510464,0.6057176181584069,0.09998337940708953,0.0,9.555604276143622,50.557317168826984
23358,-38808,41.96517026666666,-93.82207984444445,18,2,0.0,1.04,-108.5,2,7390.961909340973,212.85620392786032,3.8687009640691397,-0.8400348139646499,-0.5425324979458613,0.41131697734524786,0.9114923719634569,-91.90217499827763,24.663642225747996,7.619837098456541,58.65334776214149,0.6057176181584069,0.019151858289805476,1.9860446655015176,9.724439601656812,51.03351066368495
23358,-38807,41.9651603,-93.819856025,8,2,0.0,,-109.5,2,7293.8761573971515,211.63769042013672,3.862958385161525,-0.851382060465319,-0.5245460772113618,0.44970282576434406,0.893178240050419,-91.63375217240817,25.838608843614935,8.10551411642913,59.5298727889497,0.6057176181584069,0.16181775842820245,1.2467269906476235,10.18770823833375,51.42435867252057
23358,-38806,41.965163412500004,-93.8171059,8,2,0.75,,-108.0,2,7177.020723394724,210.0930146450173,3.855944200244157,-0.8652125570469541,-0.5014052563827698,0.49718553774345775,0.8676442479834398,-91.31141198095088,27.249587821771325,8.68874776078326,60.4967701105665,0.6057176181584069,0.7123505774974156,5.107794715957806,10.744032390569668,51.80802234978324
23358,-38805,41.96544385555555,-93.81560891111111,9,3,0.8888888888888888,,-95.0,3,7088.61758851946,209.35345416962107,3.8505615479875948,-0.8716123230002862,-0.4901958367775523,0.5194160832119106,0.854521464037503,-91.11301439942093,28.118033098763465,8.894499999999999,61.091886994158614,0.6057176181584069,0.8684316862896752,7.888346212433394,11.08644506288121,52.19738699415861
23358,-38804,41.96515745,-93.8123137,2,1,1.0,,,1,6987.530123078768,207.27742777515357,3.844323693131859,-0.8887978531064914,-0.45829943957339914,0.5799232473734165,0.8146711159454907,-90.78464027658237,29.218241351188123,8.894499999999999,62.02390334572493,0.6057176181584069,0.8275836051592403,11.534291985610482,11.520237793168981,53.12940334572493
23358,-38803,41.9651528,-93.8097036,2,1,1.0,,,1,6891.849496681966,205.68032491170692,3.8383357848128137,-0.9012258845838723,-0.43334963361703316,0.6244161900879662,0.7810918137812154,-90.5188303173049,29.965599030599847,8.894499999999999,62.02390334572493,0.6057176181584069,0.85212955628361,16.697332943011865,11.814907759095043,53.12940334572493
23358,-38802,41.9651506,-93.80703795,2,1,1.0,7.76,,1,6799.54906039736,204.00517506003575,3.832480111665805,-0.9135087167156632,-0.4068191545201653,0.6689963510309958,0.7432656875621346,-90.26429013959776,30.681270320890686,8.894499999999999,62.02390334572493,0.6057176181584069,0.85212955628361,9.859064976279644,12.09708434004656,53.12940334572493
23358,-38801,41.965148075,-93.80494275,4,1,0.0,8.8,-102.5,1,6731.256133458296,202.65687300070235,3.82809611636735,-0.9228283027049548,-0.3852115311445029,0.7032241525466153,0.710968206936917,-90.07755313702694,31.206304571981157,9.059552362083922,62.02390334572493,0.6057176181584069,0.3860836394581714,12.356631954717837,12.304096095114929,52.96435098364101
23358,-38800,41.965145500000006,-93.80305275,2,1,0.0,4.66,-95.0,1,6672.938247846823,201.41746465481134,3.824317105857296,-0.9309445524277498,-0.3651605678398157,0.7333155193898067,0.6798884827838003,-89.91979763990823,31.424354838709696,9.276274610375673,62.02390334572493,0.6057176181584069,0.38250711595195663,10.868549577180717,12.390069473641852,52.74762873534926
23358,-38799,41.96514225,-93.80083325000001,2,1,1.0,,,1,6608.534418148762,199.93483536930842,3.8201051562052246,-0.9400810052262264,-0.3409511748225071,0.7675045927743044,0.6410434463204107,-89.74817107615752,31.424354838709696,9.51205273184832,62.02390334572493,0.6057176181584069,0.9136651037877717,4.888818382602959,12.390069473641852,52.51185061387661
23358,-38798,41.96513455,-93.79761205,2,1,1.0,,,1,6523.4287118493085,197.73248876785004,3.814475920768747,-0.9524889304270265,-0.3045732053447562,0.814470325172042,0.5802052131911158,-89.52713028484945,31.424354838709696,9.815715413221756,62.02390334572493,0.6057176181584069,0.9370970667335348,8.438801992669605,12.390069473641852,52.20818793250318
23358,-38797,41.96502177692308,-93.79541547115385,52,3,0.8076923076923077,9.32,-96.5,3,6482.517858568391,196.16952406342693,3.8117437218728623,-0.9604419467110252,-0.2784802811653568,0.8448974660041277,0.5349282867261778,-89.41372147810442,31.424354838709696,9.971514811802285,62.02390334572493,0.6057176181584069,0.965200791908837,16.794935000792854,12.390069473641852,52.052388533922645
23358,-38796,41.9651643,-93.79265506666667,3,1,1.0,,,1,6407.392830471732,194.24834455436985,3.806681350943056,-0.9692380214035875,-0.2461252889600313,0.8788446842686822,0.4771079761780139,-89.2476604834338,31.424354838709696,10.199647033980833,62.02390334572493,0.570556271214166,0.8208835583130871,12.761139536829166,13.494992116624658,51.8242563117441
23358,-38795,41.965188000000005,-93.79030616666667,3,1,1.0,,,1,6359.846278406817,192.558077760895,3.80344661859708,-0.9760761119797683,-0.21742912321595495,0.9054491527550822,0.4244547464395986,-89.14321801085222,31.424354838709696,10.401382911427518,62.02390334572493,0.570556271214166,0.9440295116786621,23.652346835949043,13.494992116624658,51.622520434297414
23358,-38794,41.96520795,-93.78821425000001,2,1,1.0,,,1,6322.34742112865,191.03228432899047,3.8008783572000784,-0.9815195128899684,-0.19136208040319594,0.9267611083675216,0.37565123188591165,-89.06682324621593,31.424354838709696,10.58802127427278,62.02390334572493,0.570556271214166,0.9689351486644572,31.298120241734306,13.494992116624658,51.435882071452156
23358,-38793,41.96523296666667,-93.78534043333333,3,1,1.0,,,1,6278.497800594186,188.90834791084595,3.7978557464516873,-0.9879373142073845,-0.15485432895692536,0.9520402736066007,0.30597273968618327,-88.98776628378982,31.5026976410241,10.78116359376255,62.02390334572493,0.570556271214166,0.8952351675681394,47.15678857132909,13.528635941774088,51.24273975196238
23358,-38792,41.9652347,-93.78309689999999,3,1,1.0,,,1,6252.291150963999,187.228998973371,3.7960391936454423,-0.9920511396402817,-0.12583535408786445,0.9683309273231635,0.24967021285980864,-88.94981312267679,31.74574373978942,10.873886123750912,62.02390334572493,0.570556271214166,0.9072813370774488,30.173343685334917,13.633010564694716,51.15001722197402
23358,-38791,41.9652343,-93.78097883333334,3,1,1.0,,,1,6232.738054653021,185.63169068062936,3.794678875037472,-0.9951732739935655,-0.09813335176650094,0.9807396905421444,0.195319377930862,-88.9307215983683,31.86800287095488,10.920528205287805,62.02390334572493,0.570556271214166,0.9839913196111509,33.079863373732444,13.685513981860527,51.10337514043712
23358,-38790,41.9652258,-93.77918155,2,1,1.0,,,1,6220.867650394768,184.26868116774196,3.7938509617807563,-0.9972259691759605,-0.07443363756438576,0.9889192671978673,0.14845431271887352,-88.92828434264672,31.883610674822858,10.926482610931606,62.02390334572493,0.570556271214166,0.9611602164249602,18.078883311732852,13.69221665535175,51.097420734793324
23358,-38789,41.965226300000005,-93.77624908333333,6,1,1.0,,,1,6207.4875086946795,182.0364810221461,3.79291585429822,-0.9993684034453257,-0.03553581566730396,0.9974744116097188,0.07102674273712191,-88.94503293526108,31.776355311228592,10.88556449408958,62.02390334572493,0.570556271214166,0.9985169103907529,32.09721711418248,13.646156512077548,51.13833885163535
23358,-38788,41.96521883333333,-93.77380866666665,3,1,1.0,,,1,6204.429081752334,180.17376611749876,3.792701824827176,-0.9999954010932679,-0.0030327862295851716,0.9999816044153713,0.006065544564168327,-88.98167684950562,31.541693424328052,10.796040556220238,62.02390334572493,0.570556271214166,0.9987050984168963,31.150381961769376,13.545382436363061,51.2278627895047
23358,-38787,41.96521855,-93.77162605000001,2,1,1.0,,,1,6206.535428862055,178.50764708851773,3.792849238823038,-0.9996608098273267,0.026043526938057022,0.9986434694092534,-0.05206938645931577,-89.0287224772651,31.424354838709696,10.68110442171077,62.02390334572493,0.570556271214166,0.9987466344596404,31.150381961769376,13.494992116624658,51.34279892401416
23358,-38786,41.9652223,-93.76858386666667,3,1,1.0,,,1,6217.745497131785,176.18992638916757,3.793632941661284,-0.9977898007469758,0.06644933051062538,0.9911689729493793,-0.13260492849993366,-89.11630909431719,31.424354838709696,10.467123491321301,62.02390334572493,0.570556271214166,0.9759582948275657,39.65948132720223,13.494992116624658,51.55677985440363
23358,-38785,41.965225950000004,-93.7664517,2,1,1.0,,,1,6231.525903624127,174.57218014398643,3.794594404665775,-0.9955161531382534,0.09459169541145658,0.9821048223183725,-0.18833512146967724,-89.19216411101041,31.424354838709696,10.28180377475923,62.02390334572493,0.570556271214166,0.9764905944764286,43.12498686472512,13.494992116624658,51.742099570965706
23358,-38784,41.9652216,-93.76391804,5,1,0.4,,-98.0,1,6255.277856443614,172.66207325187804,3.7962466056105892,-0.9918101152959623,0.12772116189813668,0.9673746096067799,-0.2533502806158504,-89.29817498514835,31.424354838709696,10.13025093316115,62.02390334572493,0.570556271214166,0.7214670330994412,41.55109165452395,13.494992116624658,51.89365241256378
23358,-38783,41.96521465,-93.76155175,2,1,1.0,,,1,6284.00108493893,170.89345572708964,3.798236251349309,-0.9873957356364562,0.15827084774822375,0.9499006775061172,-0.31255192028432593,-89.41038710097686,31.424354838709696,9.976095531466145,62.02390334572493,0.6057176181584069,0.8841195887955228,53.125984234688005,12.390069473641852,52.04780781425879
23358,-38782,41.965211733333334,-93.75905003333334,3,1,1.0,,-80.0,1,6320.325457682253,169.0421180468635,3.8007394423387537,-0.9817671816380273,0.19008735112711903,0.9277335978829507,-0.3732430459622195,-89.54010818613612,31.424354838709696,9.797886557832731,62.02390334572493,0.6057176181584069,0.8835137377970251,41.77947931953385,12.390069473641852,52.2260167878922
23358,-38781,41.96524577,-93.75662387,10,2,0.8,,-96.0,2,6357.776957942475,167.2605227023082,3.8033052880276514,-0.9753828364237178,0.2205183040249106,0.9027433551799542,-0.4301795377263301,-89.66992887210874,31.424354838709696,9.619540754024777,62.02390334572493,0.6057176181584069,0.9258446503999409,35.50594997789849,12.390069473641852,52.404362591700156
23358,-38780,41.96519845,-93.754506375,4,1,0.25,,-95.0,1,6403.726786979417,165.74278629306843,3.8064327946029186,-0.9691999106023292,0.24627532009610104,0.8786969334231259,-0.4773800364414023,-89.80344369972389,31.424354838709696,9.436119991201753,62.02390334572493,0.6057176181584069,0.37095595508869406,23.44680794373101,12.390069473641852,52.58778335452318
23358,-38779,41.96517790000001,-93.7519679,3,1,1.0,,,1,6460.766971345125,163.94343319468328,3.8102840770742157,-0.960989097082278,0.2765862528922724,0.8470000894220239,-0.531592746864631,-89.96481953344826,31.424354838709696,9.214424176200255,62.02390334572493,0.6057176181584069,0.9725069681884905,23.114969019823757,12.390069473641852,52.80947916952468
23358,-38778,41.96515985,-93.74949995,2,1,1.0,,,1,6522.012654596807,162.2252862070835,3.8143816371280543,-0.9522642117804072,0.3052750742563825,0.8136142580755202,-0.5814050559259187,-90.12792981226724,31.064664299335206,8.990345605305585,62.02390334572493,0.6057176181584069,0.9816704452296712,21.37397159695493,12.24824983105139,53.03355774041935
23358,-38777,41.9651375,-93.7465739,1,1,1.0,,,1,6602.158830651338,160.2319980001962,3.8196859681078488,-0.9410697973403804,0.3382124133347789,0.7712247269325293,-0.6365629745499227,-90.32815631561392,30.501702643178067,8.894499999999999,62.02390334572493,0.6057176181584069,0.9624653332726419,24.560544785095587,12.026283968376266,53.12940334572493
23358,-38776,41.96512906666667,-93.74460950000001,3,1,1.0,,,1,6659.669543673941,158.91947831747643,3.823452679782987,-0.9330758657039228,0.35967961971854223,0.7412611423182497,-0.671216745089873,-90.46480238545091,30.117505264224704,8.894499999999999,62.02390334572493,0.6057176181584069,0.932276864196757,29.336033637624748,11.874801710705237,53.12940334572493
23358,-38775,41.9651193,-93.7420712,2,1,1.0,,,1,6738.932985080893,157.25743813412316,3.828591137577477,-0.9222511666895084,0.3865912383123042,0.7010944289203185,-0.7130684411309286,-90.64415891129968,29.613222139130173,8.894499999999999,62.02390334572493,0.6057176181584069,0.812644105721929,32.90644319851915,11.675971759020442,53.12940334572493
23358,-38774,41.965110425,-93.739593975,4,1,0.5,29.5,-90.0,1,6821.5567308673235,155.67364650303534,3.833883495254188,-0.91121390202765,0.41193351982030346,0.6606215504969113,-0.750719099942886,-90.82148298573529,29.114653503348958,8.894499999999999,61.966369762768466,0.6057176181584069,0.774693817029276,30.9482264394909,11.479394929793111,53.071869762768465
23358,-38773,41.96532416,-93.73723109,10,2,0.5,31.6,-92.0,2,6882.862657630642,154.10987729070553,3.837769103619076,-0.8996330663916179,0.4366467059933176,0.6186793082903705,-0.7856436300851352,-90.96099125389904,28.722408698688433,8.894499999999999,61.54789830185293,0.6057176181584069,0.5937711534097107,26.49244607822719,11.324739713946569,52.65339830185293
23358,-38768,41.96508435,-93.72481655,2,1,0.5,,-97.0,1,7410.9127187080085,147.04107454673795,3.8698716984365547,-0.8390607965472996,0.5440376638592325,0.4080460406051776,-0.9129613511789192,-91.88818057111239,24.72489999956835,7.645158237341934,58.70532476887258,0.6057176181584069,0.3939053528182723,42.0478744825465,9.748592462625014,51.06016653153065
23358,-38767,41.9650774,-93.7224958,1,1,1.0,,,1,7517.572805311637,145.8166657883187,3.8760776427974286,-0.8272440340939703,0.5618427787699457,0.36866538388813164,-0.9295621736724319,-92.05410355338523,24.23543307086615,7.344941670504244,58.089066606633814,0.6057176181584069,0.9518322946381126,40.81671302674455,9.555604276143622,50.74412493612957
23358,-38766,41.965065375,-93.72044305,4,1,1.0,,,1,7615.231451776836,144.76547213334322,3.881683107501602,-0.81679737748062,0.5769246433814225,0.334315911718437,-0.9424610714357756,-92.20054913426537,24.23543307086615,7.085126984126984,57.54514988512271,0.6057176181584069,0.9804747816380301,47.92644959001925,9.555604276143622,50.460022900995725
23358,-38765,41.96524732666667,-93.71785002,15,2,0.4666666666666667,62.9,-79.0,2,7724.534079683896,143.37937523609298,3.8878722935694117,-0.8026028000911634,0.5965138265671838,0.2883425094283517,-0.9575273349918324,-92.36090004173295,24.23543307086615,7.085126984126984,56.94958708727716,0.6057176181584069,0.17887191888220744,58.45702999742222,9.555604276143622,49.86446010315017
23358,-38764,41.96505395,-93.7156093,2,1,1.0,,,1,7853.389292568323,142.38748457842723,3.8950571259667575,-0.7921563472043105,0.610318213380466,0.2550233568321521,-0.9669348930874616,-92.53903384628754,24.23543307086615,7.085126984126984,56.28797644405172,0.6057176181584069,0.717282206566531,49.41494187877932,9.555604276143622,49.202849459924735
23358,-38763,41.96504256666666,-93.71332146666667,3,1,1.0,,,1,7971.130195553091,141.31534954730512,3.9015199026876495,-0.7805978819250361,0.6250335564864877,0.21866610653170515,-0.9757997406508494,-92.69761484016118,24.23543307086615,7.085126984126984,55.698987320833865,0.6057176181584069,0.8190586469853222,45.630764401690996,9.555604276143622,48.61386033670688
23358,-38762,41.96503096666667,-93.71072246666667,3,1,1.0,,,1,8108.047071885912,140.13495219238644,3.908916261358041,-0.7675563131017644,0.6409815178440219,0.1782853875647477,-0.9839788212054605,-92.87569081526544,24.23543307086615,7.085126984126984,54.77135406637642,0.6057176181584069,0.9331155829564468,43.07101676172023,9.555604276143622,47.68622708224943
23358,-38761,41.96502102,-93.70811594,5,1,0.4,6.21,-103.0,1,8248.554477565416,138.99009257500563,3.9163778470442727,-0.7545961250587945,0.6561895214389303,0.13883062390749543,-0.990316140364003,-93.05199964961645,24.01939406571664,7.085126984126984,53.47690858741642,0.6057176181584069,0.8385103458310246,6.148141883629536,9.470423902622585,46.39178160328943
23358,-38760,41.96501083333333,-93.70556850000001,3,1,0.3333333333333333,,-105.5,1,8388.986641605012,137.9088674901127,3.9237095028383497,-0.7420795919377312,0.6703117776300296,0.10136424154093938,-0.9948493808294953,-93.22231007338603,23.311818249549358,7.049066174839236,52.2265029632183,0.6057176181584069,0.6202555214949366,17.05659317437896,9.19143922449064,45.17743678837907
23358,-38759,41.96500243333333,-93.70322993333333,3,1,1.0,21.0,,1,8520.369349169532,136.94747088887743,3.930458421389875,-0.7307281341941742,0.6826685827669976,0.06792721220579799,-0.9976902795166186,-93.3767641652529,22.670119534378895,6.82277131703624,51.09251327030317,0.6057176181584069,0.8069862597690203,18.524025573908233,8.938428726648539,44.26974195326693
23358,-38758,41.9649944,-93.70110718333335,6,1,0.0,31.45,-96.5,1,8641.673309967058,136.10050843896198,3.936597844206133,-0.7205572648539724,0.6933954341255517,0.03840554386767536,-0.9992622349514806,-93.5155276090292,22.09360956622188,6.619465251149197,50.07372307126195,0.6057176181584069,0.08584655662830909,28.598884909381464,8.71112100324817,43.45425782011276
23358,-38757,41.965257741176465,-93.6983897647059,17,2,0.17647058823529413,28.5,-93.0,2,8778.098007820543,134.9104570728207,3.9434004254515416,-0.7060008382739607,0.7082109970598204,-0.0031256327129297588,-0.9999951151981413,-93.66359770573796,21.47843395213021,6.4025237569189155,48.986604164490515,0.6057176181584069,0.09019577867420489,22.370789505067354,8.468568096873241,42.5840804075716
23358,-38756,41.964971266666666,-93.69609413333335,3,1,0.0,,-96.0,1,8935.603765762164,134.1949800784637,3.951123902480166,-0.6971022886588736,0.7169716864329864,-0.028096798293121124,-0.9996052070320941,-93.8381148890306,20.75338063084566,6.146833922482998,47.93912614665636,0.6057176181584069,0.05638801903052261,18.591257852904004,8.182692346395012,41.792292224173366
23358,-38755,41.964965575,-93.694028025,4,1,0.5,,-90.0,1,9059.190766190519,133.44396793601737,3.9570894050195915,-0.6876448711282837,0.7260471962696131,-0.054289062421932203,-0.9985252614237397,-93.96846387923696,20.211829555518467,5.95585609957796,47.833145972539675,0.6057176181584069,0.6470513500540425,12.988582431875907,7.96916829852613,41.87728987296172
23358,-38754,41.96495576666667,-93.69126779999999,3,1,1.0,,,1,9226.81095712614,132.47337260232086,3.9650516226900967,-0.675247495527238,0.7375912281095761,-0.08808163956838547,-0.9961132590077019,-94.14084615978334,20.080808823529416,5.703294168764121,47.69299065504919,0.6057176181584069,0.962156911838841,14.04032693654165,7.917509132246858,41.98969648628507
23358,-38753,41.964944100000004,-93.688896,3,1,1.0,,,1,9373.123551131961,131.6689026234061,3.9718843416844543,-0.6648250176169656,0.7469991271417935,-0.11601539190120293,-0.9932474157238016,-94.28750284549119,20.080808823529416,5.62,47.57375151815915,0.6057176181584069,0.9873140627996401,15.59645731891781,7.917509132246858,41.95375151815915
23358,-38752,41.96493785,-93.68639569999999,2,1,1.0,,,1,9528.856254503406,130.84468304078234,3.979040775542063,-0.6540107600713547,0.7564852448732156,-0.14453985142177775,-0.9894989799645932,-94.439801406038,20.080808823529416,5.62,47.44992525806368,0.6057176181584069,0.9973629456790641,12.682893957007488,7.917509132246858,41.82992525806368
23358,-38751,41.96492993333333,-93.68403096666667,3,1,1.0,,,1,9678.04274375629,130.0906899948112,3.985787535868958,-0.6439993289934934,0.7650260546255468,-0.17052972851186043,-0.9853525316827837,-94.58242792637068,20.080808823529416,5.62,47.33396284489436,0.6057176181584069,0.995309298433716,7.063767985606795,7.917509132246858,41.71396284489436
23358,-38750,41.9649192,-93.68180339999999,3,1,1.0,,,1,9820.291702617098,129.4031162326574,3.9921243882915745,-0.6347725400989622,0.7726990503011579,-0.1941276446726229,-0.9809762777834435,-94.715679064018,20.080808823529416,5.62,47.225623081412074,0.6057176181584069,0.9939063695352992,18.828523466646168,7.917509132246858,41.60562308141208
23358,-38749,41.964910675,-93.6794565,4,1,1.0,,-88.0,1,9971.44908122655,128.69862679688805,3.998758275889427,-0.6252239516464271,0.7804453922521589,-0.21819002057525244,-0.9759063043762812,-94.85438175932539,20.080808823529416,5.62,47.155193798449645,0.6057176181584069,0.995313392789648,19.784626736798447,7.917509132246858,41.53519379844965
23358,-38748,41.96583445,-93.67785215,2,1,1.0,,,1,10011.897985936888,127.76495263270147,4.000516415809298,-0.6124236075552103,0.7905297748403041,-0.24987464981812352,-0.9682781931750142,-94.8674421501476,20.080808823529416,5.62,47.155193798449645,0.6057176181584069,0.9667863622542667,18.96246232204262,7.917509132246858,41.53519379844965
23359,-38821,41.96753675,-93.8524248,4,1,1.0,,,1,8821.439003695901,227.64096131401118,3.945539435516057,-0.6737742863555622,-0.7389372172560079,-0.09205642209210549,0.9957537924364638,-95.97493151323619,18.51538901136713,4.563082400157926,46.04088282267214,0.6057176181584069,0.9533413914364777,16.917088925975712,7.3002916801254925,41.477800422514214
23359,-38816,41.967050990000004,-93.84045314,10,2,0.1,31.3,-88.0,2,8157.7811153913835,222.66640667231448,3.9115720484126784,-0.7353120834357083,-0.6777286624848015,0.08136772009312414,0.9966841496315907,-94.27838151370312,20.080808823529416,5.62,47.581167611905215,0.6057176181584069,0.06436368281913983,32.538827735412035,7.917509132246858,41.96116761190522
23359,-38805,41.9674599,-93.81566653333334,3,2,1.0,,,2,6896.44559077502,210.30016850770267,3.838625314209188,-0.8633940667801185,-0.5045301630714345,0.4908986291022235,0.8712166986149643,-90.91546525056299,28.85041070545525,8.894499999999999,61.684458904148705,0.6057176181584069,0.7977502866470465,25.443327512709917,11.375208650055093,52.789958904148705
23359,-38797,41.96723792727273,-93.79541927272727,11,1,0.0,31.5,-91.0,1,6246.290862593742,196.801228443698,3.7956222035698635,-0.9573133003583914,-0.28905232217874394,0.8328975100861512,0.5534272650423807,-89.04466964882765,31.424354838709696,10.642144238946731,62.02390334572493,0.570556271214166,0.07658467266427554,51.43322260435087,13.494992116624658,51.381759106778205
23359,-38781,41.967240075,-93.756532975,4,1,1.0,,,1,6143.382375097781,166.73647510576177,3.7884075474255106,-0.9733251276876123,0.22943015453922638,0.8947236083762135,-0.44662026892456225,-89.33238836632606,31.424354838709696,10.083249078861783,62.02390334572493,0.5929185906970903,0.9646664867702586,41.93194134366047,12.792270654176653,51.94065426686315
23359,-38773,41.96785843333333,-93.73696699999999,3,1,0.3333333333333333,,-101.5,1,6640.351653464414,152.879496907697,3.8221910789335647,-0.8900497324810552,0.4558634375669999,0.584377052579196,-0.811482261308805,-90.62066475174503,29.67927888362623,8.894499999999999,62.02390334572493,0.6057176181584069,0.5481219704185477,18.24149169525217,11.70201676957705,53.12940334572493
23359,-38765,41.96729504285714,-93.7175877,7,1,0.0,40.6,-83.0,1,7556.17378021949,142.2182434763588,3.8783019374608223,-0.7903501272740455,0.6126554303341316,0.24930664736420002,-0.9684245946794321,-92.13744891464195,24.23543307086615,7.194138822848174,57.77951178513993,0.6057176181584069,0.07208741068791918,45.13562938198654,9.555604276143622,50.58537296229176
23359,-38757,41.967416480000004,-93.69820711999999,5,1,0.4,4.66,-103.0,1,8621.054898627013,133.71062155695313,3.935560410676457,-0.6910164236786678,0.7228390569181662,-0.04499260441268777,-0.9989873200137044,-93.45627434324484,22.339784620983483,6.706278809747496,50.50875584934444,0.6057176181584069,0.31139106900821295,7.533560433752723,8.80818349018956,43.802477039596944
23359,-38748,41.96746355,-93.6778774,2,1,1.0,,-88.0,1,9900.165545164897,126.94428767062652,3.995642456693562,-0.6010381746842377,0.7992203154151174,-0.2775062251444795,-0.9607238390953258,-94.72304690604582,20.080808823529416,5.62,47.21963266154204,0.6057176181584069,0.9282627902053275,16.650540134345736,7.917509132246858,41.599632661542046
23360,-38821,41.969020345454545,-93.8539476181818,11,1,0.2727272727272727,0.841,-111.5,1,8805.553666257358,228.98611365403733,3.9447566682693056,-0.6562419229894362,-0.7545505539797362,-0.13869307702225378,0.990335413072813,-96.21621670241082,17.956574546904438,4.2601555555555555,44.483398306863656,0.6057176181584069,0.032554273060826006,2.6955073931149798,7.079960982069608,40.2232427513081
23360,-38816,41.968999233333335,-93.84041028333333,6,2,0.0,9.55,-89.0,2,7997.27122703848,223.69876902299626,3.9029418253418435,-0.7229819890761559,-0.6908668782562132,0.04540591305702949,0.9989686196570228,-94.24329405651707,20.080808823529416,5.62,47.60969544948955,0.6057176181584069,0.027150013796604113,12.723677760680147,7.917509132246858,41.98969544948955
23360,-38805,41.969036200000005,-93.81565392499999,4,2,1.0,,,2,6745.110949457397,211.043091440716,3.8289890977204246,-0.8567797046080295,-0.5156825940166854,0.4681429244564449,0.8836527611462363,-90.7573431783347,29.29499052964821,8.894499999999999,62.02390334572493,0.6057176181584069,0.8258547024451585,15.855744300309627,11.55049864205661,53.12940334572493
23360,-38797,41.969117983333334,-93.79543685,6,1,0.3333333333333333,10.5,-100.5,1,6046.881702156689,197.3865008212102,3.7815314723924285,-0.9543107575714015,-0.29881596005484334,0.8214180440330046,0.5703265704287264,-88.7245991707553,33.18797861026602,11.424101357434221,62.02390334572493,0.570556271214166,0.24533707687447837,16.496397559435216,14.252369285257142,50.59980198829071
23360,-38781,41.9690552,-93.75656567499999,4,1,1.0,,,1,5946.464707795769,166.31602726695883,3.7742588456938804,-0.971615332383797,0.23656636674879133,0.8880727082465527,-0.45970301811890824,-89.0088538458562,31.424354838709696,10.729645036447787,62.02390334572493,0.570556271214166,0.990726304630329,38.55348510237749,13.494992116624658,51.29425830927715
23360,-38773,41.969124300000004,-93.736972725,4,1,1.0,,,1,6515.138398307396,152.31936892387534,3.813923645679118,-0.885550715708678,0.464542710531387,0.568400140184304,-0.822752259576638,-90.43667798433266,30.19658050734845,8.894499999999999,62.02390334572493,0.6057176181584069,0.9333862230741184,18.642239248424843,11.90597968590877,53.12940334572493
23360,-38765,41.9691075,-93.71760853333335,3,1,0.6666666666666666,,-84.0,1,7396.760998649467,141.27313415308708,3.869041586169177,-0.7801371468454167,0.6256085294430478,0.21722793577621435,-0.9761209064037123,-91.91785647497449,24.594999733895893,7.591463457672184,58.5951048480014,0.6057176181584069,0.6614361177353756,37.71447286116173,9.697375076473822,51.003641390329214
23360,-38757,41.96937628,-93.69822768,5,1,0.4,,-105.0,1,8470.543063265017,132.65391968727442,3.927911254701282,-0.6775683932088316,0.7354597694805626,-0.08180214504880454,-0.9966485885533648,-93.2527501342527,23.185351234582296,7.004467620264994,52.00301445050056,0.6057176181584069,0.38996637553897795,4.206913725745014,9.14157550860503,44.99854683023556
23360,-38748,41.968720149999996,-93.6778985,2,1,0.0,,-93.5,1,9815.288543658497,126.29907081246489,3.991903071238798,-0.5920001086746676,0.8059378830463187,-0.29907174265836367,-0.9542306286969044,-94.61061720131232,20.080808823529416,5.62,47.31104357055393,0.6057176181584069,0.37919529809237257,14.075785656253842,7.917509132246858,41.69104357055393
23361,-38821,41.97107617142857,-93.85450981428572,7,1,0.0,0.779,-110.0,1,8692.785438067907,230.3234622389528,3.9391589601712336,-0.6384526999906763,-0.769661061685347,-0.18475629974923083,0.9827843658214005,-96.34926934524213,17.63746812263875,4.2601555555555555,43.62454977286949,0.6057176181584069,0.014010733199227557,0.0,6.954142941049179,39.36439421731394
23361,-38816,41.97067705,-93.84037761249999,8,2,0.25,3.11,-93.5,2,7861.446462470233,224.62318515437167,3.895502461163296,-0.7117418563569738,-0.7024411220234255,0.013152940180942254,0.9999134963408568,-94.22360471932548,20.080808823529416,5.62,47.62570385416152,0.6057176181584069,0.10854401745710053,7.913025854552857,7.917509132246858,42.005703854161524
23361,-38805,41.97105315,-93.81563647499999,8,2,0.25,21.0,-93.5,2,6553.154192446437,212.0427016991363,3.816450386808696,-0.8476529196595293,-0.5305511547369165,0.43703094441464885,0.899446470682964,-90.55954451564399,29.851126010580124,8.894499999999999,62.02390334572493,0.6057176181584069,0.06351186870799029,19.783051576419126,11.769773064105065,53.12940334572493
23361,-38797,41.970897525,-93.795445075,4,1,1.0,,,1,5858.538924224316,197.97065584303962,3.76778931972716,-0.9512146552769128,-0.30852986822417033,0.8096186408271522,0.586956264490971,-88.41436887172743,35.174644850607756,12.182018151748828,62.02390334572493,0.570556271214166,0.8949409676084368,20.44275316140448,15.10553064336243,49.841885193976104
23361,-38781,41.97081033333333,-93.75659283333334,3,1,1.0,,,1,5756.470284422147,165.87858148811904,3.7601562671245907,-0.9697808784906287,0.24397755575860772,0.8809499045721109,-0.4732095367111579,-88.68707638191198,33.4282686724298,11.515772454432124,62.02390334572493,0.570556271214166,0.987979959447239,35.17243555406417,14.355560345542935,50.50813089129281
23361,-38773,41.97098074,-93.73696288,5,1,0.6,,-91.5,1,6333.409656562362,151.44600598613567,3.8016375799001376,-0.8783670608198422,0.47798672206109627,0.5430573870665766,-0.8396955843354319,-90.16323513826585,30.965398994976724,8.941843652810519,62.02390334572493,0.6057176181584069,0.8187544489640967,26.713485642138647,12.209111270414697,53.08205969291441
23361,-38765,41.9707843,-93.71762913333333,3,1,1.0,,,1,7251.077864254848,140.3626521275189,3.860402568737112,-0.7700975785251319,0.637926108220794,0.18610056090054358,-0.9825307024375896,-91.71100727756614,25.500440249620016,7.965730813817861,59.298137013399156,0.6057176181584069,0.891916358513794,39.380587967652886,10.05437431962941,51.33240619958129
23361,-38757,41.97113684,-93.69823228,5,1,0.4,2.07,-92.0,1,8338.729153651622,131.66716911558058,3.921099867950505,-0.6648024165409745,0.7470192413594717,-0.11607549392256142,-0.9932403937167645,-93.06808056068814,23.952583922658903,7.085126984126984,53.35884381368606,0.6057176181584069,0.2586041366292116,0.0,9.444081840286602,46.27371682955907
23361,-38748,41.9709847,-93.67792823333333,3,1,0.6666666666666666,23.25,-89.0,1,9666.109613071541,125.10568359401918,3.9852517157027374,-0.5750864075625726,0.8180926743571139,-0.3385512476735494,-0.9409479542985802,-94.4064630900512,20.080808823529416,5.62,47.47703095736711,0.6057176181584069,0.6288455164584945,13.721697065782928,7.917509132246858,41.857030957367115
23362,-38821,41.972666875,-93.85449845,8,1,0.0,1.04,-108.5,1,8580.074855208364,231.22786370338446,3.933491076783685,-0.6262247348144179,-0.7796425985710452,-0.21568516301322402,0.976462959080353,-96.3989672477552,17.518275300707714,4.2601555555555555,43.30375215616943,0.6057176181584069,0.03489763316891313,0.0,6.907147311319789,39.043596600613874
23362,-38816,41.97257336,-93.84034455999999,5,2,0.8,,-89.0,2,7710.7185577918135,225.7085242909492,3.88709485161034,-0.6983087991244563,-0.7157966338740074,-0.024729642130719407,0.9996941756357723,-94.21406853277892,20.080808823529416,5.62,47.633457245338654,0.6057176181584069,0.810996605399251,11.781956435715792,7.917509132246858,42.01345724533866
23362,-38805,41.9727595625,-93.815620825,8,2,0.0,41.9,-82.5,2,6392.355813309825,212.93451161815912,3.8056609408141138,-0.8392925358000703,-0.5436800891611607,0.4088239212994246,0.9126132813921578,-90.39719006812392,30.307605683014515,8.894499999999999,62.02390334572493,0.6057176181584069,0.017111027279740947,41.43990397432409,11.949754956614766,53.12940334572493
23362,-38797,41.972525250000004,-93.79545425,4,1,1.0,,,1,5686.874508420587,198.54010825318824,3.754873644833531,-0.9481013029242708,-0.317968425151461,0.7977921612133995,0.6029325563497573,-88.124954262725,37.028010672606975,12.757042206727137,62.02390334572493,0.40849991805670477,0.9107073195909552,29.062919601269282,21.902071347044235,49.2668611389978
23362,-38781,41.97259255,-93.756615,4,1,1.0,,,1,5564.023732495507,165.39938448952353,3.7453889737409036,-0.9677064625245706,0.2520797540227732,0.8729115952236364,-0.4878784140788835,-88.35092593513018,35.58092347884254,12.337014189461371,62.02390334572493,0.40849991805670477,0.9849104107074217,41.66677383474706,21.04611915335348,49.68688915626356
23362,-38773,41.972591699999995,-93.73693036,5,1,0.8,,-88.0,1,6177.940264576358,150.6306165329089,3.7908437047277683,-0.871476005713079,0.4904381423445544,0.5189408570672451,-0.8548101466795496,-89.92294844121933,31.424354838709696,9.27194608454592,62.02390334572493,0.6057176181584069,0.8393177236265236,40.38540856781479,12.390069473641852,52.751957261179015
23362,-38765,41.972856400000005,-93.71766563333334,3,1,1.0,,,1,7073.099649841166,139.19170746558154,3.84960977671263,-0.7569004768337979,0.6535301585763043,0.14579666366246116,-0.9893145773033445,-91.44957650290087,26.64480057784399,8.438756603015955,60.08232937448595,0.6057176181584069,0.9876891680831799,39.171366815526575,10.505575435526586,51.64357277147
23362,-38757,41.97269482,-93.69823954,5,1,1.0,,,1,8224.007735374456,130.76901297419386,3.9150835101420642,-0.6530111061251612,0.7573483315339075,-0.1471529905543868,-0.9891137433940045,-92.90224787026337,24.23543307086615,7.085126984126984,54.576374274790176,0.6057176181584069,0.9458829101012155,1.18809205348076,9.555604276143622,47.49124729066319
23362,-38748,41.9725597,-93.67794963333334,3,1,0.0,20.45,-92.0,1,9564.843670965536,124.2541825523694,3.9806778762564825,-0.562865266676775,0.8265486625534415,-0.36636538313776595,-0.9304710667389492,-94.26293065919938,20.080808823529416,5.62,47.59372992058106,0.6057176181584069,0.04405865985600306,20.571813383115035,7.917509132246858,41.973729920581064
23363,-38821,41.9745329375,-93.8544866625,8,1,0.0,1.295,-114.0,1,8450.757896175373,232.31977082419309,3.926895659880658,-0.6112539794616041,-0.7914345030337968,-0.25273714518470586,0.9675349789252505,-96.47008288966612,17.34771530492977,4.2601555555555555,42.84470404183254,0.6057176181584069,0.05137046292766184,3.941615098309415,6.839898509937569,38.58454848627699
23363,-38816,41.97431952,-93.84031397999999,5,2,1.0,,-107.0,2,7574.456636844043,226.7457248461524,3.8793514836318677,-0.6852373361908143,-0.7283198425761288,-0.06089958618023397,0.9981438976435594,-94.21767124603701,20.080808823529416,5.62,47.63052806132441,0.6057176181584069,0.85404600424298,13.968157013723738,7.917509132246858,42.010528061324415
23363,-38805,41.97428025,-93.815600425,4,2,0.0,31.5,-85.0,2,6250.1307234554915,213.76367877261643,3.7958891008451414,-0.8313369519821356,-0.5557687219240143,0.38224225546189544,0.9240621505826343,-90.25636633166083,30.703549090008096,8.894499999999999,62.02390334572493,0.6057176181584069,0.028998657280371244,41.1593908974589,12.105868466198672,53.12940334572493
23363,-38797,41.974657525,-93.79547632500001,4,1,0.75,,-44.0,1,5463.185533332677,199.34833812558878,3.7374459496879977,-0.9435217741464756,-0.3313105215828303,0.7804666765770258,0.6251973822344525,-87.7384082781636,37.82819819819824,12.999771460081508,62.19803495123105,0.40849991805670477,0.8601895065764942,26.948993449529457,22.37538233400147,49.19826349114955
23363,-38781,41.974446475,-93.75663047500001,4,1,1.0,,,1,5364.440847529706,164.85799552519268,3.7295244607870073,-0.9652813913211579,0.2612122423798119,0.8635363288618207,-0.5042866335090087,-87.99077785275277,37.82819819819824,12.841297485817119,62.02390334572493,0.40849991805670477,0.984381014697711,45.1130819085482,22.37538233400147,49.18260585990781
23363,-38773,41.974449075,-93.736960425,4,1,1.0,,,1,5997.510318362229,149.68435154751717,3.777971003818513,-0.8632577233264418,0.5047634130137093,0.4904277937655031,-0.8714818294733983,-89.6342105229271,31.424354838709696,9.668610111868357,62.02390334572493,0.6057176181584069,0.9044870728493879,31.501211082679447,12.390069473641852,52.35529323385657
23363,-38765,41.9746933,-93.71768103333333,3,1,1.0,,,1,6918.848570147656,138.09504664802193,3.8400338254916355,-0.7442538077886123,0.6678969004211289,0.10782746081569719,-0.9941696226972736,-91.21437642182113,27.674341351409506,8.864321283052782,60.787839684608656,0.6057176181584069,0.9310815341834507,23.93275314902283,10.911505223931034,51.923518401555874
23363,-38757,41.974560625,-93.69827007500001,4,1,0.75,,-83.0,1,8087.972531679816,129.66838986488506,3.907839667637329,-0.6383432418712807,0.7697518467384561,-0.18503581111452735,-0.9827317785668626,-92.69935589048825,24.23543307086615,7.085126984126984,55.692520847894265,0.6057176181584069,0.779212659364867,11.375484395566176,9.555604276143622,48.60739386376728
23363,-38748,41.974345774999996,-93.67798185000001,4,1,0.0,,-88.0,1,9452.071776372843,123.26893402828011,3.975527010882919,-0.5485695596483618,0.8361049205854504,-0.3981428764544047,-0.9173234162107782,-94.09822867810473,20.080808823529416,5.765734191166982,47.72764077486648,0.6057176181584069,0.03272257727001694,23.98937587325287,7.917509132246858,41.961906583699495
23364,-38821,41.97649283333333,-93.85447746666667,3,1,1.0,,,1,8318.558978017383,233.50375915236378,3.9200481000769942,-0.5947700447554434,-0.8038958849637233,-0.2924971877232159,0.9562663829571809,-96.5607405123333,17.130286855662302,4.2601555555555555,42.25951336341946,0.6057176181584069,0.6009007426089454,0.0,6.754170303080268,37.9993578078639
23364,-38816,41.97624016666666,-93.84048973333334,6,2,0.5,,-101.0,2,7440.404173884209,228.01946900992965,3.8715965277125473,-0.6688780483666285,-0.7433721520296884,-0.10520431282650043,0.9944506285194373,-94.27175768943488,20.080808823529416,5.62,47.58655310854892,0.6057176181584069,0.5042915470498135,15.412336145439621,7.917509132246858,41.96655310854892
23364,-38797,41.97634555,-93.79548675000001,4,1,0.75,,-90.0,1,5286.730932067861,200.0306371009905,3.723187207569516,-0.9395096020297944,-0.34252256523303287,0.7653565846123654,0.6436064778966221,-87.4253216772359,37.82819819819824,13.19637233012979,63.051290805089124,0.40849991805670477,0.8482953247094681,26.069231660935124,22.37538233400147,49.854918474959334
23364,-38781,41.97591075,-93.75665384999999,2,1,1.0,,,1,5206.919545631444,164.4108619347744,3.716580867255441,-0.9632135303747609,0.26873722277159434,0.855560610194021,-0.517702658177872,-87.69709689470139,37.82819819819824,13.025712697769432,62.310620988658606,0.40849991805670477,0.9840572470192959,43.677306823404024,22.37538233400147,49.28490829088918
23364,-38773,41.975986825,-93.7369777,4,1,1.0,,,1,5849.762461125716,148.8516553920224,3.767138231224602,-0.8558309431794249,0.5172556395986572,0.4648932066067681,-0.885366763805191,-89.39056431695901,31.424354838709696,10.003327788967255,62.02390334572493,0.6057176181584069,0.9413389724206094,33.1638931865181,12.390069473641852,52.02057555675768
23364,-38765,41.97633293333333,-93.71769536666666,3,1,1.0,,,1,6783.362468609681,137.07465951220263,3.8314450241874103,-0.7322417613662434,0.6810447877425254,0.07235599417747698,-0.9973788698917724,-91.00049951978514,28.610544222425013,8.894499999999999,61.429388610913406,0.6057176181584069,0.9765877494184233,18.938976074194443,11.280633521801965,52.534888610913406
23364,-38757,41.97652445,-93.69828223333333,6,1,0.0,24.1,-86.0,1,7949.419487413893,128.46230722744838,3.9003354151196166,-0.6219996530293314,0.7830175168100593,-0.2262328632627829,-0.9740732475434909,-92.48397815644176,24.23543307086615,7.085126984126984,56.492459980813095,0.6057176181584069,0.06371149654260355,26.078577507297204,9.555604276143622,49.40733299668611
23364,-38748,41.9770627,-93.6780394,1,1,1.0,,-140.0,1,9285.448359901187,121.72739025903331,3.9678028790536946,-0.5258783214368989,0.8505598103853188,-0.44690398208541915,-0.8945819307342371,-93.84437274188673,20.72738160363334,6.137665373400796,47.9340382028661,0.6057176181584069,0.5376657199800816,13.595423751266665,8.172441388020173,41.796372829465305
23365,-38821,41.97816662857143,-93.85446862857144,7,1,0.0,,-118.0,1,8208.487516251667,234.54440059828568,3.9142631420331453,-0.580071893474077,-0.8145652818537008,-0.3270331968027982,0.9450128508062429,-96.65125466603261,16.913202494782357,4.2601555555555555,41.67524877042707,0.6057176181584069,0.1238146552407893,1.3919275210169857,6.668577764211963,37.41509321487151
23365,-38816,41.978094899999995,-93.84098717142857,7,2,0.5714285714285714,3.04,-102.0,2,7335.109373063141,229.43133102285432,3.8654065939480344,-0.650358928033939,-0.7596270563418247,-0.1540665294530916,0.9880604761360914,-94.39901268697335,20.080808823529416,5.62,47.483088503453054,0.6057176181584069,0.40994730256016876,16.7550238043219,7.917509132246858,41.863088503453056
23365,-38805,41.97821108,-93.81554702,5,1,0.2,52.4,-83.0,1,5889.046810139502,216.0902857907278,3.77004500640058,-0.8080897675432366,-0.5890593582924541,0.30601814481616413,0.9520256798234348,-89.91914484746633,31.424354838709696,9.277171407306724,62.02390334572493,0.6057176181584069,0.05988573473783394,48.4460282800098,12.390069473641852,52.74673193841821
23365,-38797,41.97803775555556,-93.79549545555557,9,1,0.0,31.5,-88.0,1,5110.592659419135,200.76029822287575,3.708471266825617,-0.9350715150554079,-0.3544591115093308,0.7487174765360316,0.6628892368484474,-87.10569891553043,37.82819819819824,13.339307692307694,63.922359677546055,0.40849991805670477,0.15209494855950642,33.48925046968067,22.37538233400147,50.58305198523836
23365,-38781,41.978047679999996,-93.75667777999999,5,1,1.0,,,1,4977.885928461433,163.69830720005416,3.6970449402421677,-0.9597969992772724,0.28069506618097806,0.8424205596433127,-0.5388205644648763,-87.2551561511162,37.82819819819824,13.303226760783259,63.515043424512115,0.40849991805670477,0.9796914940387088,46.557268614235845,22.37538233400147,50.211816663728854
23365,-38773,41.9780715,-93.73710502,5,1,1.0,,,1,5646.972314015159,147.7272917625147,3.7518156584824225,-0.8455162659710911,0.5339496642739867,0.42979551204339383,-0.9029262527069178,-89.04264537993012,31.424354838709696,10.647089685598598,62.02390334572493,0.570556271214166,0.8692330721204768,29.870880435759467,13.494992116624658,51.37681366012633
23365,-38765,41.97794616666667,-93.71771056666667,3,1,1.0,34.2,,1,6652.179164201566,136.0310252320901,3.8229639376274953,-0.7197158471237383,0.6942687515645218,0.03598180120208031,-0.9993524453276001,-90.78627926535228,29.21363313091303,8.894499999999999,62.02390334572493,0.6057176181584069,0.94002806653408,21.171001944200036,11.518420853102867,53.12940334572493
23365,-38757,41.977946615,-93.69830836999999,20,2,0.2,20.700000000000003,-91.0,2,7850.212771015042,127.56897292169202,3.894881427958687,-0.6097160300693861,0.7926199358308037,-0.2564927253528548,-0.9665461612572185,-92.32465840987463,24.23543307086615,7.085126984126984,57.084192921499735,0.6057176181584069,0.16129321969943358,26.074874243373824,9.555604276143622,49.99906593737275
23365,-38748,41.978329566666666,-93.67807496666667,3,1,0.6666666666666666,4.3950000000000005,-92.0,1,9209.494130929872,120.99208942913515,3.964235775454236,-0.5149197247633646,0.8572384015252822,-0.4697153540992417,-0.8828179235399698,-93.72435854085633,21.22599551325899,6.313501417808897,48.540502931921374,0.6057176181584069,0.41499365776110897,11.686907770543769,8.369036067926723,42.22700151411247
23366,-38829,41.97978577777778,-93.87298628888888,9,2,0.6666666666666666,,-111.0,2,9407.006091166124,240.86583681069575,3.9734514252366897,-0.4868562894849874,-0.8734820853279763,-0.5259419067778203,0.8505204939887754,-99.56282888681396,12.985882638319257,2.356258620689655,37.82819819819824,0.8823441677872059,0.5695375600764396,6.043245029395801,1.527864828829126,35.47193957750858
23366,-38828,41.979428283333334,-93.87022821666666,6,2,1.0,,,2,9228.540679387781,239.95982875133285,3.965133030928796,-0.5006070652685265,-0.865674630680161,-0.4987851324064665,0.8667256726844219,-99.13999534585245,13.251398447019811,2.356258620689655,37.82819819819824,0.7534043542133972,0.9674716466209026,5.077058908846096,3.267737157618435,35.47193957750858
23366,-38827,41.97948149333333,-93.86743036,15,2,0.7333333333333333,5.18,-105.0,2,9026.17626821093,239.25596962152724,3.9555038104121194,-0.5112035421341281,-0.8594596782336683,-0.47734187701904135,0.8787176636690186,-98.7375301938369,13.339307692307694,2.356258620689655,37.82819819819824,0.6517012410466736,0.6154114974224673,6.5559216932730475,4.64606431452733,35.47193957750858
23366,-38826,41.97953170909091,-93.86602909090908,11,2,1.0,,,2,8923.996744836408,238.90589470372328,3.950559403196309,-0.5164452316728557,-0.8563202220445167,-0.46656864536474085,0.8844849909198633,-98.53432248798548,13.339307692307694,2.356258620689655,37.82819819819824,0.6517012410466736,0.9549782633882608,6.8484450630547355,4.64606431452733,35.47193957750858
23366,-38825,41.97953201428572,-93.8629339,7,2,0.5714285714285714,3.71,-104.0,2,8706.035849851722,238.03493697365315,3.9398204511697283,-0.5294020555149395,-0.848371064815719,-0.4394669272331138,0.8982587711056792,-98.06831036936872,13.339307692307694,2.6025980392155943,37.82819819819824,0.6517012410466736,0.48981541286940306,0.7100458451696219,4.64606431452733,35.225600158982644
23366,-38824,41.979573333333335,-93.86077368888888,9,2,0.2222222222222222,0.6145,-108.0,2,8552.69036795284,237.42668910172927,3.932102749601483,-0.5383783015441035,-0.8427032718736094,-0.4202976088529728,0.9073863124339454,-97.73939335331379,14.052713809051882,3.2288221379078146,38.00887647509029,0.6460548846505302,0.22262584081320547,0.11389941319940321,4.973889410117955,34.78005433718248
23366,-38823,41.9796035125,-93.858198875,8,2,0.375,0.97,-110.0,2,8372.387311710352,236.6606157746072,3.9228493108572646,-0.5495972091939904,-0.8354297742157489,-0.39588581529235445,0.9182997447730822,-97.33845805987939,15.150267130856161,3.9921616141571308,39.16037978409521,0.6057176181584069,0.44823898811304413,5.363740541069646,5.973483409890367,35.16821816993808
23366,-38822,41.9796374375,-93.8556535375,8,2,0.75,,-120.5,2,8195.424721749576,235.87299073776074,3.9135714654760725,-0.5610292803576036,-0.8277959570941558,-0.37049229316285875,0.9288355401829359,-96.93443001828796,16.234049701004786,4.2601555555555555,40.32076559807054,0.6057176181584069,0.7514755861543716,0.0,6.40079978304697,36.06061004251498
23366,-38821,41.97970801904762,-93.85389496190476,21,3,0.09523809523809523,3.11,-114.0,3,8071.110829850092,235.33932416221805,3.9069333109394666,-0.568715122253593,-0.8225345644531181,-0.3531262194401615,0.9355756907615219,-96.65371275385876,16.90730714689569,4.2601555555555555,41.659381929446035,0.6057176181584069,0.6309730002695177,2.396548550986399,6.666253332405423,37.39922637389048
23366,-38820,41.97965907142857,-93.85078055714287,7,2,0.14285714285714285,11.4,-103.5,2,7864.044997541988,234.23853812094853,3.8956459898353044,-0.5844120073146147,-0.811457088025302,-0.31692521141300545,0.9484505313250775,-96.13631087475284,18.14821645945371,4.343631571951517,44.99918665560523,0.6057176181584069,0.057949286905812775,8.107091916763416,7.155522011810214,40.65555508365371
23366,-38819,41.97964418,-93.84865925,10,2,0.1,2.07,-106.0,2,7723.517179537266,233.46741578134868,3.887815116891842,-0.5952798454610426,-0.8035184537942345,-0.2912838111757545,0.9566366819994555,-95.77887159953178,18.830196840549842,4.829693384587116,47.155193798449645,0.6057176181584069,0.05217428681954403,0.0,7.424414860838033,42.32550041386253
23366,-38818,41.97964236,-93.84599109,10,2,0.2,4.14,-101.5,2,7547.68151061509,232.46833049531966,3.8778135659628625,-0.6091998518402177,-0.7930167340717702,-0.2577510810357134,0.9662113538066716,-95.32322768798878,19.56181131473265,5.449298226343809,47.155193798449645,0.6057176181584069,0.07279335616500074,8.691572003398921,7.712877558308616,41.70589557210584
23366,-38817,41.979653330000005,-93.84367649,10,2,0.9,10.5,-109.0,2,7396.215433558022,231.57189131860167,3.869009552601095,-0.6215321769346489,-0.7833886347368567,-0.22739550606975256,0.9738024870677221,-94.922401949995,20.080808823529416,5.62,47.155193798449645,0.6057176181584069,0.9783774404470502,9.099647692201762,7.917509132246858,41.53519379844965
23366,-38816,41.97966986153846,-93.84136125384615,39,4,0.6153846153846154,10.5,-99.5,4,7246.198873982973,230.6417543475417,3.860110249197299,-0.6341672144644426,-0.7731959286612997,-0.1956638881968195,0.9806710166287685,-94.51617384443678,20.080808823529416,5.62,47.38783068942602,0.6057176181584069,0.9175844748170384,9.936483255034705,7.917509132246858,41.76783068942602
23366,-38815,41.979598025,-93.839108175,8,2,0.25,10.5,-96.5,2,7108.4494813982,229.63907560298813,3.8517748813053454,-0.6476003828273962,-0.7619801468291741,-0.16122748832361972,0.9869172695868976,-94.11312920621388,20.080808823529416,5.743903025356542,47.71552590876019,0.6057176181584069,0.13637715521621394,21.3541492443924,7.917509132246858,41.97162288340365
23366,-38814,41.97958173,-93.83654583,10,2,0.3,21.0,-86.0,2,6949.719529724134,228.49579516755898,3.841967278093568,-0.6626750109215129,-0.7489070902990388,-0.12172365980034534,0.992564028486228,-93.65229642087942,21.52538654422953,6.419081574320437,49.06957730163043,0.6057176181584069,0.08512824205217066,28.155389247364205,8.487080676719799,42.650495727309995
23366,-38813,41.979561025,-93.83399614166666,12,2,0.16666666666666666,31.5,-93.0,2,6794.982135854646,227.30256112304963,3.8321883193010446,-0.6781268184862909,-0.7349449081731645,-0.08028803609932222,0.9967717046843344,-93.18927094965994,23.449083394092504,7.085126984126984,52.469073589321496,0.6057176181584069,0.054357883471799616,30.15075805940756,9.245560452624941,45.38394660519451
23366,-38812,41.979566325,-93.83172702499999,8,2,0.5,,-92.0,2,6658.028042083931,226.21083107880682,3.8233456199730464,-0.6920067214038109,-0.7218910565535137,-0.04225339506389676,0.9991069265126602,-92.77448263358707,24.23543307086615,7.085126984126984,55.41349097510103,0.6057176181584069,0.08499464941444676,23.627324147647517,9.555604276143622,48.32836399097404
23366,-38811,41.9795652,-93.82913586999999,10,2,0.2,25.9,-96.0,2,6505.287235329,224.9035763344828,3.8132664772180287,-0.7082957766798934,-0.7059157830346525,0.003365814525146873,0.9999943356302486,-92.29814015066916,24.23543307086615,7.085126984126984,57.182684965578794,0.6057176181584069,0.05894059224358076,18.954054058479095,9.555604276143622,50.09755798145181
23366,-38810,41.97956468181818,-93.82674451818183,11,2,0.18181818181818182,31.1,-94.0,2,6367.420742706649,223.64247264210044,3.803963547868966,-0.7236604562047612,-0.6901561737212216,0.04736891174896591,0.9988774630552631,-91.85719947281147,24.860513489853744,7.701214600609715,58.820392340835966,0.6057176181584069,0.05999063997755699,25.742200240723225,9.802062472584591,51.11917774022625
23366,-38809,41.979571566666664,-93.82467416666667,6,2,0.3333333333333333,19.7,-98.0,2,6250.049203118092,222.511266600221,3.795883436313446,-0.737144474992014,-0.6757351722300299,0.08676395402250382,0.996228897534287,-91.47521380867371,26.53257845829224,8.39236915375088,60.00542726006712,0.6057176181584069,0.2959448906094977,22.847924085108037,10.46132823093441,51.613058106316245
23366,-38808,41.9795718,-93.82216976666666,9,2,0.4444444444444444,,-109.0,2,6112.138549782859,221.08003292658682,3.7861931902541808,-0.7537924360088737,-0.6571125956910339,0.13640607316838385,0.990653008476117,-91.01455136143274,28.549035128323187,8.894499999999999,61.38723845895303,0.6057176181584069,0.6846274632514213,12.25147496152947,11.256381569674579,52.49273845895303
23366,-38807,41.97957995714285,-93.81945984285714,7,2,1.0,,-80.0,2,5966.7272395576865,219.4633475712575,3.7757361851438276,-0.7720313282509981,-0.6355844776259091,0.19206474360200051,0.9813822569544947,-90.51928011253023,29.964334375517993,8.894499999999999,62.02390334572493,0.6057176181584069,0.7842295894013686,12.658663656024425,11.81440912787716,53.12940334572493
23366,-38806,41.979587275,-93.81707428333334,12,2,0.0,15.75,-95.0,2,5842.8183413826555,217.97473306238035,3.7666223839037087,-0.7882821783000517,-0.6153139096221745,0.242777585250949,0.9700819780305777,-90.08821400615155,31.176330215748848,9.044906612378687,62.02390334572493,0.6057176181584069,0.007267572305439537,15.689759300018288,12.292277734545486,52.97899673334624
23366,-38805,41.97956870384615,-93.81509447692308,26,2,0.0,41.9,-82.0,2,5745.291965709982,216.6749508690807,3.7593121036726664,-0.8020368432358086,-0.597274561732156,0.286526195815322,0.9580724080734189,-89.73730438850953,31.424354838709696,9.526981232100734,62.02390334572493,0.6057176181584069,0.01384922931202464,33.68275445404374,12.390069473641852,52.496922113624194
23366,-38804,41.979587981818185,-93.81222433636363,11,2,0.18181818181818182,10.5,-99.0,2,5605.149163546691,214.74193573224179,3.748587174476621,-0.8217271557215867,-0.5698811117678064,0.35047103690057774,0.9365735701448306,-89.23611251818747,31.424354838709696,10.215511463665319,62.02390334572493,0.570556271214166,0.1612502553944531,19.664938057861843,13.494992116624658,51.80839188205961
23366,-38803,41.979594946153846,-93.80984265384616,13,2,0.0,46.05,-83.0,2,5494.760810166979,213.05890535891245,3.739948792103363,-0.8381101855321957,-0.5455009779158864,0.4048573661856233,0.9143798516181555,-88.83321342471328,32.4924299413114,11.158748271566479,62.02390334572493,0.570556271214166,0.020739184302458923,39.083848960113656,13.953670271309246,50.86515507415845
23366,-38802,41.97958915,-93.80744008333333,6,2,0.6666666666666666,,-86.0,2,5389.617166875658,211.28495966133343,3.731557917650896,-0.8545951762406941,-0.5192947956085607,0.4606658305077263,0.8875736547479464,-88.44241964166562,34.99501211381054,12.113487935015515,62.02390334572493,0.570556271214166,0.6263012900934232,22.90246880855373,15.02838849106023,49.91041541070942
23366,-38801,41.979596566666665,-93.80467915000001,6,2,1.0,,,2,5274.0660800814785,209.16983496549656,3.7221455668747394,-0.873178804228476,-0.48740001625577395,0.5248824483077426,0.8511747267503129,-88.01290873691372,37.745532669033956,12.82740052865546,62.02390334572493,0.40849991805670477,0.88053887015332,20.16427854687229,22.32648566672691,49.19650281706947
23366,-38800,41.97959834,-93.80264754,5,2,1.0,,,2,5194.16283219621,207.55284786690126,3.7155155602366454,-0.886584553183745,-0.462566568242863,0.5720643398880415,0.8202087484466739,-87.71422255864424,37.82819819819824,13.014958738892433,62.2639483652785,0.40849991805670477,0.8195953555605613,17.51195827167272,22.37538233400147,49.24898962638607
23366,-38799,41.97959128,-93.80056108,5,2,1.0,,,2,5117.427781519185,205.836255145952,3.7090517225003437,-0.9000431892682029,-0.4358007084114502,0.6201554850961564,0.7844789189679675,-87.4259321141402,37.82819819819824,13.195989009904217,63.049627179560375,0.40849991805670477,0.9131318169645436,23.25945176501565,22.37538233400147,49.85363816965616
23366,-38798,41.97959161666667,-93.79774206666667,6,2,1.0,,,2,5020.289404095085,203.4417955613965,3.7007287535949684,-0.9174646739938463,-0.3978172595217122,0.6834828560532693,0.729966564632426,-87.06567511350202,37.82819819819824,13.339307692307694,64.0314366654248,0.40849991805670477,0.9078830588251264,27.308071706752607,22.37538233400147,50.692128973117114
23366,-38797,41.979713728571426,-93.79549853571429,14,3,0.6428571428571429,21.0,-83.0,3,4936.850848073203,201.52920582329762,3.6934500065314078,-0.930230627593021,-0.36697544807233934,0.7306580410242115,0.6827436027431246,-86.78329248617997,37.82819819819824,13.339307692307694,64.76559293301379,0.38753297360202477,0.9722622999965116,24.01645473938632,23.16852406444372,51.4262852407061
23366,-38796,41.979607975,-93.793332075,4,2,0.75,,-83.0,2,4885.103959339043,199.5241935941676,3.688873810324368,-0.9425004544836586,-0.3342048672567427,0.776614213403806,0.6299764785602615,-86.57948541078946,37.82819819819824,13.339307692307694,64.94127245186954,0.38753297360202477,0.8359628254301318,18.708488969200715,23.16852406444372,51.601964759561845
23366,-38795,41.97963826666667,-93.79022787777778,9,2,0.5555555555555556,31.5,-85.0,2,4802.263174332301,196.65080105540238,3.6814459566432136,-0.9580688934533629,-0.28653794756898904,0.8357920092059026,0.5490461887196381,-86.29873822584342,37.82819819819824,13.339307692307694,65.18327352213126,0.38753297360202477,0.44167717476631296,30.839154868840918,23.16852406444372,51.84396582982357
23366,-38794,41.9796513,-93.7880376875,8,2,0.5,10.5,-83.5,2,4752.182408874262,194.56398218248424,3.6768931023534273,-0.9678674375001851,-0.2514609779405649,0.8735347531463495,0.4867617847012502,-86.13758649201739,37.82819819819824,13.503860027554937,65.32218459284398,0.38753297360202477,0.4202788611918831,22.37214903688341,23.16852406444372,51.818324565289046
23366,-38793,41.97966725,-93.78587515000001,10,2,0.2,15.75,-94.5,2,4708.706075329597,192.46362822035826,3.6729015819597284,-0.9764332078456789,-0.21581981052766497,0.9068436187676056,0.42146725982034905,-86.00754212075312,37.82819819819824,13.859854209160762,65.43428144978492,0.38753297360202477,0.19018660123599967,19.80832687255491,23.16852406444372,51.57442724062416
23366,-38792,41.979683254545456,-93.78332012727273,11,2,0.09090909090909091,41.9,-90.5,2,4665.956666529374,189.93514204572955,3.668940701115564,-0.9850036891150656,-0.17253327919480074,0.9404645351405779,0.33989183300399667,-85.89355573534638,38.13391067844236,14.171889936601845,65.53253649468948,0.38753297360202477,0.13513291057003163,37.39604141745569,23.355762878151587,51.36064655808764
23366,-38791,41.97970255,-93.781161475,8,2,0.375,21.0,-83.0,2,4636.393754378614,187.76715795952754,3.666180312125937,-0.9908254701091889,-0.13514765178464966,0.9634702244341902,0.26781547122735694,-85.82897289064034,38.3193953703659,14.348684339338293,65.58820621598129,0.38753297360202477,0.32888258028020967,24.57113156385688,23.469366135856344,51.239521876642996
23366,-38790,41.97971271666666,-93.7785748,6,2,0.6666666666666666,10.5,-105.0,2,4611.254770239221,185.13577931581491,3.663819117502954,-0.9959853596639741,-0.08951627413506623,0.9839736733299513,0.17831379698038566,-85.79439877818953,38.41869369990928,14.443330364744927,65.61119565217395,0.38753297360202477,0.8658149020460555,33.88039594415148,23.53018308847806,51.167865287429024
23366,-38789,41.97992863421053,-93.77623358421052,38,3,0.23684210526315788,21.0,-97.0,3,4574.000021237902,182.74754307652333,3.6602961622872368,-0.9988504429361204,-0.047935296455912844,0.9954044147073675,0.09576038419452557,-85.74686559763971,38.55521102723607,14.573451611396735,65.61119565217395,0.38753297360202477,0.21245209462646567,22.205273125357827,23.6137954499977,51.03774404077721
23366,-38788,41.97970753333333,-93.7739591,3,1,1.0,,,1,4593.436853057957,180.3897629653246,3.6621377504147685,-0.9999768620858029,-0.006802594580815247,0.9999074494139382,0.013604874365931038,-85.84147737910367,38.28348194473658,14.314453521859445,65.57742748068682,0.38753297360202477,0.9569642408111175,22.64222441120929,23.447370346853386,51.262973958827374
23366,-38787,41.97970686,-93.77118326,5,1,1.0,,,1,4597.676988501975,177.52923078614367,3.6625384564854886,-0.9990703450201036,0.043109693821822025,0.9962831085971775,-0.08613923336055751,-85.92778713298173,38.03559664050541,14.07818208698139,65.50302939610216,0.38753297360202477,0.9945436921601069,22.64222441120929,23.295548771683166,51.42484730912078
23366,-38786,41.97970728,-93.76870094,5,1,1.0,,,1,4611.026570301356,174.98108664788572,3.663797624778942,-0.9961658736825499,0.08748458212897887,0.9846928957794359,-0.17429831038053406,-86.03794681354891,37.82819819819824,13.776621896807779,65.40807292983493,0.38753297360202477,0.9911466380920446,42.347070801942564,23.16852406444372,51.63145103302715
23366,-38785,41.97970753333333,-93.76626486666667,3,1,1.0,,,1,4632.9454937153,172.4995070394475,3.665857190788538,-0.9914437383178559,0.13053472239337266,0.9659213724993703,-0.25883566629993787,-86.1732183483126,37.82819819819824,13.406318446957608,65.29147031387262,0.38753297360202477,0.9873696963885423,34.64143417750393,23.16852406444372,51.88515186691502
23366,-38784,41.979717225,-93.7639342,4,1,1.0,,,1,4660.927311150029,170.14910373900852,3.668472330005618,-0.9852563113697247,0.17108477695611632,0.9414599981877518,-0.3371247125505905,-86.32240953321455,37.82819819819824,13.339307692307694,65.16286910839008,0.38753297360202477,0.9916215788906995,38.780514020240545,23.16852406444372,51.82356141608239
23366,-38783,41.97973092,-93.76145812,5,1,1.0,,,1,4698.758375096689,167.68616354494395,3.671983112811794,-0.9769941008763671,0.21326632845524163,0.909034946294442,-0.4167198896326656,-86.50040027715151,37.82819819819824,13.339307692307694,65.00944299108919,0.38753297360202477,0.9940292544930761,32.216536411309406,23.16852406444372,51.670135298781496
23366,-38782,41.9797459,-93.75880244999999,2,1,1.0,,,1,4748.774976158392,165.09326726677386,3.6765815907384534,-0.9663458573959774,0.25724634864975876,0.8676486322127335,-0.4971778866958714,-86.71054906875413,37.82819819819824,13.339307692307694,64.82829698069617,0.38753297360202477,0.9953445412274915,28.28670328266019,23.16852406444372,51.488989288388474
23366,-38781,41.9798067875,-93.756801775,8,2,1.0,,,2,4787.471867560253,163.15938640992908,3.6801062349559497,-0.9571143794943046,0.28971031145824344,0.8321358708695351,-0.5545718099689168,-86.86883544175467,37.82819819819824,13.339307692307694,64.56788441404221,0.38753297360202477,0.9880930453004113,35.96866952911385,23.16852406444372,51.22857672173452
23366,-38780,41.97974442,-93.75441198000001,5,1,1.0,,,1,4854.90536037243,160.95106761819034,3.6861807683596512,-0.9452401854640728,0.32637553796791396,0.7869580164323094,-0.6170065480794551,-87.09662071948331,37.82819819819824,13.339307692307694,63.947100512499446,0.40849991805670477,0.9974538647944436,32.459684263085194,22.37538233400147,50.607792820191754
23366,-38779,41.979725699999996,-93.75145006666666,3,1,1.0,,,1,4942.115227680444,158.2747397253703,3.6939128669588954,-0.9289694691535954,0.37015635261398294,0.7259685492390254,-0.6877279007832855,-87.37650578599369,37.82819819819824,13.22702597887095,63.18432890010916,0.40849991805670477,0.9973787977737824,36.65898356568371,22.37538233400147,49.95730292123821
23366,-38778,41.979704025000004,-93.749519825,4,1,1.0,,,1,5005.543614284338,156.58791113291397,3.6994512498200534,-0.9176708108114409,0.3973415193315101,0.6842394340306543,-0.7292574284279933,-87.56502650222647,37.82819819819824,13.108645515690263,62.67055282594143,0.40849991805670477,0.9888809667295224,39.90909993170033,22.37538233400147,49.561907310251165
23366,-38777,41.979670533333326,-93.74740143333334,3,1,1.0,,,1,5080.987335623808,154.79203460733618,3.7059481124313445,-0.9047678508939081,0.42590507861355553,0.6372097280223622,-0.7706904453239752,-87.77612916380622,37.82819819819824,12.976084854157284,62.09523410829526,0.40849991805670477,0.9533950442768503,30.72675657261954,22.37538233400147,49.11914925413797
23366,-38776,41.97964765,-93.74449735,4,1,1.0,,,1,5189.962061957589,152.4051968161856,3.7151641832159545,-0.8862455972557715,0.46321565317329344,0.5708625173104782,-0.8210456664095755,-88.06317984594415,37.42360436129529,12.795833084554083,62.02390334572493,0.40849991805670477,0.9872307454890902,22.928989468555944,22.136065046319622,49.22807026117085
23366,-38775,41.979628575,-93.74224395,4,1,1.0,,,1,5280.616888742576,150.62410027137037,3.722684660360963,-0.8714202224398976,0.49053725232932044,0.5187464081544012,-0.8549281630797452,-88.28653159539529,35.99329474374246,12.494334579174465,62.02390334572493,0.40849991805670477,0.9568710770474665,25.999622904040663,21.29003679033284,49.52956876655047
23366,-38774,41.979614475,-93.739937,4,1,0.5,,-81.5,1,5378.007879658004,148.86126028576325,3.7306214341999424,-0.8559176423477082,0.5171121633823177,0.4651900209641184,-0.8852108474230324,-88.51357971697006,34.539314138111536,11.939638326105886,62.02390334572493,0.570556271214166,0.6952398264459668,14.926975310770226,14.832691853175893,50.084265019619046
23366,-38773,41.979725359999996,-93.73725714,10,2,0.7,15.55,-85.5,2,5485.4276381917125,146.81338138913168,3.7392104903733405,-0.8368921736439459,0.5473677828421322,0.40077702061297693,-0.9161756271308387,-88.75427518447218,32.997938066889084,11.35160054350723,62.02390334572493,0.570556271214166,0.8865666343833903,19.515389901365022,14.170757565688865,50.6723028022177
23366,-38772,41.97958265,-93.734846525,4,1,1.0,,,1,5609.937475920224,145.19815713012997,3.748958020968434,-0.8211308521939155,0.5707399789530204,0.3485117528494116,-0.937304410597662,-89.00911936557864,31.424354838709696,10.728996351075967,62.02390334572493,0.570556271214166,0.9475404882493529,37.31891953420229,13.494992116624658,51.29490699464897
23366,-38771,41.9795812,-93.73269736666667,3,1,0.6666666666666666,,-77.0,1,5713.255688858152,143.73553815545904,3.756883660744485,-0.8062953280020834,0.5915131816299725,0.3002243119159744,-0.9538686295997891,-89.21315124873306,31.424354838709696,10.247055327623656,62.02390334572493,0.570556271214166,0.9007874852262722,46.58808235157545,13.494992116624658,51.776848018101276
23366,-38770,41.979582071428574,-93.73010985714286,7,1,0.0,72.6,-84.0,1,5842.157601057221,142.0428090474661,3.766573268547541,-0.7884705305181879,0.6150725343440132,0.24337155499126542,-0.9699331349227809,-89.45541463543667,31.424354838709696,9.914237347875776,62.02390334572493,0.6057176181584069,0.0338759828172869,65.16362702225022,12.390069473641852,52.109665997849156
23366,-38769,41.97958194444445,-93.72778412222222,9,1,0.1111111111111111,73.4,-82.0,1,5962.263614590396,140.5854941482225,3.7754111739493763,-0.7725728509160068,0.6349261295832087,0.1937376199449729,-0.981053380106331,-89.67033116156743,31.424354838709696,9.61898809451342,62.02390334572493,0.6057176181584069,0.19225747788261588,76.68395295131891,12.390069473641852,52.40491525121151
23366,-38768,41.979573900000005,-93.725175925,4,1,1.0,,,1,6102.010372279478,139.02595773098164,3.78547294152663,-0.755006728906614,0.6557170421040882,0.14007032138853076,-0.9901415580946563,-89.90898900250141,31.424354838709696,9.291123362036023,62.02390334572493,0.6057176181584069,0.9642463674808291,34.20468770536007,12.390069473641852,52.73277998368891
23366,-38767,41.97957013333333,-93.72275213333334,3,1,1.0,,,1,6235.443388077693,137.6376942163655,3.794867340597085,-0.7388987963595233,0.6738164206506456,0.09194286252310437,-0.9957642843720885,-90.12678550416017,31.06788166355195,8.991917639435842,62.02390334572493,0.6057176181584069,0.9514788782090071,48.23189325741424,12.24951838107802,53.03198570628909
23366,-38766,41.97956368,-93.72043613999999,5,1,1.0,,,1,6366.446841096932,136.3681836624064,3.803897117133283,-0.7237888041780074,0.6900215699139919,0.047740466106860044,-0.9988597738901591,-90.33219084396471,30.490359066158003,8.894499999999999,62.02390334572493,0.6057176181584069,0.9658880134262269,23.68233393185713,12.021811395810191,53.12940334572493
23366,-38765,41.97974315,-93.7177995375,8,2,0.5,,-84.5,2,6504.542655702369,134.85644752781695,3.813216766064809,-0.7053329335825189,0.7088761900387669,-0.005010905607755925,-0.9999874453336852,-90.5369863177639,29.914551182703846,8.894499999999999,62.02390334572493,0.6057176181584069,0.7134663994830841,17.135373404255667,11.79478049203872,53.12940334572493
23366,-38764,41.979533966666665,-93.71565123333333,9,1,0.0,10.5,-103.0,1,6647.649868954907,133.91815780047574,3.822668137132064,-0.6936301457563927,0.7203313271668568,-0.037754441795930654,-0.9992870469112854,-90.74918894660732,29.317917163841003,8.894499999999999,62.02390334572493,0.6057176181584069,0.07884137867088054,10.881171833414863,11.559538209993756,53.12940334572493
23366,-38763,41.9795090125,-93.7134500875,8,1,0.375,10.5,-104.0,1,6781.690807342074,132.86795990099574,3.831337985423457,-0.6803111207329084,0.7329234468941037,-0.07435355801426806,-0.997231943135908,-90.93818883614304,28.78652052529351,8.894499999999999,61.616296836193264,0.6057176181584069,0.11645470970816035,13.25205735036031,11.350017877644635,52.72179683619326
23366,-38762,41.979479749999996,-93.7107843,4,1,0.75,,-109.0,1,6946.871309825364,131.65015177046809,3.84178925368213,-0.6645805160063748,0.7472166605106584,-0.11666547548940118,-0.9931712676214671,-91.16337208178746,27.897602531645504,8.894499999999999,60.94083320225358,0.6057176181584069,0.4094723461674369,29.114442594397985,10.999533173847247,52.04633320225358
23366,-38761,41.979463675000005,-93.708520125,4,1,1.0,,,1,7088.884715697056,130.6547339838133,3.850577913614871,-0.6514992431587008,0.7586492840329055,-0.15109747232728024,-0.9885188687406562,-91.35054213226677,27.07830350047963,8.617946720885291,60.37939461875843,0.6057176181584069,0.9322989294404875,46.98386144808998,10.676498000398658,51.76144789787314
23366,-38760,41.97944144,-93.70619065999999,5,1,0.4,,-90.0,1,7237.53856761417,129.6755139312096,3.859590891023214,-0.6384389466600346,0.7696724702025047,-0.1847914227752509,-0.982777762298628,-91.54105454547484,26.24437395263406,8.27323870123776,59.80793022509149,0.6057176181584069,0.48984226488495897,61.52606860632535,10.347694271986024,51.53469152385373
23366,-38759,41.9794204,-93.70367724,5,1,0.0,94.4,-81.0,1,7399.994234634508,128.66139182583538,3.8692313813705175,-0.6247166293903477,0.7808515434851641,-0.21945826592632606,-0.9756218886006043,-91.74319721988697,25.359535289188575,7.907487200800048,59.20157949485859,0.6057176181584069,0.04791400432835431,68.95106493294365,9.998817976217206,51.294092294058544
23366,-38758,41.979398744444445,-93.70113459999999,9,1,0.0,94.4,-81.0,1,7566.616661672478,127.68030734750522,3.878901732390006,-0.6112550592574828,0.7914336690665436,-0.25273450506426226,-0.9675356685672742,-91.9446113794163,24.477885552262766,7.543053855532901,58.495733874695986,0.6057176181584069,0.015272909427545736,94.64916583062559,9.651199017992084,50.95268001916308
23366,-38757,41.97943891621622,-93.69838005405406,37,5,0.35135135135135137,38.55,-93.0,5,7745.284451197627,126.62339191637255,3.889037372168434,-0.5965525883132567,0.8025739899702419,-0.2882500187535079,-0.9575551820592912,-92.15221995698515,24.23543307086615,7.167412497416073,57.724650335061824,0.6057176181584069,0.5915868983545626,34.469115413877205,9.555604276143622,50.55723783764575
23366,-38756,41.97937452,-93.69642703,10,3,0.4,10.5,-104.5,3,7879.563415997612,125.9640131291344,3.896502155144912,-0.5872770014006212,0.8093860164506764,-0.31021144725178934,-0.9506675854334944,-92.30780599243046,24.23543307086615,7.085126984126984,57.14678485217241,0.6057176181584069,0.5624614674586743,14.861215099162411,9.555604276143622,50.06165786804542
23366,-38755,41.979381537500004,-93.694011475,8,3,1.0,,-102.0,3,8041.474926228787,125.12293321875717,3.905335712128472,-0.5753326787236488,0.817919500190985,-0.3379846175853415,-0.9411516340503747,-92.48827053054488,24.23543307086615,7.085126984126984,56.47651758066935,0.6057176181584069,0.9219573897163753,24.092923955574058,9.555604276143622,49.391390596542365
23366,-38754,41.97938516470589,-93.69114914117647,17,3,0.17647058823529413,21.0,-94.0,3,8235.76906891076,124.17230764120927,3.9157041604928806,-0.561683565285224,0.8273521453942568,-0.3690231449769591,-0.9294202055428504,-92.69952323455479,24.23543307086615,7.085126984126984,55.691899311651994,0.6057176181584069,0.012706458970423303,20.22978836236697,9.555604276143622,48.60677232752501
23366,-38753,41.97936313333334,-93.68923336666666,9,2,0.0,40.150000000000006,-86.0,2,8368.532013020567,123.57630324597375,3.9226492818213217,-0.5530470170427332,0.833150044673908,-0.3882779938802696,-0.9215422939118494,-92.8416124164427,24.23543307086615,7.085126984126984,55.021554967815504,0.6057176181584069,0.009547285438905156,44.49649038193411,9.555604276143622,47.93642798368852
23366,-38752,41.97937000833333,-93.68656981666668,12,2,0.16666666666666666,47.15,-88.0,2,8552.300696576516,122.75502265169825,3.932082962145543,-0.5410481962908965,0.8409915869319785,-0.41453369858073497,-0.9100339624107313,-93.03285685574427,24.09892518129976,7.085126984126984,53.617453461833506,0.6057176181584069,0.08113052285752684,38.36294792819509,9.501781620305216,46.53232647770652
23366,-38751,41.9793655875,-93.68384362500001,8,2,0.125,,-86.0,2,8742.804912032918,121.95739216126299,3.9416507875988613,-0.5292884692811832,0.8484419345400026,-0.43970743257196393,-0.8981410656132875,-93.22695821650026,23.29250696146185,7.042256054936461,52.192376665112405,0.6057176181584069,0.0432551380479672,27.732452899704207,9.183825123827068,45.15012061017595
23366,-38750,41.97936411818181,-93.68191805454545,11,2,0.0,26.25,-86.0,2,8878.2476797429,121.41367111142785,3.9483272565313396,-0.5212132792693842,0.853426457003329,-0.45667343502650987,-0.8896344045399144,-93.36221746552981,22.730555605767147,6.8440840793305435,51.19931398598841,0.6057176181584069,0.032529835687408463,28.44032277117634,8.962257604824648,44.35522990665787
23366,-38749,41.97935205454546,-93.67881448636363,22,2,0.2727272727272727,10.5,-98.5,2,9098.712479620219,120.57733207784707,3.958979941490675,-0.5087008406593664,0.860943351628,-0.4824469094249078,-0.8759252134665121,-93.57829692433447,21.832826646865918,6.527500233520265,49.612875736450974,0.6057176181584069,0.0753932248951988,10.624020033578095,8.608298892660898,43.08537550293071
23366,-38748,41.97968101666667,-93.67809713333332,6,2,0.6666666666666666,6.84,-97.0,2,9131.295811798178,120.19022824143849,3.9605324121433956,-0.5028725378003948,0.8643605791139428,-0.49423842145238117,-0.8693263959872946,-93.59672739149458,21.75625498111276,6.500497258753934,49.47756070825985,0.6057176181584069,0.881762980435703,13.538310956375497,8.578108033906165,42.97706344950592
23367,-38830,41.980864744444446,-93.87399057777778,9,1,0.8888888888888888,,-113.0,1,9422.056327154287,241.7490123298058,3.9741456962192565,-0.4733348519943454,-0.8808825789442604,-0.5519082357749823,0.8339048502579575,-99.79975528323116,12.837106115992828,2.356258620689655,37.82819819819824,0.8823441677872059,0.9283038444905768,9.157460596711086,1.510360403281085,35.47193957750858
23367,-38829,41.98087256666667,-93.87389940000001,3,1,1.0,,-105.0,1,9415.00943411451,241.73191529154036,3.9738207595286603,-0.4735976859351017,-0.8807412967931711,-0.5514104637538335,0.8342340801374529,-99.78766405213034,12.844698732691636,2.356258620689655,37.82819819819824,0.8823441677872059,0.9283038444905768,9.157460596711086,1.511253718917456,35.47193957750858
23367,-38821,41.9816364,-93.8544584142857,7,1,0.0,1.2,-110.0,1,7989.855293620258,236.79364172562236,3.9025389137631383,-0.5476560782184927,-0.8367035436702418,-0.4001456399806805,0.9164515627159199,-96.88165404304883,16.36062480982877,4.2601555555555555,40.472340455956626,0.6057176181584069,0.05475271904053364,4.94738203823681,6.450706118435949,36.21218490040107
23367,-38816,41.98160505,-93.84203922500001,8,2,0.0,8.825,-96.5,2,7155.753724362902,232.25812118198445,3.8546553852784093,-0.6121052004656125,-0.7907763423136484,-0.25065444712590484,0.968076623070719,-94.72242090150623,20.080808823529416,5.62,47.22014163418539,0.6057176181584069,0.042360720263720196,14.430254996846612,7.917509132246858,41.60014163418539
23367,-38805,41.98228666666667,-93.81554636666665,3,1,1.0,,-73.0,1,5529.10781307316,218.85536242403566,3.7426550584079434,-0.7787321411539747,-0.6273565591700991,0.21284749533250788,0.977085433179043,-89.63682484336402,31.424354838709696,9.665018595799554,62.02390334572493,0.6057176181584069,0.8727370666016341,20.02257975980372,12.390069473641852,52.35888474992538
23367,-38797,41.98173008,-93.79551794,5,1,1.0,,,1,4729.59380711983,202.54344033912724,3.674823843718478,-0.9235891252451895,-0.3833837864709796,0.7060337445423487,0.7081781919598411,-86.39089698217951,37.82819819819824,13.339307692307694,65.10383365999475,0.38753297360202477,0.9723494738189656,22.94508459488209,23.16852406444372,51.76452596768706
23367,-38789,41.981584425,-93.7763110625,8,3,0.375,,-86.0,3,4390.429019438791,182.94612472298135,3.642506960258351,-0.998678304820647,-0.05139692092488445,0.9947167130388823,0.10265797972452889,-85.31608443832714,39.792432939421175,15.752707466684944,65.61119565217395,0.38753297360202477,0.64260738516725,41.87954108283296,24.371553075548128,49.858488185489
23367,-38781,41.9815375,-93.75672556666666,3,1,1.0,,,1,4605.505393688118,162.39118577278668,3.6632772952595656,-0.9531441407507396,0.3025165234372071,0.8169675060949315,-0.5766837035889154,-86.49358795679223,37.82819819819824,13.339307692307694,65.0153151383673,0.38753297360202477,0.9974706966989909,30.36401577569617,23.16852406444372,51.67600744605961
23367,-38773,41.9816023,-93.73721010000001,3,1,1.0,,,1,5314.138907164735,145.54728509061636,3.725432902318649,-0.8245933519505795,0.5657259088276829,0.3599083921621843,-0.932987646891014,-88.440257066477,35.00886090657158,12.118771274713701,62.02390334572493,0.570556271214166,0.9872806761468359,19.410270394428817,15.034335768262713,49.90513207101123
23367,-38765,41.981655733333334,-93.71777416666667,3,1,1.0,,,1,6357.74782189986,133.48524776664533,3.803303297764135,-0.688167787080998,0.7255515810912703,-0.05285019364808418,-0.9986024519453975,-90.2766607280048,30.646488876771844,8.894499999999999,62.02390334572493,0.6057176181584069,0.9537599039774878,6.099993632949537,12.083370629415493,53.12940334572493
23367,-38757,41.98164375714286,-93.69833088571428,7,3,1.0,,,3,7604.722083843324,125.12342804835373,3.881083347296485,-0.575339742586823,0.817914531354058,-0.33796836120025653,-0.9411574718545314,-91.90596751982612,24.647041229902793,7.612975012304585,58.63926187525766,0.6057176181584069,0.9889853318075328,22.918406342329675,9.717894121474023,51.02628686295307
23367,-38748,41.98160935,-93.67811205000001,2,1,1.0,,,1,9024.086009970479,119.0181119997228,3.9554032259874004,-0.4850860755783996,0.8744664083199235,-0.5293829985598943,-0.8483829564741002,-93.41475494064473,22.51228213776086,6.767110006861778,50.81358801037968,0.6057176181584069,0.8699923311258173,13.538310956375497,8.876196221966303,44.046478003517905
23368,-38821,41.983461049999995,-93.85444913333333,6,1,0.5,1.555,-105.5,1,7879.756144856653,238.02428560937415,3.8965127775680015,-0.5295597597148735,-0.8482726335858806,-0.439132921781451,0.8984221040288836,-97.02592496441706,16.005820988836927,4.2601555555555555,40.05798819994625,0.6057176181584069,0.6146313041762551,0.0,6.310813222808787,35.797832644390695
23368,-38817,41.98356711428572,-93.84334395714286,7,2,0.14285714285714285,6.21,-97.5,2,7111.29873062354,234.18006331481206,3.851948922816382,-0.5852398579832032,-0.8108602275533066,-0.3149886172556001,0.94909544883505,-95.07416363127768,19.961726389360667,5.62,47.155193798449645,0.6057176181584069,0.20157942174251373,4.935479367833716,7.870557026467309,41.53519379844965
23368,-38805,41.98340756,-93.81550028,5,1,0.2,10.5,-95.0,1,5430.142226254975,219.64861357028974,3.7348112047764706,-0.7699721323631937,-0.6380775151845397,0.18571416923184705,0.9826038099592963,-89.56389411593346,31.424354838709696,9.765209787276122,62.02390334572493,0.6057176181584069,0.13245648530828563,20.954791652053935,12.390069473641852,52.25869355844881
23368,-38797,41.983448100000004,-93.79552256666666,3,1,1.0,,,1,4553.877582319571,203.46884108897441,3.658381351699043,-0.9172767887130547,-0.3982502892506996,0.6827934142234682,0.7306114928558539,-86.05052494676508,37.82819819819824,13.74218947811183,65.39723071355131,0.38753297360202477,0.9879352554645727,22.787483951065376,23.16852406444372,51.65504123543948
23368,-38789,41.983632650000004,-93.776336575,8,3,1.0,36.7,-73.5,3,4163.108639246766,183.13611238417394,3.619417744254485,-0.9985023871981932,-0.05470815989877107,0.994014034480981,0.10925245651628675,-84.75829488823284,42.260436060192795,17.130629684992964,65.83382246101566,0.38753297360202477,0.9163847219291367,41.36264303933929,25.883123608068043,48.70319277602269
23368,-38781,41.983852209999995,-93.75677152,10,1,1.0,,,1,4359.649060713153,161.41605814155628,3.6394515312112645,-0.9478577666945774,0.31869366814665145,0.796868691766464,-0.6041525370983757,-85.9576158119539,37.94992739885429,13.996526602350698,65.47731739390652,0.38753297360202477,0.9977218102977835,43.653524268447335,23.243079185995335,51.48079079155582
23368,-38773,41.98359455,-93.73723162499999,4,1,1.0,,,1,5131.9021701714,144.16520360815036,3.710278368794144,-0.8107084178550961,0.5854501355528813,0.314496277562226,-0.9492587062542557,-88.09059517689897,37.248040876212066,12.778617790439261,62.02390334572493,0.40849991805670477,0.9967815164158682,15.961648201188291,22.032219230506644,49.24528555528567
23368,-38765,41.9834226,-93.71781475,4,1,1.0,,,1,6221.5993432797695,132.19448661845422,3.7939020401051646,-0.6716493010605037,0.7408692302862475,-0.0977744327698737,-0.9952086013979831,-90.02553703519395,31.35255429589526,9.131011339694934,62.02390334572493,0.6057176181584069,0.9281943943541943,27.694961762458746,12.361759784603457,52.892892006029996
23368,-38757,41.98326336666667,-93.69834625,6,3,1.0,34.2,,3,7501.3705650275715,124.00455560453912,3.875140619984838,-0.5592588187280663,0.8289931083398027,-0.37445914734977576,-0.9272434130076519,-91.71869041954905,25.46680884990202,7.951829144036864,59.27509052524237,0.6057176181584069,0.9516055742287778,25.310772171415042,10.041114051243932,51.323261381205505
23368,-38754,41.983561575,-93.690423075,8,1,0.0,30.0,-84.5,1,8035.040951286663,121.19228365531956,3.9049880945246906,-0.5179118079627888,0.8554340180123277,-0.46353471834543075,-0.8860787577232749,-92.31123085576178,24.23543307086615,7.085126984126984,57.13406449268057,0.6057176181584069,0.025504978966038122,33.33600417125023,9.555604276143622,50.048937508553585
23368,-38749,41.983872600000005,-93.67818030000001,3,1,0.0,,-87.0,1,8899.483712447416,117.61967060538365,3.949364812561888,-0.4636002564137404,0.8860444696814681,-0.5701496045062282,-0.8215408866766106,-93.19630241051395,23.41987031633424,7.085126984126984,52.417449161388106,0.6057176181584069,0.06559325743004171,22.845310211472118,9.234042250745489,45.33232217726112
23369,-38821,41.985137716666664,-93.85444085,6,1,0.0,4.4,-106.0,1,7781.894871666829,239.18541084490164,3.891085359471658,-0.5122615641893944,-0.858829488230484,-0.4751761797084699,0.8798906740258495,-97.1737164900924,15.601244283827949,4.2601555555555555,39.63352461780497,0.6057176181584069,0.07059473122208591,3.1024106837290244,6.1512957559202235,35.37336906224942
23369,-38818,41.985739175,-93.845444475,4,2,0.25,2.07,-106.0,2,7116.701301759302,236.5754752062266,3.8522787382422714,-0.5508380365888046,-0.834612159896434,-0.39315491489398147,0.9194722469409864,-95.62427418899102,19.078429507238567,5.039921814436465,47.155193798449645,0.6057176181584069,0.21856373871449344,11.30421804044758,7.522288627910955,42.11527198401318
23369,-38817,41.98479976666667,-93.84451386666667,3,2,0.6666666666666666,4.14,-108.5,2,7111.332319688896,235.53158775021046,3.851950974131035,-0.5659518016597265,-0.8244383289234615,-0.35939711639621924,0.9331847152231344,-95.37710634375492,19.475299889013094,5.376031635626088,47.155193798449645,0.6057176181584069,0.44770552339785985,7.248345568534169,7.678767627319397,41.77916216282355
23369,-38805,41.98546786666666,-93.81547786666665,3,1,0.0,31.5,-88.0,1,5254.483942035543,221.22629122146577,3.720530069149849,-0.7521125779272247,-0.6590346501692186,0.1313466597526713,0.9913364993642754,-89.46070927993131,31.424354838709696,9.906963640906799,62.02390334572493,0.6057176181584069,0.07024633774640705,29.98670505776649,12.390069473641852,52.11693970481814
23369,-38797,41.98537806666666,-93.79555140000001,3,1,1.0,,,1,4358.834696153052,204.62041592382522,3.6393703992058377,-0.9090877200374468,-0.4166047494653857,0.6528809654457665,0.7574605236965184,-85.66773852299391,38.78246736954015,14.790060588067789,65.61119565217395,0.38753297360202477,0.9264792809312049,32.3816433962992,23.75298246619876,50.82113506410616
23369,-38789,41.98532401666667,-93.77636174166666,12,3,0.08333333333333333,68.15,-83.0,3,3975.4515193507273,183.31424967705962,3.5993864616028772,-0.9983274693474588,-0.05781231656229403,0.9933154721074022,0.11543124738149835,-84.2742237961657,45.385092128076685,18.291600200067684,68.28264340622188,0.38753297360202477,0.1446750634698793,62.89037160353013,27.796872418481282,49.991043206154195
23369,-38781,41.9853932,-93.75676913333332,3,1,1.0,,,1,4197.642731634244,160.66854380428788,3.6230054722924585,-0.9436193522636684,0.33103250298648135,0.7808349639330104,-0.6247373520926489,-85.58996752496003,39.005829001821304,15.002957328838477,65.61119565217395,0.38753297360202477,0.9918509192700654,48.854729884444644,23.889784100933397,50.60823832333547
23369,-38773,41.9853458,-93.737262425,4,1,1.0,,,1,4973.753258081187,142.8763563860996,3.696684236641244,-0.7973349417725523,0.603537066490999,0.27148601874287875,-0.9624423835363556,-87.77343851396495,37.82819819819824,12.977774431731735,62.10256694438899,0.40849991805670477,0.9006542834000492,31.601517025853862,22.37538233400147,49.12479251265725
23369,-38765,41.98580536,-93.71794966,15,1,0.8,8.8,-90.0,1,6038.209941598984,130.40380399546723,3.780908208868081,-0.6481704598730338,0.7614952757226927,-0.15975010989595964,-0.9871574861126409,-89.67129941631616,31.424354838709696,9.61765791997183,62.02390334572493,0.6057176181584069,0.9405977837472451,13.77637404533833,12.390069473641852,52.4062454257531
23369,-38757,41.985399208333334,-93.69838144166665,12,3,0.3333333333333333,16.85,-93.0,3,7368.551000773529,122.4870559554268,3.867382093796863,-0.5371090588496085,0.843512808973099,-0.42302771780337567,-0.9061167419102616,-91.46750754749124,26.566311057629292,8.406312654787726,60.02854309698255,0.6057176181584069,0.44488062605115214,15.923038370146585,10.474628400546731,51.62223044219483
23369,-38754,41.9851143,-93.69044593333332,6,1,0.3333333333333333,,-91.0,1,7945.2152974336595,120.13483586280455,3.900105670104826,-0.50203665693116,0.8648463418997532,-0.49591839019476963,-0.8683691324929901,-92.14310383229002,24.23543307086615,7.183906967448742,57.75850873233996,0.6057176181584069,0.10858817233445331,17.67280740416126,9.555604276143622,50.57460176489122
23369,-38749,41.985393120000005,-93.67823124,5,1,0.0,49.7,-87.0,1,8818.443741064695,116.65956531947933,3.9453919485895383,-0.44868841823542993,0.8936882584779705,-0.5973574066827758,-0.8019751421841134,-93.04852221961698,24.03384148071083,7.085126984126984,53.50243960268162,0.6057176181584069,0.01564696152954551,22.766398741826404,9.476120263817949,46.41731261855463
23370,-38821,41.98703645,-93.854436075,4,1,1.0,2.07,,1,7675.366315688332,240.53682780547794,3.8850991118476825,-0.49186402296865794,-0.8706720294744098,-0.5161395658181751,0.8565044942071383,-97.36004981118963,15.091160090986639,3.9510531450191784,39.09836735094677,0.6057176181584069,0.9093610583707927,4.5694391535680845,5.950178545427006,35.14731420592759
23370,-38819,41.987854049999996,-93.84756885,2,1,0.0,,-95.0,1,7139.472482363892,238.9275375224316,3.853666124036399,-0.5161217297658657,-0.8565152421664723,-0.4672367201269814,0.884132256715578,-96.21303352049416,17.964208922123113,4.2601555555555555,44.503945595999596,0.6057176181584069,0.22429761423083758,7.8549235514724325,7.0829710817147,40.24379004044404
23370,-38818,41.986997216666666,-93.84669848333333,6,2,0.6666666666666666,4.14,-95.0,2,7128.123050214321,237.97303553123328,3.8529751881623504,-0.5303183128789872,-0.8477986123043518,-0.4375249740503693,0.8992062594767808,-95.96839185462791,18.525889555262967,4.571975318584973,46.08309601054282,0.6057176181584069,0.38216305181710253,2.3270221516303997,7.304431859583375,41.51112069195784
23370,-38805,41.98717154,-93.81546363999999,5,1,0.0,41.9,-86.0,1,5112.669640141311,222.61484914082885,3.7086477312951063,-0.7359216388935683,-0.6770667185796422,0.08316131718359113,0.9965360983548414,-89.39753045128842,31.424354838709696,9.993757813141707,62.02390334572493,0.6057176181584069,0.06010198205391967,52.72663157622033,12.390069473641852,52.03014553258323
23370,-38797,41.9871826,-93.7955851,4,1,1.0,,,1,4178.446775602029,205.80083912385018,3.621014874563607,-0.9003123971398815,-0.435244284920825,0.6211248248875194,0.7837116509970031,-85.30949936536904,39.811345550571815,15.770733988215586,65.61119565217395,0.38753297360202477,0.9473090781267753,31.27851349618716,24.383136426260982,49.840461663958365
23370,-38789,41.98680842,-93.77637909,10,3,0.1,73.4,-78.0,3,3810.7677878822324,183.47916391450968,3.5810124855042704,-0.9981569332288361,-0.06068555550709609,0.9926345267055903,0.12114741595250267,-83.8302485696623,47.155193798449645,19.06513926608443,70.52862721238434,0.38753297360202477,0.11789791824661905,73.60824338937813,28.881001324956696,51.46348794629991
23370,-38781,41.98699914,-93.75679434,5,1,1.0,,,1,4028.842357006828,159.856273374372,3.6051802743823047,-0.9388317066378395,0.3443762863663547,0.7628099467770368,-0.6466227533098523,-85.19106069522905,40.15150647632141,16.092707053196,65.61119565217395,0.38753297360202477,0.985845541993,63.608304134610314,24.591473776951617,49.518488598977946
23370,-38773,41.987156399999996,-93.7372903,3,1,1.0,,,1,4813.271198564323,141.45247639127922,3.6824403322200197,-0.7820915470191212,0.6231635516309003,0.22333437583752444,-0.9747418922818817,-87.43702926168258,37.82819819819824,13.18902062206704,63.01938409003303,0.40849991805670477,0.9291433381365403,54.31837103451197,22.37538233400147,49.83036346796599
23370,-38765,41.98699345,-93.71793551666667,6,1,0.0,45.05,-84.5,1,5954.266561124342,129.42895014982702,3.7748282732791374,-0.6351208754525424,0.7724127611351305,-0.19324294712879225,-0.9811509381257192,-89.49892632989909,31.424354838709696,9.854461603618914,62.02390334572493,0.6057176181584069,0.1440030813373389,43.76474551874574,12.390069473641852,52.16944174210602
23370,-38757,41.98671640714286,-93.6982626,14,3,0.35714285714285715,17.1,-92.0,3,7299.19085058659,121.47629072024188,3.8632747192160406,-0.5221456932321146,0.8528563038631739,-0.454727750078309,-0.8906304920160318,-91.32294180050668,27.199118369167145,8.667886016401129,60.462185060539554,0.6057176181584069,0.03522717932248058,17.31220358481421,10.724133174586651,51.79429904413843
23370,-38756,41.98666275555556,-93.69641236666666,9,1,0.1111111111111111,7.765000000000001,-104.0,1,7433.038635556972,120.89908991706159,3.8711663901910285,-0.5135276225386984,0.8580730626757561,-0.4725787617795041,-0.8812884396807612,-91.48525076047721,26.488643732264183,8.374208563996012,59.97532024247144,0.6057176181584069,0.04183066754067343,12.860552392160002,10.44400554251051,51.60111167847543
23370,-38755,41.987022942857145,-93.69403092857144,7,1,0.42857142857142855,,-98.0,1,7582.452587187718,119.87454965164238,3.8798097033629024,-0.4981026216635073,0.8671180878588227,-0.5037875565838819,-0.863827585708654,-91.6429152422711,25.79849935899395,8.08893470507655,59.502387083030776,0.6057176181584069,0.813318873951959,14.80163321463631,10.17189377520295,51.41345237795423
23370,-38754,41.98721707333333,-93.69094321333334,15,2,0.7333333333333333,10.5,-103.0,2,7794.220348891814,118.80098288588238,3.8917726794852947,-0.4817687067168623,0.8762984156258425,-0.5357978264567239,-0.8443463087881953,-91.875748716921,24.77931792630673,7.667652098853104,58.75149818928886,0.6057176181584069,0.5679314642163665,12.524350072025504,9.770048492394304,51.083846090435756
23370,-38749,41.98711864,-93.67829044,5,1,0.0,31.5,-94.0,1,8729.432557602804,115.54911314364739,3.940986014025003,-0.4312846220767809,0.9022159246877037,-0.6279871495201765,-0.7782237082211795,-92.88028947416322,24.23543307086615,7.085126984126984,54.73759107746314,0.6057176181584069,0.027300124886531066,27.506496635614933,9.555604276143622,47.65246409333615
23371,-38821,41.988746525,-93.85444065,4,1,1.0,,,1,7583.819781470739,241.78847151541692,3.8798880040712085,-0.47272808238183683,-0.8812083522797496,-0.5530563202551826,0.8331438691041283,-97.54644242420228,14.580913587568517,3.5961808204227346,38.563039795171825,0.6057176181584069,0.9482451055750287,7.34822804462687,5.748997338732964,34.96685897474909
23371,-38819,41.988527383333334,-93.84822014999999,6,2,0.3333333333333333,2.59,-99.0,2,7147.446847209453,239.66439134943028,3.8541509343623854,-0.5050641164861953,-0.8630818259226751,-0.4898204764760378,0.8718233197298563,-96.40310337568556,17.50835543015063,4.2601555555555555,43.27705364546107,0.6057176181584069,0.3499517850881245,5.312500064150209,6.9032360811289815,39.01689808990552
23371,-38805,41.98898676,-93.81545138,5,1,0.0,73.4,-79.0,1,4965.234894697807,224.18258619037178,3.6959397988652425,-0.7171224627496589,-0.6969471812267155,0.028529253160271585,0.99959295801547,-89.35560096345374,31.424354838709696,10.051359944536324,62.02390334572493,0.6057176181584069,0.05695064649023329,64.68179952573756,12.390069473641852,51.97254340118861
23371,-38797,41.98909533333333,-93.79560783333334,6,1,0.0,4.14,-102.5,1,3988.869024931144,207.1542331874096,3.600849776424274,-0.8897812109043749,-0.4563873319030057,0.5834212065569114,0.8121697456441466,-84.92871735780983,41.16036705711826,16.721897443949153,65.61119565217395,0.38753297360202477,0.09476659176574993,11.522119842267504,25.2093676169224,48.889298208224794
23371,-38789,41.98902265,-93.77640438333333,12,3,0.16666666666666666,52.4,-87.0,3,3565.1773591301785,183.75269295537515,3.5520811398472354,-0.9978558481280096,-0.06545002946317471,0.9914325872865392,0.13061938931995884,-83.13109250387745,47.155193798449645,20.080808823529416,70.67000000000002,0.38753297360202477,0.08427597028453401,32.150869189346025,28.881001324956696,50.5891911764706
23371,-38781,41.9888352,-93.75682875,4,1,1.0,,,1,3836.7728848590327,158.84672365174265,3.583966092194998,-0.9326183893495107,0.36086415705515057,0.7395541203057512,-0.6730970978534868,-84.71701682601213,42.526884004930935,17.22962880711159,66.04264010164769,0.38753297360202477,0.959543996116511,52.838808992218425,26.046314188471666,48.813011294536096
23371,-38773,41.989107375,-93.73731425,4,1,1.0,,,1,4644.236372959736,139.8044297305114,3.6669143154721486,-0.763845928868885,0.6453986341405056,0.16692120609913952,-0.9859702383715284,-87.06451085494402,37.82819819819824,13.339307692307694,64.0346096227698,0.40849991805670477,0.9728646795237013,48.10072289409784,22.37538233400147,50.695301930462115
23371,-38765,41.98907257333334,-93.71797102666666,15,1,0.0,49.7,-76.0,1,5807.73851428151,127.6863334259209,3.7640070545995643,-0.6113382948409407,0.7913693759938977,-0.2525309785219421,-0.9675888098188974,-89.18607823406415,31.424354838709696,10.296672046363117,62.02390334572493,0.570556271214166,0.0196102724760111,53.17103622007755,13.494992116624658,51.72723129936182
23371,-38757,41.98881946666666,-93.69842683333333,6,2,1.0,,-77.0,2,7167.920014140395,119.93950226017432,3.855393150447139,-0.4990852984298432,0.866552863298711,-0.5018277297823887,-0.8649675887693445,-91.05987297941661,28.350648914236217,8.894499999999999,61.25129093456329,0.6057176181584069,0.9506725843170777,18.90092199712972,11.178161380659832,52.35679093456329
23371,-38754,41.988853695,-93.690496155,20,2,0.0,10.5,-93.5,2,7740.781996166217,117.48912215504106,3.8887848365827318,-0.4615802021732254,0.8870984821099202,-0.5738874339234488,-0.8189341934397166,-91.73468747288909,25.39678498513603,7.922884507389908,59.2271054819925,0.6057176181584069,0.02497212890002429,15.593976563255518,10.013504875058244,51.30422097460259
23371,-38749,41.9889240522388,-93.6783072955224,67,1,0.014925373134328358,10.5,-97.0,1,8643.276622988304,114.35300844386234,3.9366784125621406,-0.4123573870483413,0.9110221651236947,-0.6599227706933289,-0.7513334391070585,-92.70753627007902,24.23543307086615,7.085126984126984,55.662137921888615,0.6057176181584069,0.005428206388373041,13.91002460780056,9.555604276143622,48.57701093776163
23372,-38821,41.99024326666667,-93.85443676666667,3,1,1.0,,,1,7506.150938234764,242.9062934028942,3.875417293221666,-0.45544712297558526,-0.8902628365675286,-0.5851358363465242,0.8109352952135291,-97.72177643235062,14.100939820679486,3.2623629397313296,38.05947302549574,0.6323352193598594,0.9404657081399171,1.449226298203698,5.184418945989947,34.79711008576441
23372,-38819,41.990633,-93.84929091250001,8,2,0.5,10.5,-98.0,2,7109.6393908511955,241.65320783355128,3.8518475733689903,-0.47480711679603993,-0.8800898828186992,-0.5491164036796634,0.8357458795650224,-96.83924019285257,16.462347945780504,4.2601555555555555,40.59415484757645,0.6057176181584069,0.40184077438696003,11.087229800388732,6.490813758767395,36.33399929202089
23372,-38805,41.990723233333334,-93.81543833333335,3,1,0.3333333333333333,,-86.0,1,4827.803467179032,225.76988202577746,3.683749582291729,-0.697541856181232,-0.7165440383362641,-0.026870717750483043,0.999638917073347,-89.3426143177077,31.424354838709696,10.069200812938703,62.02390334572493,0.6057176181584069,0.29701521670277864,54.54973211296364,12.390069473641852,51.95470253278623
23372,-38797,41.990574,-93.795636,6,1,0.0,10.17,-94.5,1,3844.386237424369,208.3029906358918,3.584827013844464,-0.8804526065915572,-0.47413416618730664,0.550393584907735,0.8349053249874574,-84.63926177268004,43.02878920684089,17.41611241622596,66.43598770350948,0.38753297360202477,0.06142194898863036,19.935775594519228,26.353714575019133,49.019875287283526
23372,-38789,41.9905873076923,-93.7764159923077,13,3,0.07692307692307693,62.900000000000006,-78.0,3,3391.6532380183694,183.96113461899117,3.5304114436691725,-0.9976111385811743,-0.06907978125886718,0.9904559676424541,0.13782951846919392,-82.60749456072345,47.47432012793192,20.080808823529416,70.67000000000002,0.38753297360202477,0.05437023992331522,52.39772772585163,29.076455679020004,50.5891911764706
23372,-38781,41.99087408333333,-93.7568777,6,1,0.5,57.65,-86.0,1,3624.6998755668938,157.6137077507866,3.559272052898407,-0.9246371764803204,0.380849172075378,0.7099078162589982,-0.7042946062652904,-84.16581757063017,46.084849200884925,18.52632566191761,68.83104929129244,0.38753297360202477,0.5430710141057491,50.93772012492551,28.225450552065094,50.304723629374834
23372,-38773,41.990854850000005,-93.737341825,4,1,1.0,,,1,4495.989360480886,138.22906036865533,3.652825274827484,-0.7458139684601164,0.6661542797654103,0.11247695110045502,-0.9936543339970625,-86.72013078085419,37.82819819819824,13.339307692307694,64.82003764736181,0.38753297360202477,0.956896288018768,37.54412254416611,23.16852406444372,51.48072995505412
23372,-38765,41.990485050000004,-93.717966,2,1,0.5,,-75.0,1,5713.325786141229,126.43784878156606,3.7568889891733424,-0.5939504585471194,0.8045016176439092,-0.2944457055833332,-0.9556682094029983,-88.97266130298566,31.599427572042067,10.818066238878657,62.02390334572493,0.570556271214166,0.5288601096367247,35.383668458614615,13.57017600403564,51.205837106846275
23372,-38757,41.99088555,-93.698461075,4,2,1.0,,,2,7053.402841800071,118.33444497542303,3.8483986884631656,-0.4746174471624872,0.8801921829060763,-0.5494765576979272,-0.8355091337265179,-90.80999395466459,29.146956339642315,8.894499999999999,62.00083246293624,0.6057176181584069,0.95714443365427,20.725141911657058,11.492131369027096,53.10633246293624
23372,-38754,41.99064746875,-93.6904998875,16,2,0.0,22.9,-88.5,2,7650.311781159297,116.16558329121716,3.8836791347716386,-0.44096680363010904,0.8975234136757909,-0.6110965561924897,-0.7915560618235952,-91.53919987176526,26.252492411594194,8.276594497801112,59.81349353705129,0.6057176181584069,0.007883723647932224,34.37619587428313,10.350895237321708,51.53689903925018
23372,-38749,41.990485766666666,-93.6784023,6,1,0.5,10.5,-100.0,1,8565.743580646935,113.31698252797048,3.932765069456196,-0.3958177136358944,0.9183291009066701,-0.6866566751441062,-0.7269818501723695,-92.55193568479173,24.23543307086615,7.085126984126984,56.24005744466302,0.6057176181584069,0.6218032664782033,13.812046436287828,9.555604276143622,49.154930460536036
23373,-38821,41.99240034,-93.85442018,5,1,1.0,,,1,7398.549130144782,244.5545299422121,3.8691465620890266,-0.42965188714861063,-0.902994604562861,-0.6307985117392751,0.7759466718708932,-97.99521777486481,13.352398949597069,2.7417588058529474,37.82819819819824,0.6517012410466736,0.9021616295474275,16.477859395875825,4.650623983194358,35.08643939234529
23373,-38819,41.9923849,-93.849335225,8,2,0.125,10.5,-96.0,2,7022.349600480775,243.06571261013812,3.8464824465734035,-0.45296830474172634,-0.8915266204098488,-0.589639429798813,0.8076666037583395,-97.06766793529992,15.891550339421116,4.2601555555555555,39.93810060240508,0.6057176181584069,0.17943557464415325,10.578479511220202,6.265758318982535,35.67794504684952
23373,-38805,41.992394250000004,-93.81542685,2,1,1.0,,-82.0,1,4699.3153515235435,227.3845400378899,3.672034589698665,-0.6770745640858503,-0.7359144207501004,-0.08314006933591157,0.9965378712677305,-89.3592785395582,31.424354838709696,10.046307743020792,62.02390334572493,0.6057176181584069,0.8661694890360132,60.971601117251545,12.390069473641852,51.97759560270414
23373,-38797,41.992568157142856,-93.79565135714286,7,1,0.14285714285714285,21.0,-91.5,1,3651.2737649457913,209.9697455842298,3.5624443966714336,-0.8662893026214769,-0.49954263498083445,0.5009143116728095,0.8654968817744841,-84.2524754527085,45.525476659323495,18.343760277211956,68.3926640206612,0.38753297360202477,0.07590787326885565,31.19782467343549,27.882853314886287,50.048903743449245
23373,-38789,41.99240962142857,-93.77642162142857,14,3,0.07142857142857142,78.65,-76.0,3,3189.5696693779473,184.22080099084837,3.5037320928310307,-0.9972878226826493,-0.07360026310347495,0.9891660025421986,0.14680129227866934,-81.9629631627024,48.24016476533454,21.056041044695906,70.67000000000002,0.38753297360202477,0.1196227862595785,71.33557760539081,29.545510266772826,49.61395895530411
23373,-38781,41.9924521,-93.75690908888889,9,1,0.0,62.9,-83.0,1,3462.0545792489474,156.54791207099152,3.5393339102406465,-0.9173931970084612,0.39798206251361967,0.6832205558348107,-0.7302120733627816,-83.72173331891683,47.155193798449645,19.239379118968934,70.67000000000002,0.38753297360202477,0.059166527351106044,60.81443289719076,28.881001324956696,51.43062088103108
23373,-38773,41.992473499999996,-93.73736296666668,3,1,1.0,,,1,4362.1503075284545,136.67190354033715,3.6397006260765967,-0.7274363614925676,0.6861751525510483,0.05832732004309112,-0.9982975126366843,-86.39278341336616,37.82819819819824,13.339307692307694,65.10220757649108,0.38753297360202477,0.997039221531238,44.76776930533741,23.16852406444372,51.76289988418339
23373,-38765,41.9924559,-93.71797018333332,6,1,0.16666666666666666,47.099999999999994,-88.0,1,5585.543961740646,124.63200840721191,3.7470654743323033,-0.5683035032754602,0.8228190130064078,-0.354062256329678,-0.9352218553063959,-88.66883709893267,33.54507018361868,11.56033244399337,62.02390334572493,0.570556271214166,0.1521814567616108,43.63622329713448,14.405720022035707,50.46357090173156
23373,-38757,41.99263905833333,-93.69847421666667,12,2,0.0,24.35,-88.0,2,6961.856281094071,116.92678793705113,3.8427250535687754,-0.4528516088144713,0.8915859018592348,-0.5898508407882902,-0.8075122201065116,-90.59812769317101,29.74264461996819,8.894499999999999,62.02390334572493,0.6057176181584069,0.022317958579221007,24.56617484797555,11.727000763029103,53.12940334572493
23373,-38754,41.99251509333333,-93.69051818666667,15,2,0.0,23.3,-93.0,2,7559.478075124232,114.75847622141089,3.8784918117818643,-0.4187940818148117,0.9080812282152345,-0.6492230340737776,-0.7605980883673312,-91.33415040771908,27.15005495861445,8.647605464965475,60.42856352472142,0.6057176181584069,0.0033981018999418764,17.768730839936083,10.704788336212662,51.780958059755946
23373,-38749,41.99221285,-93.6784518,2,1,1.0,,,1,8487.575717850741,112.13791213916852,3.9287836616565204,-0.37683725699553056,0.9262794836009726,-0.7159873634801689,-0.6981132396228541,-92.3845607362199,24.23543307086615,7.085126984126984,56.86170838655658,0.6057176181584069,0.9249066377989026,12.335668525865774,9.555604276143622,49.77658140242959
23374,-38828,41.99394108571429,-93.86982149999999,7,1,1.0,,,1,8502.638134672756,249.2950117264303,3.929553696251784,-0.35355628387857574,-0.9354132531293171,-0.7499959082599439,0.6614424673343418,-100.70630609429368,10.985802811165659,2.356258620689655,32.03910193726652,0.8823441677872059,0.9973617457062436,0.0,1.2925437722733482,29.682843316576868
23374,-38827,41.99395476,-93.86793586,5,2,1.0,,,2,8356.565855335626,248.92588815488756,3.92202784005999,-0.35957523168873573,-0.9331160982192902,-0.7414113055119841,0.6710508744193807,-100.42554297891758,11.671728979674834,2.356258620689655,33.83706494925719,0.8823441677872059,0.9975105580208866,2.197202190850588,1.3732469864658283,31.480806328567535
23374,-38826,41.99399286,-93.86529626000001,5,1,1.0,,,1,8151.914847640767,248.4007964532206,3.911259634517398,-0.3681116280762566,-0.929781602998816,-0.7289876585500955,0.6845268392704916,-100.02514432199155,12.649934098440468,2.356258620689655,36.40115522956107,0.8823441677872059,0.9964514769799504,1.7060785109293422,1.4883385237890143,34.04489660887141
23374,-38825,41.994021200000006,-93.86323446,10,2,1.0,,,2,7992.617048396085,247.97095079171993,3.902689005043859,-0.37507663147741255,-0.9269938082422974,-0.7186350410391145,0.6953874299918789,-99.70369100476378,12.897429108644975,2.356258620689655,37.82819819819824,0.8823441677872059,0.9969327380214059,0.7465470752368994,1.5174577551831394,35.47193957750858
23374,-38824,41.99405154,-93.86043517,10,2,0.8,0.4045,-106.0,2,7777.441259242898,247.35311605669136,3.890836739692922,-0.385050637613826,-0.9228954472057959,-0.7034720129463721,0.7107229607949777,-99.25360043201249,13.180060808440604,2.356258620689655,37.82819819819824,0.8014204545454545,0.8117836302967988,0.0,2.6172904844034046,35.47193957750858
23374,-38823,41.99407795454545,-93.85832756363635,11,2,0.6363636363636364,0.27,-115.0,2,7615.901883842512,246.8677290323979,3.881721340368505,-0.3928551296725536,-0.9196003735808077,-0.6913296941799222,0.7225394480200339,-98.90534504839819,13.339307692307694,2.356258620689655,37.82819819819824,0.6517012410466736,0.8354252650721627,3.540497130424153,4.64606431452733,35.47193957750858
23374,-38822,41.994109566666666,-93.85573876666666,9,2,0.8888888888888888,,-120.0,2,7418.30070279723,246.2420381588177,3.8703044335920347,-0.40287387796704227,-0.9152555044640796,-0.6753852769035935,0.7374650688282506,-98.46529685474387,13.339307692307694,2.356258620689655,37.82819819819824,0.6517012410466736,0.9204957999690961,5.95054935809812,4.64606431452733,35.47193957750858
23374,-38821,41.994135185714285,-93.85358625714287,14,3,0.42857142857142855,8.28,-108.0,3,7254.736848257612,245.69539886314638,3.860621663855445,-0.4115875475067992,-0.9113702270413151,-0.6611913814746766,0.7502172732372994,-98.08868233125358,13.339307692307694,2.563811923425773,37.82819819819824,0.6517012410466736,0.12140461414479012,2.8608131935851846,4.64606431452733,35.26438627477246
23374,-38820,41.9941637375,-93.850969275,8,2,0.25,20.700000000000003,-97.0,2,7056.933803836725,244.99467634908882,3.8486160436402743,-0.422702469718785,-0.9062685154487271,-0.6426452441872793,0.7661638794171076,-97.61685511477813,14.388160084187192,3.4621223146596853,38.36081153659303,0.6057176181584069,0.2765479779312933,15.13477526316361,5.672998028311463,34.898689221933346
23374,-38819,41.99419266666666,-93.84910098,30,4,0.06666666666666667,20.35,-93.0,4,6915.985319841012,244.47708748863306,3.8398540627512765,-0.43087200511416146,-0.9024130513289921,-0.628698630417804,0.777649041734623,-97.27177255538885,15.332817527811319,4.119123941756621,39.3519034048415,0.6057176181584069,0.1338369094123953,21.841483325721185,6.045459815207974,35.23277946308488
23374,-38818,41.9942169,-93.84664774000001,5,2,0.2,,-99.5,2,6732.48106817126,243.75298374563863,3.828175140843249,-0.4422419839080942,-0.8968957730243983,-0.6088440553380658,0.7932899320421873,-96.80422477582671,16.54632707076083,4.2601555555555555,40.694720622732,0.6057176181584069,0.1781559210381591,11.652976047409703,6.523925248189611,36.43456506717644
23374,-38817,41.99424114,-93.84385434000001,5,2,1.0,,-84.0,2,6525.087681334465,242.87619400457777,3.814586351912828,-0.4559147450919628,-0.8900234520549055,-0.5842834904154612,0.811549630538962,-96.25350342125672,17.867148051719358,4.2601555555555555,44.24271429535656,0.6057176181584069,0.7872865536884559,12.661098320252737,7.044701690548289,39.98255873980101
23374,-38816,41.99426006,-93.8411936,10,2,0.3,41.9,-91.0,2,6329.270035438742,241.9841619637322,3.801353625047147,-0.46971561441160664,-0.8828177850371655,-0.5587344831558537,0.8293465966244518,-95.70994763222467,18.940866095251884,4.9234192586187655,47.155193798449645,0.6057176181584069,0.2812082026059929,40.049250113021195,7.468049798178589,42.23177453983088
23374,-38815,41.99427458,-93.83908264,5,2,0.2,31.5,-89.0,2,6175.09093356023,241.23593765168027,3.790643357341039,-0.4812039332292707,-0.8766086781709839,-0.5368855492893592,0.8436550876775787,-95.26540759127522,19.654651400120898,5.5279245636369785,47.155193798449645,0.6057176181584069,0.32396012286147646,34.28182447644579,7.749482768305871,41.627269234812665
23374,-38814,41.99429042857143,-93.83662678571429,7,2,0.2857142857142857,21.0,-90.0,2,5997.175347239538,240.31632476107993,3.777946747057765,-0.49521115711267305,-0.8687726456738423,-0.5095318197422549,0.8604518142639634,-94.73291070361584,20.080808823529416,5.62,47.21161290640417,0.6057176181584069,0.39426482907855237,30.832477344308263,7.917509132246858,41.59161290640417
23374,-38813,41.994295099999995,-93.83399930833333,12,2,0.08333333333333333,47.15,-85.0,2,5809.341016274476,239.25884327358008,3.7641268709054385,-0.5111604355575569,-0.8594853164077958,-0.47743001824121756,0.8786697773806669,-94.14308522563232,20.080808823529416,5.70001365296954,47.69117018380382,0.6057176181584069,0.03491765775023646,48.39703062086958,7.917509132246858,41.99115653083428
23374,-38812,41.9942846375,-93.831737825,8,2,0.125,36.7,-82.0,2,5650.198176350037,238.27879282117993,3.752063680631099,-0.5257865301214857,-0.8506165556482004,-0.4470970494856159,0.8944854545163139,-93.6180786301542,21.66754860726683,6.46921498284917,49.32080160736251,0.6057176181584069,0.07793325465950704,41.79421117696098,8.54313267354166,42.851586624513345
23374,-38811,41.99427438888889,-93.82923602222223,9,2,0.1111111111111111,47.2,-80.0,2,5476.1040571594085,237.1299607966801,3.738471692022355,-0.5427353262655237,-0.8399037835511015,-0.4108767312469112,0.9116909079945097,-93.02060927230637,24.149809288422126,7.085126984126984,53.707374248093195,0.6057176181584069,0.09964088834550199,59.68666255091343,9.521844327259306,46.62224726396621
23374,-38810,41.994261353846156,-93.82686793846155,13,2,0.15384615384615385,94.4,-74.0,2,5313.676736664616,235.97035671364316,3.725395130098138,-0.5596217502236457,-0.8287481503307405,-0.373646993353247,0.927570980765396,-92.43840555877158,24.23543307086615,7.085126984126984,56.661722158384656,0.6057176181584069,0.1036984749160673,87.270890114154,9.555604276143622,49.57659517425767
23374,-38809,41.9942438,-93.82464623333334,6,2,0.0,31.5,-74.0,2,5163.727218898298,234.81122021528827,3.7129632919878213,-0.5762722838779961,-0.8172577652332452,-0.3358205096680764,0.9419259977759789,-91.87744866241651,24.77187675880186,7.664576263345061,58.74518438469939,0.6057176181584069,0.13717856951796703,23.65508966075626,9.767114571146802,51.08060812135433
23374,-38808,41.994215759999996,-93.82169874,5,2,0.6,10.5,-99.5,2,4968.594243653476,233.16158656472928,3.696233531875853,-0.5995603069265002,-0.8003295810840687,-0.2810548767164017,0.9596916985542431,-91.11236821066377,28.120861659322888,8.894499999999999,61.093825313347786,0.6057176181584069,0.5289793070454561,21.040668883341233,11.087560314475763,52.199325313347785
23374,-38807,41.99419066,-93.81943104,10,2,0.1,57.65,-83.0,2,4821.707808535979,231.79877296450687,3.6832008889561307,-0.6184252249771754,-0.7858436492788688,-0.23510048222385976,0.9719710712043381,-90.50854981865707,29.99450392804433,8.894499999999999,62.02390334572493,0.6057176181584069,0.07164768305749733,56.39571427275023,11.82630445090634,53.12940334572493
23374,-38806,41.994160254545456,-93.81704720909092,11,2,0.09090909090909091,52.4,-85.0,2,4670.711203738627,230.2705069459606,3.669383015114768,-0.6391637819844393,-0.7690706468194896,-0.18293931959869617,0.983124206468728,-89.86093847204282,31.424354838709696,9.357134494343894,62.02390334572493,0.6057176181584069,0.07138642632924175,50.35150148605397,12.390069473641852,52.666768851381036
23374,-38805,41.994087226086954,-93.81465568695653,23,3,0.6956521739130435,3.11,-91.0,3,4525.912567289012,228.59109285495097,3.6557061598903204,-0.6614284688548722,-0.7500082536801175,-0.12502476117659894,0.9921536217203132,-89.19852729341156,31.424354838709696,10.26714550853068,62.02390334572493,0.570556271214166,0.7516087725435435,15.249547783671797,13.494992116624658,51.75675783719425
23374,-38804,41.994117925,-93.812663525,4,1,1.0,,,1,4401.5126496090925,227.2060062251994,3.6436019543230556,-0.6793643847968187,-0.7338010852197209,-0.07692806533928016,0.9970366456470672,-88.64298244078067,33.71063936453721,11.623497388507428,62.02390334572493,0.570556271214166,0.9939072129950373,38.70743437976258,14.476822668461377,50.4004059572175
23374,-38803,41.99412095,-93.80999485,4,1,1.0,,,1,4242.155604631873,225.18431627171927,3.627586594636357,-0.7048284162739631,-0.7093778285319728,-0.006433807225473999,0.9999793028481067,-87.88936442575071,37.82819819819824,12.904979444495979,62.02390334572493,0.40849991805670477,0.9668922540203503,37.578306733030175,22.37538233400147,49.11892390122895
23374,-38802,41.994100759999995,-93.80763446,5,1,1.0,,,1,4107.776537431011,223.24324223855456,3.6136068099981977,-0.7284517788521244,-0.6850970777102874,0.061283988225648706,0.998120369888902,-87.21943455838621,37.82819819819824,13.325657922606899,63.612395588468324,0.40849991805670477,0.9819666940444056,44.638648666594506,22.37538233400147,50.28673766586142
23374,-38801,41.99409346666666,-93.80523696666667,3,1,1.0,,,1,3975.325824961064,221.15381553545447,3.5993727300197937,-0.7529456148490696,-0.6580827463773506,0.13385419784088717,0.9910010361853173,-86.5402992806146,37.82819819819824,13.339307692307694,64.97505047690494,0.38753297360202477,0.9699522112135767,36.92922730846518,23.16852406444372,51.63574278459725
23374,-38800,41.994087025,-93.80260665,4,1,1.0,,,1,3836.3887273330556,218.70088254678146,3.5839226062103973,-0.7804207764160647,-0.6252546775020134,0.21811317652370651,0.9759234817477949,-85.80343458206765,38.39274248474923,14.418595010377302,65.61021996478682,0.38753297360202477,0.9608658685574816,31.120061593104808,23.51428882489757,51.19162495440952
23374,-38799,41.994078325000004,-93.800180175,4,1,1.0,,,1,3715.1386270936227,216.27668560106258,3.5699750237112755,-0.8061691133929652,-0.5916851870811035,0.2998172787775991,0.9539966453538479,-85.13925988532826,40.30028061765218,16.21694337702815,65.61119565217395,0.38753297360202477,0.9434495969109703,48.09163565147903,24.682593032897387,49.394252275145796
23374,-38798,41.994081275,-93.79765515,4,1,0.25,,-76.0,1,3595.3860258996037,213.59739789177837,3.5557455261285718,-0.8329463723253125,-0.553353721258023,0.3875993183397964,0.9218279494691649,-84.47117993008533,44.11374957314147,17.819231021261018,67.28628085961826,0.38753297360202477,0.04226480658710025,38.478641885922954,27.018217024326905,49.46704983835724
23374,-38797,41.99419276470588,-93.79552044705882,17,2,0.0,52.4,-78.0,2,3490.2910536229133,211.29671180181666,3.542861644068602,-0.8544886438676289,-0.5194700737302009,0.4603016849974791,0.8877625576630733,-83.91284257667412,47.155193798449645,18.932520417286554,70.11080029060848,0.38753297360202477,0.05829643603654228,42.701766999901984,28.881001324956696,51.17827987332193
23374,-38796,41.994120020000004,-93.79292269999999,10,1,0.4,52.4,-76.0,1,3390.924639039093,208.12406346756035,3.5303181379900717,-0.8819289694810789,-0.47138232125318635,0.5555974144199156,0.8314514496288431,-83.31515747815943,47.155193798449645,19.892206386963892,70.67000000000002,0.38753297360202477,0.07331003565128809,56.24297129241828,28.881001324956696,50.777793613036124
23374,-38795,41.99414418,-93.79091144,10,1,1.0,,,1,3313.4254228259183,205.61004379134624,3.5202772001211198,-0.9017567691150571,-0.43224383090470314,0.6263305412896527,0.7795576008530803,-82.87687680926038,47.25529904032171,20.080808823529416,70.67000000000002,0.38753297360202477,0.9700070164703275,51.57162158901224,28.94231248477293,50.5891911764706
23374,-38794,41.99417766842105,-93.78782215789474,19,1,0.631578947368421,63.9,-80.0,1,3207.91439326287,201.52302779349483,3.5062227701390523,-0.9302701920326636,-0.36687514199726207,0.7308052603689776,0.6825860175956073,-82.28747158388347,47.73451463157287,20.080808823529416,70.67000000000002,0.38753297360202477,0.8184782650656246,63.09334398825901,29.235816232950075,50.5891911764706
23374,-38793,41.99420533076923,-93.78602834615384,13,1,0.0,52.4,-78.0,1,3153.655410648705,199.03709933312746,3.4988142376835794,-0.9453075702284046,-0.32618031465566705,0.7872128046622601,0.6166814414069701,-81.995994789833,47.99764917864086,20.91880704569008,70.67000000000002,0.38753297360202477,0.03292960360944614,50.578783213449654,29.396977466535386,49.751192954309936
23374,-38792,41.99423285555556,-93.7831979,9,1,0.0,41.9,-83.0,1,3082.363519285612,194.9417637253567,3.4888838560274236,-0.9661883947869135,-0.25783713033441746,0.8670400284418253,0.49823848614855004,-81.63134053728517,50.6749117805497,22.43380844521978,70.67000000000002,0.38753297360202477,0.02310543202698788,48.91163661474755,31.036712531213,48.236191554780234
23374,-38791,41.99424358888889,-93.78084984444445,9,1,0.0,52.4,-88.0,1,3036.9703877972483,191.40811250111284,3.482440557318677,-0.9802431785215684,-0.19779613485084244,0.9217533780761347,0.3877766238509411,-81.42365444120666,52.19972662661949,23.296666135822235,70.67000000000002,0.38753297360202477,0.05236078325671911,44.68419048133816,31.970611345792847,47.37333386417778
23374,-38790,41.99427431666667,-93.77828841666667,6,1,0.0,57.65,-86.0,1,2998.9066510901107,187.45346331312524,3.4769629474042683,-0.9915505501108763,-0.12972087948675973,0.9663449868503631,0.2572496188319266,-81.28721043887255,53.201487670544154,23.863539696323226,70.67000000000002,0.38753297360202477,0.08378087372705934,54.175395804789574,32.58415695352672,46.806460303676786
23374,-38789,41.99431604736842,-93.7762718,19,4,0.5263157894736842,62.9,-79.0,4,2977.2500924315473,184.28329263525592,3.473815317414954,-0.9972069548157129,-0.07468794592953311,0.9888434214656543,0.14895867824366063,-81.24371316229377,53.52084122546798,24.044254536290463,70.67000000000002,0.38753297360202477,0.8536399714020284,36.69831934740479,32.77975047568054,46.62574546370955
23374,-38788,41.99430457142857,-93.77377781428572,7,1,0.0,49.2,-78.0,1,2970.258538146669,180.31362390536634,3.4727942529548184,-0.9999850189597039,-0.005473742427323305,0.9999400762876787,0.010947320849934862,-81.29699536569781,53.129647513824054,23.822887002076577,70.67000000000002,0.38753297360202477,0.05318725313708175,51.54142652164537,32.54015722636439,46.84711299792344
23374,-38787,41.99430925,-93.77166795,2,1,1.0,,,1,2973.897721979159,176.95250478208254,3.4733260282263236,-0.9985858078704097,0.053163750053972184,0.9943472313603976,-0.1061771325941327,-81.40185107789893,52.35980519082596,23.387250917694004,70.67000000000002,0.38753297360202477,0.8303440762856062,57.45749291579639,32.06865418800244,47.28274908230601
23374,-38786,41.9943115,-93.768905975,4,1,1.0,,,1,2994.46229799534,172.5868165236244,3.4763188494370394,-0.9916415009002011,0.12902377181123062,0.966705732615207,-0.25589065346138756,-81.61909786852557,50.76479648363109,22.484672133700514,70.67000000000002,0.38753297360202477,0.9250575287514362,57.78571167677916,31.09176394802792,48.1853278662995
23374,-38785,41.99431615,-93.76652125,4,1,1.0,,,1,3025.686198246361,168.8821965543566,3.4808238842169525,-0.9812327945111691,0.19282687306441978,0.9256355940483962,-0.3784161030277022,-81.86472162188429,48.96144636660071,21.46419773227448,70.67000000000002,0.38753297360202477,0.9610844381216815,57.51240439020658,29.987271464295887,49.20580226772553
23374,-38784,41.99431486666666,-93.76440009999999,3,1,1.0,,,1,3064.4411183109337,165.66499023716756,3.486351281019073,-0.9688646253204236,0.2475910697151963,0.8773973243945696,-0.47976445798459305,-82.12097746129132,47.869882585507824,20.399551008352397,70.67000000000002,0.38753297360202477,0.9531951355581966,48.019863585121314,29.318724641166195,50.27044899164762
23374,-38783,41.994317225,-93.761639225,4,1,1.0,,,1,3128.4755986564687,161.6117682111527,3.495332771936147,-0.948940824057359,0.3154541368207753,0.8009773751253192,-0.5986946170940188,-82.4899912642496,47.56985611789141,20.080808823529416,70.67000000000002,0.38753297360202477,0.9594738172405779,61.09600490778969,29.134968322704484,50.5891911764706
23374,-38782,41.9943103,-93.75921764,5,1,1.0,,,1,3197.9365249632738,158.2115213841564,3.504869839293965,-0.9285604850136916,0.37118112246063634,0.7244491486577241,-0.6893282461999498,-82.83954559855354,47.28565116046038,20.080808823529416,70.67000000000002,0.38753297360202477,0.9504377331603737,62.31479084684984,28.960902157539138,50.5891911764706
23374,-38781,41.99416881111111,-93.75687031111111,9,2,0.3333333333333333,62.9,-84.5,2,3289.1397261475367,155.17377302974967,3.5170823231652055,-0.9075853805097208,0.41986757088994775,0.6474224458299493,-0.7621313381796908,-83.22994824890465,47.155193798449645,20.029024423762962,70.67000000000002,0.38753297360202477,0.7773618380461955,61.667957486730835,28.881001324956696,50.640975576237054
23374,-38780,41.99429415,-93.75435485,4,1,1.0,,,1,3369.3531714375113,151.8638278540273,3.5275465355782183,-0.8818293295883513,0.471568694335999,0.5552459330444822,-0.8316862111623364,-83.57190626242904,47.155193798449645,19.479952163782524,70.67000000000002,0.38753297360202477,0.9851386179998193,58.25042620819892,28.881001324956696,51.19004783621749
23374,-38779,41.99427352,-93.75189858,5,1,1.0,,,1,3471.6204204607284,148.92574984699206,3.5405322342719785,-0.8564991383271546,0.5161484534945752,0.46718154791031674,-0.8841614113339942,-83.94813273232216,47.155193798449645,18.875856017710035,69.93227429778078,0.38753297360202477,0.946278807774791,39.17287481010269,28.881001324956696,51.056418280070744
23374,-38778,41.994258099999996,-93.74946305,2,1,1.0,,,1,3581.041908461169,146.18017346274127,3.554009403532688,-0.8307919199067072,0.5565831346867486,0.38043042836454527,-0.9248095421081947,-84.31626529436438,45.113716240108495,18.190770093461246,68.06996369234518,0.38753297360202477,0.9630981471119763,38.38087356395797,27.630663635341293,49.87919359888394
23374,-38777,41.994239825,-93.747198975,4,1,1.0,,,1,3690.0542606426716,143.7829213283702,3.567032752317445,-0.8067842291193492,0.5908461793430652,0.30180158471140506,-0.953370758658815,-84.65428539609047,42.93181242632187,17.380080552115647,66.3599861320807,0.38753297360202477,0.982210056460317,45.63434120232626,26.294319494624997,48.97990557996506
23374,-38776,41.994214725,-93.744592,4,1,1.0,,,1,3823.424851042938,141.20140521486513,3.58245255860286,-0.779353332547871,0.6265846974244803,0.21478323390694481,-0.9766617441225364,-85.03670429887293,40.59482464780893,16.46290727361692,65.61119565217395,0.38753297360202477,0.9500490800306132,58.70527710343179,24.862991539190766,49.14828837855703
23374,-38775,41.994184725,-93.74219587500001,4,1,1.0,,,1,3952.9810951947375,138.9936424280703,3.5969247373704842,-0.7546367788978768,0.6561427679511806,0.13895333613072616,-0.9902989298076321,-85.38164379406129,39.604143666063756,15.573239882165211,65.61119565217395,0.38753297360202477,0.9869141047471195,34.87350431399059,24.256232104192275,50.037955770008736
23374,-38774,41.994152075,-93.739634525,4,1,1.0,,,1,4097.57356855332,136.79207685658906,3.612526759711707,-0.7288739578965637,0.6846479047657987,0.0625144929996034,-0.9980440562244748,-85.74147650895165,38.5706887204161,14.588204147000171,65.61119565217395,0.38753297360202477,0.9920416587643252,40.40368455802016,23.623275026715174,51.02299150517378
23374,-38773,41.9941787625,-93.73730548750001,8,2,1.0,,,2,4229.526977280345,134.86301290148913,3.6262917993740826,-0.7054141572222026,0.7087953631271086,-0.004781733580979187,-0.9999885674466287,-86.04883707975732,37.82819819819824,13.74680998439173,65.39868563685681,0.38753297360202477,0.9696152373990441,45.5664732929703,23.16852406444372,51.65187565246508
23374,-38772,41.994122825000005,-93.734746925,4,1,0.75,31.1,-88.0,1,4386.112590760433,132.97096105620994,3.6420797757497048,-0.6816276040135215,0.731699261614214,-0.07076761889357176,-0.997492829105119,-86.39592637929566,37.82819819819824,13.339307692307694,65.09949837348026,0.38753297360202477,0.5531101410925644,34.76590555470396,23.16852406444372,51.76019068117257
23374,-38771,41.99412413333334,-93.7327035,6,1,0.16666666666666666,,-87.0,1,4510.996215463832,131.50669541330046,3.654272462743052,-0.6627075644151275,0.7488782838799437,-0.12163736813393933,-0.9925746071069159,-86.6576343297118,37.82819819819824,13.339307692307694,64.87390891971998,0.38753297360202477,0.17145811958607352,22.346734943781158,23.16852406444372,51.53460122741229
23374,-38770,41.994132025,-93.7299824,4,1,1.0,,,1,4681.1419368288225,129.673280017166,3.6703518095630323,-0.638408937295334,0.7696973618127078,-0.18486805756288477,-0.9827633495877458,-86.99718429387698,37.82819819819824,13.339307692307694,64.21809490185987,0.40849991805670477,0.6510020770070641,33.34265087969786,22.37538233400147,50.87878720955218
23374,-38769,41.99413595,-93.72785523333334,6,1,0.0,41.9,-85.5,1,4817.428376994602,128.33355531082827,3.6828152665122853,-0.6202385302767013,0.7844132619736853,-0.23060833112039494,-0.9730466574722233,-87.25714639462741,37.82819819819824,13.30197699920051,63.50961940789334,0.40849991805670477,0.042779265603423516,42.02981998672909,22.37538233400147,50.20764240869283
23374,-38768,41.994133775,-93.72524088750001,8,1,0.0,31.5,-87.5,1,4988.777645462435,126.7954434461509,3.6979941474547746,-0.5989599169639745,0.800779006886737,-0.28249403574101745,-0.959269054942748,-87.57109479007316,37.82819819819824,13.104834970407177,62.65401490284686,0.40849991805670477,0.05889244437920535,24.120625835245736,22.37538233400147,49.549179932439685
23374,-38767,41.99413315,-93.72313361666666,6,1,0.0,10.5,-96.0,1,5129.2744740348235,125.62993195235475,3.710055939340535,-0.5825476635827628,0.8127965425949253,-0.32127643930852856,-0.9469854537136425,-87.81868611230793,37.82819819819824,12.949361471306524,62.02390334572493,0.40849991805670477,0.13006540698086094,22.365832223947336,22.37538233400147,49.07454187441841
23374,-38766,41.99413981428571,-93.72043108571428,7,1,0.2857142857142857,31.5,-88.0,1,5311.905854814696,124.21873870044078,3.7252503692408347,-0.5623538461589547,0.8268966995400517,-0.3675163034204614,-0.9300170787249874,-88.12843725401183,37.005706141983644,12.754855083051668,62.02390334572493,0.40849991805670477,0.19382353594119772,32.48456653084605,21.88887821535283,49.269048262673266
23374,-38765,41.99419258235294,-93.71794917058823,17,2,0.17647058823529413,31.5,-84.0,2,5479.454725968791,122.96070857234946,3.73873734292137,-0.5440637762577222,0.8390438649821517,-0.4079892147283744,-0.9129867472561277,-88.39941582102898,35.27040184502713,12.218549619777894,62.02390334572493,0.570556271214166,0.10568888007905519,23.149895258458578,15.146652884103212,49.805353725947036
23374,-38764,41.994104066666665,-93.71552787777779,9,1,0.0,21.0,-91.0,1,5653.532285070039,121.9398708629185,3.7523198765950943,-0.529028987306331,0.8486037535797482,-0.4402566611792758,-0.8978719687612908,-88.68014718917989,33.472642137293796,11.53270101221371,62.02390334572493,0.570556271214166,0.0800631888421744,21.088607818870454,14.374616251753277,50.491202333511225
23374,-38763,41.99407213333333,-93.71349066666666,3,1,0.3333333333333333,,-91.5,1,5798.860961842907,121.08860186880628,3.7633426958790492,-0.5163629772246565,0.8563698241715951,-0.4667385515033777,-0.8843953440292011,-88.90529968422018,32.03080082705775,10.982635922479982,62.02390334572493,0.570556271214166,0.5418758923015587,22.24515501182958,13.755426543168058,51.041267423244946
23374,-38762,41.994025220000005,-93.7108648,5,1,1.0,,,1,5988.283718911357,120.05786637010596,3.7773023685979696,-0.5008743947247654,0.865519982847941,-0.4982496814182,-0.8670335950623034,-89.19069075631413,31.424354838709696,10.28540329508912,62.02390334572493,0.570556271214166,0.8051629832928493,18.34581127578418,13.494992116624658,51.738500050635814
23374,-38761,41.99399141666667,-93.70842266666666,6,1,0.5,,-100.0,1,6165.552674837278,119.14744042573557,3.789972012460386,-0.48705868971746,0.8733692419422102,-0.525547665541422,-0.8507641572398086,-89.44921198324218,31.424354838709696,9.922758462851228,62.02390334572493,0.6057176181584069,0.5957561206586928,18.34581127578418,12.390069473641852,52.101144882873704
23374,-38760,41.99394975,-93.70563915,4,1,0.75,,-94.0,1,6369.548774206183,118.17453873098606,3.8041086675294844,-0.47215908197235923,0.8815133585550584,-0.5541316026220379,-0.8324290762434551,-89.73812905008162,31.424354838709696,9.525848323813866,62.02390334572493,0.6057176181584069,0.698002642312835,18.9915857759965,12.390069473641852,52.498055021911064
23374,-38759,41.9939209,-93.70356651428571,7,1,0.0,10.5,-94.0,1,6522.460170665168,117.48785244285864,3.814411435765643,-0.46156054337369246,0.8871087108131572,-0.5739237296011634,-0.8189087571889133,-89.94884358651039,31.424354838709696,9.23637170387571,62.02390334572493,0.6057176181584069,0.07316023132745153,17.405440506648485,12.390069473641852,52.78753164184922
23374,-38758,41.993888255555554,-93.70106671111111,9,1,0.0,21.0,-93.0,1,6707.960027456892,116.6995630473794,3.8265904659932874,-0.4493121855186448,0.8933748149262206,-0.5962371198889178,-0.8028083811636301,-90.1981996206556,30.86709201471282,8.894499999999999,62.02390334572493,0.6057176181584069,0.015385283169181094,23.7891394824457,12.170350560084591,53.12940334572493
23374,-38757,41.994004536842105,-93.69844515263158,19,3,0.0,20.7,-89.0,3,6896.46875529456,115.79348333079588,3.8386267729615238,-0.43512869670073706,0.9003682676036057,-0.621326034615036,-0.7835521416661148,-90.43645279371108,30.197213658720298,8.894499999999999,62.02390334572493,0.6057176181584069,0.048527504902976526,22.32247253075098,11.906229326339728,53.12940334572493
23374,-38756,41.993861078571435,-93.69635880714286,14,2,0.0,20.7,-90.0,2,7058.858650602992,115.29992017054252,3.848734485497078,-0.42735660374042905,0.9040831450920019,-0.6347326664788918,-0.772731804770967,-90.65097173985113,29.59406702639369,8.894499999999999,62.02390334572493,0.6057176181584069,0.0034980895018783165,22.189861078181366,11.668419235546258,53.12940334572493
23374,-38755,41.9938739875,-93.69382118125,16,2,0.0,10.5,-101.0,2,7248.333310187366,114.57983416206571,3.860238155894868,-0.4159607514984442,0.9093825670271284,-0.6539533064256992,-0.7565349119603773,-90.88543653830902,28.934840155603958,8.894499999999999,61.77453355887512,0.6057176181584069,0.025295534288377615,13.8916951830986,11.408497694757301,52.88003355887512
23374,-38754,41.993807358823524,-93.69114444117648,17,3,0.29411764705882354,21.0,-94.5,3,7452.989708008607,113.92274990075651,3.8723305215042134,-0.40550456912407146,0.9140930173781556,-0.6711320888390023,-0.7413377903025028,-91.137056502098,28.012793658051272,8.894499999999999,61.019769879071596,0.6057176181584069,0.05110311451047682,17.271934257714488,11.04495100553353,52.125269879071595
23374,-38753,41.9938976625,-93.6890906625,8,2,0.875,,-106.0,2,7604.390761632209,113.3339018291656,3.881064425560615,-0.39608887667378334,0.9182121768825006,-0.6862272035506009,-0.7273872593791578,-91.31157232754576,27.24888593699061,8.688457633981319,60.49628913209331,0.6057176181584069,0.903352146812101,14.156088618838238,10.74375564976655,51.807831498111995
23374,-38752,41.99390974,-93.68649593,10,2,0.4,4.14,-101.0,2,7801.145912576815,112.69958130367866,3.892158401018185,-0.38589930074757406,0.9225409094899442,-0.7021634593650667,-0.712015783766401,-91.53955147289702,26.25095334876942,8.275958320200939,59.81243886809729,0.6057176181584069,0.5946103459604885,5.394095220796657,10.350288411965353,51.536480547896346
23374,-38751,41.993924122222225,-93.68394376666667,9,2,0.0,4.14,-98.0,2,7995.452800431236,112.10430407925332,3.90284306384964,-0.3762938632367327,0.9265003661577124,-0.7168058569807503,-0.6972728041434659,-91.75963298297978,25.287591061231527,7.877748774564601,59.15227849009927,0.6057176181584069,0.009457477962985607,2.120728633171587,9.970451634658547,51.27452971553467
23374,-38750,41.99393512857143,-93.6818992642857,14,2,0.07142857142857142,5.49,-98.0,2,8151.72463240129,111.64829117969055,3.911249500653854,-0.3689080747305029,0.9294658855485949,-0.7278136647972674,-0.6857749407308282,-91.93327597774775,24.527503979896533,7.563563825436076,58.53783493691654,0.6057176181584069,0.01612498516132998,1.353125536673274,9.67076268982276,50.97427111148046
23374,-38749,41.99398555384615,-93.67920992307693,13,2,1.0,,,2,8356.594188948715,111.04886841222839,3.922029312568095,-0.3591640835623926,0.9332744296715659,-0.7420023221575733,-0.6703973104904052,-92.15470422840747,24.23543307086615,7.1629175237404,57.71542344846517,0.6057176181584069,0.9796233410868895,3.8019085390204923,9.555604276143622,50.55250592472477
23375,-38821,41.99611829,-93.8535508,10,1,0.0,,-115.5,1,7163.903350642928,247.29256651901994,3.8551497180807353,-0.38602572798519097,-0.9224880147370498,-0.7019682746670067,0.7122082148929665,-98.38054991606657,13.339307692307694,2.356258620689655,37.82819819819824,0.6517012410466736,0.0351744630542832,4.430160906260815,4.64606431452733,35.47193957750858
23375,-38819,41.99620694,-93.84935518,5,2,0.6,16.4,-96.0,2,6841.508143509805,246.24529504229952,3.835151848241627,-0.4028218511362652,-0.9152784036822635,-0.6754691124943052,0.7373882817526703,-97.62211124234264,14.373771527323473,3.452115189500355,38.34571571344602,0.6057176181584069,0.3875855694479413,18.80898417549705,5.6673248738399735,34.893600523945665
23375,-38805,41.99620777777778,-93.8154126888889,9,2,0.2222222222222222,62.9,-83.0,2,4422.150520447904,231.41901201326343,3.64563352093998,-0.6236202365026314,-0.7817274465083096,-0.22219560124880408,0.9750021101442203,-89.52700339083322,31.424354838709696,9.815889738408487,62.02390334572493,0.6057176181584069,0.13241773827463463,55.49375999931904,12.390069473641852,52.208013607316445
23375,-38797,41.9959682,-93.79571285000002,6,1,0.0,73.4,-76.5,1,3331.851584297932,213.29359409428287,3.522685647729949,-0.8358687391717621,-0.5489293678383484,0.39735309824918236,0.9176657971787854,-83.64285063623203,47.155193798449645,19.366038799812966,70.67000000000002,0.38753297360202477,0.004209728027043458,79.09232642848714,28.881001324956696,51.30396120018705
23375,-38789,41.99611401875,-93.77645543125,16,3,0.5,78.65,-73.0,3,2779.1781880744443,184.9029932931125,3.4439163926271736,-0.9963408324102745,-0.08546897490903534,0.9853901086559974,0.17031245921224228,-80.51726371679499,57.103105277806435,24.23543307086615,70.67000000000002,0.38753297360202477,0.3051089440452202,57.91178111814792,34.973769087588636,46.434566929133865
23375,-38781,41.9959037,-93.75697078571429,7,1,0.0,62.9,-77.0,1,3111.42261731398,153.82152660892962,3.4929590043269365,-0.8974241845961644,0.4411687125147358,0.6107403341961808,-0.7918309441957527,-82.6898954212901,47.407324153997685,20.080808823529416,70.67000000000002,0.38753297360202477,0.07078310770960508,60.20737046685017,29.03542285408387,50.5891911764706
23375,-38773,41.996188725,-93.7374196375,8,1,0.125,52.4,-84.0,1,4067.947240435791,132.726009012929,3.6093753116705227,-0.6784932092549263,0.7346066736662218,-0.07929392998990159,-0.9968512791117623,-85.60584814188934,38.96021919085531,14.959484418998686,65.61119565217395,0.38753297360202477,0.0863432697131922,42.95628621995963,23.861849595636482,50.65171123317526
23375,-38765,41.99595955,-93.717982725,4,1,0.5,,-79.0,1,5372.607065634969,121.2192177659154,3.73018507889613,-0.5183138807689297,0.8551904589050627,-0.46270144200450347,-0.8865141711032899,-88.11531318692793,37.08975061182832,12.763096262966819,62.02390334572493,0.40849991805670477,0.3085771537072099,23.244329139781176,21.938590526152836,49.26080708275811
23375,-38757,41.996059693333336,-93.69854596666667,15,1,0.7333333333333333,9.84,-94.0,1,6792.358770435406,114.08899338516932,3.832020617151285,-0.40815509587982113,0.912912601352032,-0.666818835414668,-0.745219860669471,-90.179031531596,30.92098547527872,8.920142793316304,62.02390334572493,0.6057176181584069,0.8693651961383099,11.289494037875945,12.1915998020822,53.10376055240863
23375,-38749,41.99569185625,-93.67856586875,16,1,0.0625,4.14,-106.0,1,8340.213144194586,109.70110338171321,3.9211771496982557,-0.3371133888649757,0.9414640529770489,-0.7727091260959433,-0.634760274787296,-92.04889255769942,24.23543307086615,7.354370305483987,58.108420879205255,0.6057176181584069,0.009538864766600708,6.387786814002997,9.555604276143622,50.754050573721265
23376,-38821,41.99777182222223,-93.85349995555556,9,1,0.1111111111111111,,-109.0,1,7090.882693966856,248.64952778382974,3.8507003008047604,-0.36407182214745615,-0.9313708758159829,-0.7349034166364621,0.678171783706794,-98.63817399185704,13.339307692307694,2.356258620689655,37.82819819819824,0.6517012410466736,0.13550130575509017,6.3057632821913945,4.64606431452733,35.47193957750858
23376,-38820,41.99833545,-93.84985955,2,2,0.0,7.25,-101.0,2,6788.122477946665,248.21543383932553,3.83174966968225,-0.37111771463408444,-0.928585829035084,-0.7245432837695486,0.6892293014261941,-98.06610643148886,13.339307692307694,2.6067941097896585,37.82819819819824,0.6517012410466736,0.38557645893411524,12.811162161024361,4.64606431452733,35.221404088408576
23376,-38819,41.997453199999995,-93.849533,4,2,0.25,,-100.0,2,6800.313335444373,247.36358514106007,3.8325289239884976,-0.38488199973835857,-0.9229657882486231,-0.7037316925548043,0.710465836542441,-97.85637187673906,13.73248715635343,3.006107085713296,37.82819819819824,0.6517012410466736,0.19206377767042102,12.987157954539981,4.783008233900394,34.82209111248494
23376,-38805,41.99787395,-93.81540665833334,12,2,0.0,77.6,-79.5,2,4308.5748403857815,233.34045470753335,3.6343336410866933,-0.5970588900541796,-0.8021974082526514,-0.28704136361454213,0.9579181883513352,-89.66490584555068,31.424354838709696,9.626441316152723,62.02390334572493,0.6057176181584069,0.028789961402014255,59.86229904764355,12.390069473641852,52.39746202957221
23376,-38797,41.9978876,-93.79575489999999,9,1,0.0,73.4,-78.0,1,3157.612220707072,215.47183553226,3.499358794213205,-0.81440087189528,-0.5803026967507627,0.3264975602875845,0.945198044394007,-83.3415060306947,47.155193798449645,19.849899265283526,70.67000000000002,0.38753297360202477,0.006409935703770056,74.27039073374073,28.881001324956696,50.82010073471649
23376,-38789,41.99783309615385,-93.77647811153847,26,3,0.0,83.9,-72.0,3,2588.9485016123717,185.30574820622465,3.413123411698675,-0.9957154260828436,-0.09247048318604892,0.9828984194786773,0.18414857313136623,-79.77291149834238,59.70546438775506,26.094847069863086,70.67000000000002,0.3757335243679042,0.024694118844253092,77.94874552598706,37.272119829321454,44.57515293013693
23376,-38781,41.99785764,-93.75700386,5,1,0.6,62.900000000000006,-72.5,1,2916.7115496747147,151.98723146995246,3.4648934813744505,-0.8828429478401733,0.46966831854924296,0.5588233411022536,-0.8292867257103024,-82.06449182795262,47.91580819833267,20.634227590247516,70.67000000000002,0.38753297360202477,0.602675257862572,59.98642646362609,29.346852564688533,50.0357724097525
23376,-38773,41.9978809625,-93.7374533625,8,1,0.0,41.9,-84.0,1,3940.5289173740694,130.7440284745203,3.595554518901746,-0.6526807933881491,0.7576330127061625,-0.14801556388443238,-0.9889850316602237,-85.22943238860145,40.0413013319652,15.989915930432028,65.61119565217395,0.38753297360202477,0.06148085594425994,42.24817000709736,24.523976759894012,49.62127972174192
23376,-38765,41.99812091818182,-93.71803996363637,11,1,1.0,,-87.0,1,5247.789755629967,119.00234416903317,3.7199764273967983,-0.4848454035658334,0.874599871164571,-0.5298498692821684,-0.8480914549868246,-87.7611271984376,37.82819819819824,12.985505249137981,62.13611900957246,0.40849991805670477,0.9428649962044698,22.45596300947816,22.37538233400147,49.15061376043448
23376,-38757,41.9977916,-93.698582525,4,1,1.0,,,1,6713.114075748365,112.59945420244588,3.826924027200874,-0.3842865281747347,0.9232138778546436,-0.7046477285268177,-0.7095573117669891,-89.96710749628393,31.424354838709696,9.211281005541819,62.02390334572493,0.6057176181584069,0.9634282020314324,5.400600455812629,12.390069473641852,52.81262234018311
23376,-38749,41.997943183333334,-93.67855721666666,6,1,0.0,,-108.0,1,8259.600256316633,108.06495515947836,3.9169590290786327,-0.31009499064648866,0.9507055783868916,-0.8076821935519083,-0.5896180748748955,-91.84205109689847,24.926822440871682,7.728623663220972,58.876655253744,0.6057176181584069,0.004155560310561715,9.37749429005917,9.828206923729361,51.148031590523026
23377,-38821,41.999386783333335,-93.8530545,6,1,0.3333333333333333,1.18,-108.5,1,6992.767459780745,249.9094481085734,3.8446490862821068,-0.3435048327057305,-0.9391509090171867,-0.7640088598156162,0.6452057517747669,-98.83483304419147,13.339307692307694,2.356258620689655,37.82819819819824,0.6517012410466736,0.17447854515375577,7.575336448603005,4.64606431452733,35.47193957750858
23377,-38820,41.999709688888885,-93.85068693333334,9,2,0.7777777777777778,,-104.0,2,6796.809770930649,249.62567544851134,3.8323051150611134,-0.3481519964883084,-0.9374380978716434,-0.7575803746824098,0.6527418907164299,-98.46114583482151,13.339307692307694,2.356258620689655,37.82819819819824,0.6517012410466736,0.6215456614215693,4.4353362962488045,4.64606431452733,35.47193957750858
23377,-38805,41.99982225238095,-93.81542681428571,42,2,0.0,71.45,-78.0,2,4184.127538161376,235.7337107486232,3.6216049139747866,-0.5630399052964338,-0.8264297096812184,-0.36597213008756585,0.9306258109461448,-89.8922563141306,31.424354838709696,9.314110490281434,62.02390334572493,0.6057176181584069,0.004440124342106555,73.04245218485056,12.390069473641852,52.709792855443496
23377,-38797,41.999719125,-93.79580998750001,8,1,0.0,57.65,-79.0,1,2996.8424929613057,217.80204113248897,3.4766639180423002,-0.7901331773777538,-0.6129352021273824,0.2486208759861298,0.9686008775671687,-83.10220273906782,47.155193798449645,20.080808823529416,70.67000000000002,0.38753297360202477,0.014088405993250563,58.142770068777175,28.881001324956696,50.5891911764706
23377,-38789,41.99962814,-93.77649251,20,3,0.05,41.4,-86.0,3,2390.39393446922,185.77639015809345,3.3784694781315023,-0.9949222665771573,-0.10064632864129716,0.979740633062056,0.20027054682893766,-78.93559990075845,62.02390334572493,29.3496501814342,70.67000000000002,0.08571428571428572,0.10319378375295013,59.123691295295956,56.70756877323422,41.320349818565816
23377,-38781,41.99942611428571,-93.75703031428573,7,1,0.0,83.9,-67.0,1,2762.8530158078133,150.3289380093638,3.441357780999912,-0.8688816417484807,0.49501989114828987,0.5099106147350705,-0.8602273914381607,-81.5381355599796,51.35921533195074,22.82104010390593,70.67000000000002,0.38753297360202477,0.0775297376334768,81.03713516150682,31.45582589249317,47.84895989609409
23377,-38773,41.999661437499995,-93.73749186250001,8,1,0.0,62.9,-78.5,1,3811.7076058377365,128.5208489151455,3.5811195787339773,-0.6227993726070743,0.7823815830400372,-0.22424188296046932,-0.9745335181133296,-84.82109644368205,41.85505498182898,16.980009754631016,65.61119565217395,0.38753297360202477,0.021843612131832956,62.753149015111866,25.634841064444554,48.631185897542935
23377,-38765,41.99944785,-93.71802542500001,4,1,0.5,,-83.0,1,5178.83982571004,117.56856879319162,3.7142324791032384,-0.4628098136041283,0.8864575999063419,-0.571614152863424,-0.820522553161234,-87.54780438890931,37.82819819819824,13.119460039378568,62.71748830309098,0.40849991805670477,0.3691892532230081,23.597327199142022,22.37538233400147,49.598028263712415
23377,-38757,41.999419975,-93.698593925,4,1,1.0,,,1,6644.609068213721,111.16152279855328,3.8224694345621333,-0.3609983829454017,0.9325664413385274,-0.7393603350216101,-0.6733099546247124,-89.77123545263227,31.424354838709696,9.48036722093842,62.02390334572493,0.6057176181584069,0.9626323115803707,8.440644871848137,12.390069473641852,52.54353612478651
23377,-38749,41.99976879090909,-93.67859728181817,11,1,0.0,10.5,-110.0,1,8195.537713091224,106.72330063582604,3.913577453106924,-0.2877500164450423,0.9577055539339208,-0.8343998560717558,-0.551159577787988,-91.67308307890853,25.66644575711628,8.034349835517542,59.41189510835071,0.6057176181584069,0.00037393594251896206,10.955181919397722,10.11982736652386,51.377545272833174
23378,-38820,42.001452625,-93.850668875,4,1,0.0,1.14,-101.5,1,6730.210950618686,251.1675994186432,3.828028676891712,-0.3228009708241075,-0.9464668685352983,-0.7915990664700273,0.6110408480320946,-98.78025753627348,13.339307692307694,2.356258620689655,37.82819819819824,0.6517012410466736,0.28740773061441177,2.9227476524277525,4.64606431452733,35.47193957750858
23378,-38805,42.00171166875,-93.815408425,16,2,0.0625,6.99,-96.0,2,4068.164198586861,238.16692886454308,3.609398473528258,-0.5274462659224282,-0.8495883924374715,-0.44360087312897445,0.8962244503243657,-90.16592438026933,30.957837857431073,8.938149210563855,62.02390334572493,0.6057176181584069,0.024063468806428432,9.476613884561555,12.206130047093767,53.085754135161075
23378,-38797,42.001144239999995,-93.79584306000001,5,1,0.0,62.9,-79.0,1,2874.99676217238,219.7805133757257,3.4586373599225326,-0.768501184146695,-0.6398483648217971,0.18118814006974487,0.9834484520797552,-82.95222291956931,47.19403892716768,20.080808823529416,70.67000000000002,0.38753297360202477,0.011415834310269058,61.38613055356656,28.904792685432678,50.5891911764706
23378,-38789,42.001402119999995,-93.77651122,15,3,0.2,52.4,-71.0,3,2194.3970579385496,186.3347562725248,3.3413152123316583,-0.9938942064985717,-0.11033723890225995,0.9756513874228512,0.21932708501200998,-78.03811537201966,62.02390334572493,31.424354838709696,70.67000000000002,0.02380952380952381,0.1583377850398866,55.42153026579766,60.54714374225529,39.24564516129032
23378,-38781,42.001333914285716,-93.75704759999999,7,1,0.0,17.6,-66.0,1,2579.8897650691038,148.02449430167223,3.4116011495892034,-0.8482745624316309,0.5295566699904979,0.4391394665371499,-0.8984189050378824,-80.8687454684774,55.79765924865961,24.23543307086615,70.67000000000002,0.38753297360202477,0.08416910240380439,22.67897558353823,34.17422643999404,46.434566929133865
23378,-38773,42.0011606,-93.73751591666667,6,1,0.6666666666666666,31.5,-86.0,1,3708.5270262701792,126.52526447102036,3.569201448324822,-0.5951771881507997,0.803594496437667,-0.2915282294098153,-0.9565622256064569,-84.46920363882934,44.12650643998628,17.823970853725744,67.29627853041654,0.38753297360202477,0.8515505811705063,32.97803379502305,27.0260301846295,49.472307676690804
23378,-38765,42.0017183,-93.71804066666668,3,1,1.0,,,1,5065.653325449752,115.04391990023561,3.704635464965797,-0.42331286490269,0.9059835640936743,-0.6416124368157539,-0.7670289961424863,-87.17626175461797,37.82819819819824,13.339307692307694,63.730054560246636,0.40849991805670477,0.7204623142383372,11.726758107480823,22.37538233400147,50.390746867938944
23378,-38757,42.0016298,-93.6986229,2,1,1.0,,,1,6557.443493217188,109.16715349420542,3.8167345568773814,-0.328325200949736,0.9445647476067035,-0.7844051248426309,-0.6202488211360152,-89.50688917207438,31.424354838709696,9.84352236479339,62.02390334572493,0.6057176181584069,0.9213557848607034,5.758467931968526,12.390069473641852,52.180380980931545
23378,-38749,42.0013581,-93.67858363333333,6,1,0.0,10.5,-107.5,1,8147.341359589539,105.53108793181468,3.911015912883653,-0.26776118984802244,0.9634853113624365,-0.8566078904223426,-0.5159679467429967,-91.53295178458956,26.279842149207592,8.287899618137631,59.83223540950635,0.6057176181584069,0.0001572786337136866,17.457117844262395,10.361678757010662,51.544335791368724
23379,-38820,42.003326200000004,-93.85082905,2,1,0.0,10.625,-104.5,1,6678.344050240798,252.89576091138517,3.8246687889729456,-0.2941110397806961,-0.9557712572991081,-0.8269973925582357,0.5622057565534877,-99.17696640913965,13.228182687586685,2.356258620689655,37.82819819819824,0.8014204545454545,0.2689758590757742,0.17265843728507316,2.6268465052906516,35.47193957750858
23379,-38805,42.00337026666667,-93.81538908333334,6,2,0.5,,-106.0,2,3972.5108087167646,240.4145675416068,3.5990650875432713,-0.4937207801749074,-0.8696204868926909,-0.5124795824469615,0.8586994104894844,-90.4619694362471,30.12547045239374,8.894499999999999,62.02390334572493,0.6057176181584069,0.6358162445325256,5.633116020592928,11.87794224406834,53.12940334572493
23379,-38797,42.00327301428571,-93.79589041428572,7,1,0.0,,-78.0,1,2699.968577329275,223.05919645324502,3.4313587097990195,-0.7306486891024592,-0.6827536108383888,0.06769501377428394,0.9977060614780786,-82.81282947901832,47.30737268661554,20.080808823529416,70.67000000000002,0.38753297360202477,0.0050184187905035,28.417061394628377,28.97420587607221,50.5891911764706
23379,-38789,42.00331024705882,-93.77653413529413,17,3,0.17647058823529413,62.9,-73.5,3,1983.8876989809899,187.0650327306279,3.2975170846058406,-0.992407186316753,-0.12299583955104174,0.9697440469062688,0.24412391011503223,-76.98086399386092,62.02390334572493,32.81292149377341,70.67000000000002,0.02380952380952381,0.27563601117040265,48.17555759575543,60.54714374225529,37.85707850622661
23379,-38781,42.00322552,-93.75704658,5,1,0.8,16.6,-113.5,1,2404.0728371051014,145.36803562450734,3.3809476215144056,-0.8228194497465411,0.5683028709401347,0.3540636937624013,-0.9352213111126823,-80.17093044952263,58.38942920887259,24.352599630956345,70.67000000000002,0.38753297360202477,0.8100795936712396,21.714141417607436,35.76160008063328,46.31740036904367
23379,-38773,42.003450825,-93.73755697499999,4,1,0.5,,-84.5,1,3559.9142680065033,123.26335424545448,3.5514395391582605,-0.548488132483005,0.8361583393863303,-0.3983215370506112,-0.9172458520601979,-83.91525098697815,47.155193798449645,18.928653301335764,70.09861661409118,0.38753297360202477,0.7874324302774864,32.39726252777337,28.881001324956696,51.16996331275542
23379,-38765,42.00337256666666,-93.71807263333334,3,1,1.0,,-111.0,1,4988.031907426893,113.1427384566964,3.697929222908973,-0.3930231268841437,0.9195285866867926,-0.6910656434684206,-0.7227920007980012,-86.90280382526572,37.82819819819824,13.339307692307694,64.47531027643613,0.40849991805670477,0.9378529297018072,18.056244577157546,22.37538233400147,51.13600258412844
23379,-38757,42.00314755,-93.69863517499999,4,1,1.0,,,1,6502.880816980911,107.76584414097817,3.8131057944504865,-0.3051276556902887,0.9523114583648297,-0.8137942274658972,-0.5811531255557209,-89.32894996117493,31.424354838709696,10.087972710738352,62.02390334572493,0.5883928496387051,0.9542239971893511,6.506122694725431,12.934489147103468,51.935930634986576
23379,-38749,42.00318708571428,-93.67860504285714,7,1,0.0,10.5,-97.0,1,8093.323798585743,104.14755807445107,3.9081269160413785,-0.2444199651737548,0.9696694697805333,-0.880517761248921,-0.47401315606762245,-91.37192585106922,26.98470059738317,8.579255597105087,60.3152516388129,0.6057176181584069,0.00019322065166676642,21.5859048797219,10.639592024818498,51.735996041707814
23380,-38820,42.005131766666665,-93.8509818,3,1,0.6666666666666666,,-111.0,1,6634.065012992073,254.5849768511385,3.8217797232349198,-0.26580889745948416,-0.9640257413738357,-0.8586912600627469,0.5124932388742822,-99.57798963124382,12.976362538970836,2.356258620689655,37.82819819819824,0.8823441677872059,0.5089392178293122,13.93198691333181,1.5267447336175393,35.47193957750858
23380,-38805,42.0046532,-93.8154078,11,2,0.36363636363636365,1.55,-106.0,2,3905.3567957423857,242.24562536394492,3.5916607174306057,-0.46568208936939365,-0.8849520843755079,-0.5662803832811121,0.8242126712875729,-90.74094533823445,29.34109509156151,8.894499999999999,62.02390334572493,0.6057176181584069,0.3187172201909769,0.8386245511805939,11.568676858541549,53.12940334572493
23380,-38797,42.0051208625,-93.79594675,8,1,0.0,10.5,-83.0,1,2557.0200631859793,226.2796723499534,3.407734135651199,-0.6911388650714598,-0.7227219860968217,-0.04465413837546899,0.9990025064662973,-82.8078458279317,47.31142464136455,20.080808823529416,70.67000000000002,0.38753297360202477,0.0042438347821156025,12.560737378758809,28.97668756474844,50.5891911764706
23380,-38789,42.00497068333333,-93.77655133333333,18,3,0.16666666666666666,48.25,-76.0,3,1800.992862250287,187.83217014259108,3.2555119916138384,-0.990671483418116,-0.13627183106625376,0.9628599761157008,0.270001234061017,-75.96816334024773,62.11066789016862,37.82819819819824,70.67000000000002,0.02380952380952381,0.1391833249684404,46.42956260704382,60.63184246421223,32.84180180180178
23380,-38781,42.00506828571429,-93.75706939999999,7,1,0.14285714285714285,35.45,-73.5,1,2237.3287958372616,142.42517455972825,3.3497298123151484,-0.7925576518137888,0.6097969896214749,0.2562952628971737,-0.9665985403550269,-79.44504144732105,60.68894917361951,27.53003188956147,70.67000000000002,0.08571428571428572,0.06923661663051212,44.78756817824532,55.48703924445213,43.139968110438545
23380,-38773,42.004916316666666,-93.73758651666667,6,1,0.5,21.0,-94.5,1,3471.0590294715767,121.03638328243795,3.5404619994264643,-0.5155822791870598,0.8568400745695061,-0.4683498267765535,-0.8835431170907124,-83.55125247222843,47.155193798449645,19.51311536749204,70.67000000000002,0.38753297360202477,0.7736237769115464,30.16397855008362,28.881001324956696,51.156884632507975
23380,-38765,42.00503843333333,-93.71811033333334,3,1,0.6666666666666666,,-96.0,1,4915.164085818704,111.17166966016464,3.691538020718739,-0.361163531204191,0.9325024952932401,-0.7391218074562387,-0.6735717881136521,-86.62808405502689,37.82819819819824,13.339307692307694,64.89938094039813,0.38753297360202477,0.7061336168475303,22.503651113302514,23.16852406444372,51.56007324809044
23380,-38757,42.00508815714286,-93.69865928571429,7,1,0.0,3.125,-106.0,1,6438.221156215513,105.94270744771023,3.8087658908451503,-0.2746760106218142,0.9615368371460788,-0.84910617837777,-0.5282222049864039,-89.10502990159353,31.424354838709696,10.494679438043343,62.02390334572493,0.570556271214166,0.07108786998295907,4.723010497615512,13.494992116624658,51.52922390768159
23380,-38750,42.00545266666667,-93.68169982222223,9,1,0.0,41.9,-83.0,1,7785.705078865478,102.81220122240956,3.8912979486953767,-0.22175615211591254,0.9751021531094802,-0.9016484179974885,-0.4324698027869995,-90.87929960039443,28.952094917957517,8.894499999999999,61.79294202604677,0.6057176181584069,0.0015183522398468825,41.02116353703218,11.415300943556174,52.898442026046766
23380,-38749,42.00526280909091,-93.67933003636364,11,1,0.0,62.9,-81.0,1,7981.327992569242,102.64674021171362,3.902075158501236,-0.21893929291330347,0.9757384823909646,-0.9041311720372454,-0.4272549868059552,-91.12711103437711,28.056327931015115,8.894499999999999,61.049602479400065,0.6057176181584069,0.0006009923362979117,61.27119508192277,11.062115802369457,52.155102479400064
23381,-38820,42.0069989,-93.8511395,1,1,1.0,,,1,6594.398932816741,256.35400237628687,3.8191752165530066,-0.23592233723704567,-0.9717719129469681,-0.8886813015852194,0.4585254019275272,-100.0109522404466,12.68460645953126,2.356258620689655,36.49203909671992,0.8823441677872059,0.7754009336060648,13.402643082067124,1.4924179292879338,34.13578047603026
23381,-38805,42.006819899999996,-93.81538835,4,2,1.0,1.55,,2,3797.5805717833255,245.45193334434128,3.5795069968889224,-0.41545648262323454,-0.9096130556705582,-0.6547918220926601,0.7558092813141251,-91.27492290001672,27.409311391759864,8.754770119199536,60.60622340109162,0.6057176181584069,0.9092547502923127,4.760746189762233,10.807008580180991,51.851453281892084
23381,-38797,42.006637328571436,-93.79599948571429,7,1,0.14285714285714285,10.5,-80.0,1,2446.7817902337133,229.20452116534958,3.3885952396733847,-0.6533608680654238,-0.7570466142060183,-0.14623915216159167,0.9892492660472683,-82.90533710188407,47.23215941520535,20.080808823529416,70.67000000000002,0.38753297360202477,0.022039664272478623,27.597879672214777,28.92814022738595,50.5891911764706
23381,-38789,42.006687472413795,-93.77657599310345,29,3,0.034482758620689655,94.4,-70.0,3,1612.395694281908,188.82811247234025,3.207471629748872,-0.9881531991986767,-0.15347069724680446,0.9528934901731594,0.3033051209353627,-74.81214841186845,64.91113240872126,37.82819819819824,70.67000000000002,0.02380952380952381,0.005121181813108523,90.1448215107379,63.36562925613266,32.84180180180178
23381,-38781,42.0072538,-93.7570882,2,1,1.0,,,1,2049.0216637062417,138.31330339963296,3.3115465500938948,-0.7467926207468188,0.6650569762043685,0.11539843680380403,-0.9933192844112302,-78.52619189033511,62.02390334572493,30.500751597777924,70.67000000000002,0.08571428571428572,0.9829458507330522,42.49985836710407,56.70756877323422,40.169248402222095
23381,-38773,42.006950425,-93.73764215,4,1,1.0,,,1,3355.8857674820442,117.76710952928909,3.5258071692613853,-0.46587877246282244,0.8848485573071438,-0.5659139387370674,-0.8244643193875031,-83.03419235815448,47.155193798449645,20.080808823529416,70.67000000000002,0.38753297360202477,0.8541940600469871,30.50505082552764,28.881001324956696,50.5891911764706
23381,-38765,42.00653665,-93.7181555,2,1,0.5,,-93.0,1,4853.85893647573,109.35399092565336,3.686087150652612,-0.33140360780306694,0.9434890824673654,-0.780343297470222,-0.6253513717049805,-86.38192762548206,37.82819819819824,13.339307692307694,65.11156514952246,0.38753297360202477,0.617190367188751,15.917723521464785,23.16852406444372,51.77225745721477
23381,-38757,42.00682821666667,-93.69868273333333,6,1,0.0,1.04,-103.5,1,6385.743873863844,104.27841211479551,3.8052114954125833,-0.24663388976633158,0.9691087268303433,-0.878343448837458,-0.4780301098093297,-88.90950826231021,32.003849752203024,10.972354038264925,62.02390334572493,0.570556271214166,0.004709965781397537,3.958596914121599,13.743852573087658,51.05154930746001
23381,-38751,42.00709506,-93.68311342,5,1,0.0,41.9,-83.0,1,7632.667031074139,101.67101477054393,3.8826763170493197,-0.20229189266459452,0.9793252729109855,-0.9181559803243523,-0.3962191259828676,-90.59682140907452,29.746317399775446,8.894499999999999,62.02390334572493,0.6057176181584069,0.0018492921149452727,40.84071862250031,11.728448875399488,53.12940334572493
23381,-38750,42.00605335,-93.6828134,2,1,0.0,41.95,-87.0,1,7681.255127579179,102.47941297029513,3.8854321901414943,-0.21608880563849686,0.976373713327908,-0.9066112561554559,-0.42196685913970355,-90.71641960493577,29.41005223362572,8.894499999999999,62.02390334572493,0.6057176181584069,0.0016962755710035508,45.35821099804655,11.595865444759616,53.12940334572493
23382,-38820,42.0086118,-93.85116642,10,2,0.4,10.5,-104.0,2,6556.420020221591,257.88149530387165,3.81666676775104,-0.20993434453957766,-0.9777154857026342,-0.9118551419654758,0.41051211927435466,-100.38004310696591,11.782888712297312,2.356258620689655,34.12843900211233,0.8823441677872059,0.6946597794711745,11.247679887394538,1.3863255773160779,31.772180381422675
23382,-38819,42.008494533333334,-93.84857263333333,6,1,0.0,31.5,-93.5,1,6349.942898602356,257.35884346936956,3.802769819948132,-0.2188442026272155,-0.9757598141840328,-0.9042144299529165,0.4270787569815692,-99.89936545237597,12.774556502366762,2.356258620689655,37.20662340851273,0.8823441677872059,0.04991808746320057,31.75192580296943,1.5030010764353212,34.850364787823075
23382,-38818,42.00848552222222,-93.8463227888889,9,1,0.1111111111111111,41.9,-83.0,1,6168.957194428825,256.9704758694793,3.7902117567429494,-0.2254531108091662,-0.9742540196614381,-0.8983417896529396,0.4392971989020116,-99.48866398176044,13.03245404960727,2.356258620689655,37.82819819819824,0.8823441677872059,0.04473475363891928,50.09826121397078,1.5333442269815418,35.47193957750858
23382,-38817,42.0084654,-93.84374700000001,4,1,1.0,,,1,5962.376062373268,256.4867897483134,3.775419364628999,-0.2336695495789002,-0.9723160708327276,-0.8907970831991878,0.454401316639619,-98.9976131218085,13.339307692307694,2.356258620689655,37.82819819819824,0.6666666666666666,0.9524040334176987,46.50985921905877,4.446435897435898,35.47193957750858
23382,-38816,42.00844486,-93.84125792,5,1,1.0,,,1,5763.209196489982,255.98536041833736,3.7606643841540257,-0.24216980689484874,-0.9702338814061853,-0.8827075692570233,0.46992270340595094,-98.50260997562805,13.339307692307694,2.356258620689655,37.82819819819824,0.6517012410466736,0.8790917020910476,48.893233332105154,4.64606431452733,35.47193957750858
23382,-38815,42.00843426,-93.83872932,5,1,0.8,,-92.5,1,5561.075274616025,255.45067994829805,3.745158773719071,-0.25121329005387366,-0.9679317552907892,-0.8737837658006167,0.4863146415884402,-97.98043211862223,13.392874423794142,2.769909171453204,37.82819819819824,0.6517012410466736,0.821719231281488,45.10007300381313,4.664721540625246,35.05828902674503
23382,-38814,42.008424975,-93.83659115,4,1,0.5,,-89.0,1,5390.563991475768,254.96698497557287,3.7316342059236396,-0.25937558873236993,-0.9657765290012678,-0.865448607939473,0.5009977115872172,-97.52029963373107,14.652479017184673,3.6459539990696896,38.6381230074188,0.6057176181584069,0.7786072396472706,69.70010588088488,5.777214326779538,34.99216900834911
23382,-38813,42.00842073333333,-93.83349065833333,12,2,0.6666666666666666,83.9,-75.0,2,5143.766990453723,254.21979275489014,3.7112812870833167,-0.27194783380661647,-0.9623119949828585,-0.8520887513757779,0.5233973249634238,-96.8228618315144,16.501628941713676,4.2601555555555555,40.641194201771015,0.6057176181584069,0.4692033145400654,74.66072824043735,6.506301563405036,36.38103864621546
23382,-38812,42.00840555384615,-93.83188283076923,13,3,0.38461538461538464,105.0,-77.0,3,5016.55786696509,253.78761991269957,3.700405826282143,-0.27919859333619607,-0.9602333807356883,-0.8440962909581788,0.5361916183517283,-96.44125031744754,17.41686582180238,4.2601555555555555,43.03081693560339,0.6057176181584069,0.8045498517093754,92.45185064007161,6.867163340435678,38.770661380047834
23382,-38811,42.00840959333333,-93.82921815333333,15,3,0.6666666666666666,44.25,-76.0,3,4805.454061587885,253.05816027671682,3.681734429907861,-0.2914008204683209,-0.9566010463251592,-0.8301711236607788,0.5575086595200113,-95.79005532735536,18.812239446752255,4.814485254438044,47.155193798449645,0.6057176181584069,0.36020016692254947,55.914862711218774,7.4173345768398535,42.3407085440116
23382,-38810,42.00841545625,-93.8268712,16,3,1.0,,,3,4620.142332901124,252.36366146786173,3.6646553550888923,-0.30297436918404996,-0.9529987049401101,-0.8164130632350539,0.5774683629248929,-95.18744333256103,19.779836393707388,5.62,47.155193798449645,0.6057176181584069,0.8550018280344301,50.5553557837234,7.798841005747977,41.53519379844965
23382,-38809,42.00842754375,-93.8243894625,16,3,1.0,,,3,4424.781081663659,251.57424119331944,3.6458917886208804,-0.3160755969038542,-0.9487340075289133,-0.8001924340837446,0.599743335465374,-94.51890275720712,20.080808823529416,5.62,47.38561194841322,0.6057176181584069,0.9766764432627195,10.074224629745459,7.917509132246858,41.76561194841322
23382,-38808,42.008458825000005,-93.82190349,20,3,0.9,10.5,-86.0,3,4229.299503230895,250.73786753753123,3.626268441352801,-0.32989055005717755,-0.9440191867663352,-0.7823444499659457,0.6228460175737515,-93.81782388432329,20.8376821310055,6.176562821014757,47.95562373676795,0.6057176181584069,0.9522753318137972,8.498183345732837,8.215930942670854,41.77906091575319
23382,-38807,42.00849883125,-93.81952644375001,16,3,0.75,21.0,-96.0,3,4042.9170165425107,249.87769441804136,3.6066948272531554,-0.3440252634170063,-0.9389603922055815,-0.7632932362617189,0.6460521925333215,-93.11267024743383,23.76733052892415,7.085126984126984,53.03146986995446,0.6057176181584069,0.6392402232386678,21.22640022948014,9.371039690960625,45.94634288582748
23382,-38806,42.008532645833334,-93.816787825,48,3,0.4583333333333333,45.5,-87.0,3,3829.924423687712,248.76423499238462,3.5831902040732624,-0.36220647208797513,-0.9320978873367233,-0.7376129431551658,0.6752237748257789,-92.24600183810362,24.23543307086615,7.085126984126984,57.376333007843506,0.6057176181584069,0.1225360877518411,52.03085898237147,9.555604276143622,50.29120602371652
23382,-38805,42.00853487846154,-93.81537474153846,65,4,0.7384615384615385,7.25,-87.0,4,3721.2684688965237,248.11583925053844,3.570691003091783,-0.37273127071009465,-0.9279393298243361,-0.7221427996696762,0.6917440110945969,-91.77104728235341,25.237627274854905,7.857096049282865,59.11803995644762,0.6057176181584069,0.7893495488560847,36.4326375687644,9.950751793960148,51.26094390716475
23382,-38804,42.00855623636364,-93.81225795454544,11,2,0.0,73.4,-84.0,2,3482.732413717262,246.57096709962556,3.541920107903456,-0.39761288397936584,-0.9175532652078632,-0.6838079889872227,0.7296619999679649,-90.66757959409772,29.54737198365159,8.894499999999999,62.02390334572493,0.6057176181584069,0.047473402090728783,44.57563738874737,11.650008202873709,53.12940334572493
23382,-38803,42.00855337857143,-93.80990812857144,14,2,0.0,83.9,-71.0,2,3305.6605901482144,245.2264246229339,3.519258260187381,-0.41903337389814854,-0.9079708318880814,-0.6488220631190689,0.7609401621743427,-89.76922278169559,31.424354838709696,9.483132199518769,62.02390334572493,0.6057176181584069,0.06507521443135664,70.08710369338917,12.390069473641852,52.54077114620616
23382,-38802,42.00854508181818,-93.80748847272729,11,2,0.18181818181818182,52.4,-75.0,2,3125.7088308298007,243.6739240256445,3.494948519731319,-0.4434791463052197,-0.8962846907051317,-0.6066524935847871,0.7949671389606993,-88.78280453175246,32.8152405957577,11.281901125035475,62.02390334572493,0.570556271214166,0.34376586651764734,66.46920076045866,14.092299282446461,50.74200222068946
23382,-38801,42.00854684,-93.80492727999999,5,2,0.8,,-83.0,2,2937.488524021382,241.84515323229118,3.467976178611223,-0.471856087122495,-0.8816755826523996,-0.5547036660908968,0.8320479810836144,-87.67028638824553,37.82819819819824,13.04254819593524,62.38368774242762,0.40849991805670477,0.8709547831158551,66.607045907672,22.37538233400147,49.34113954649238
23382,-38800,42.008550185714284,-93.80233595714286,7,2,0.5714285714285714,73.4,-77.0,2,2750.425852275174,239.74561075194742,3.4393999414574647,-0.5038401512671074,-0.8637969101421574,-0.49229020394227674,0.8704311317401691,-86.46433293436951,37.82819819819824,13.339307692307694,65.04053265475375,0.38753297360202477,0.7503188280306615,70.00587438279064,23.16852406444372,51.701224962446055
23382,-38799,42.00855077,-93.80006524000001,10,2,0.0,73.4,-77.5,2,2590.0893591314793,237.6541840827781,3.4133147476751717,-0.5350280824729745,-0.8448342742605155,-0.427489901930584,0.9040201235301013,-85.3363445656327,39.73424498736194,15.697245724133124,65.61119565217395,0.38753297360202477,0.007063425880660289,60.45787137049098,24.335914873578222,49.91394992804082
23382,-38798,42.00856084545455,-93.79772511818182,11,2,0.0,73.4,-72.0,2,2428.3399573815323,235.23387516507435,3.3853094860604673,-0.5702279773183352,-0.8214864903840112,-0.34968010776688047,0.9368691596120254,-84.10520402292278,46.47610679247355,18.623651112145012,69.13768136997176,0.38753297360202477,0.0035513275061662803,69.30697766179453,28.465082925741015,50.51403025782675
23382,-38797,42.00868925128205,-93.79565948461538,39,5,0.02564102564102564,62.9,-72.5,5,2281.627064064764,233.08302999032014,3.3582446596901248,-0.6006570516225156,-0.7995067894246719,-0.2784222126722933,0.9604587817760137,-82.97993741420157,47.17150567269418,20.080808823529416,70.67000000000002,0.38753297360202477,0.0012574899287464154,64.6991042592426,28.890991810070226,50.5891911764706
23382,-38796,42.008612186363635,-93.79299111363638,22,4,0.0,52.4,-72.0,4,2115.1355612254797,229.30637692776105,3.3253382069855357,-0.6520140206640066,-0.7582069090014654,-0.14975543371511277,0.9887230704665481,-81.40664728733329,52.324591801540585,23.367324469682767,70.67000000000002,0.38753297360202477,0.000468292775908627,64.63353335459325,32.04708714817743,47.302675530317245
23382,-38795,42.0086568,-93.79042354736843,19,4,0.0,21.0,-91.0,4,1955.7207781341313,225.36020554149425,3.291306849852533,-0.7026474172484414,-0.7115381978742215,-0.012573214068189483,0.9999209540198642,-79.8462398339231,59.48550741946307,25.77386711530079,70.67000000000002,0.38753297360202477,0.00027695499364770995,17.482161444266996,36.43291184297324,44.89613288469923
23382,-38794,42.008691042857144,-93.78804196190475,21,4,0.0,41.9,-87.0,4,1818.120834119397,221.0836407267064,3.2596227434884706,-0.7537510574546132,-0.6571600591834933,0.13628131322789525,0.9906701790529885,-78.3716602018688,62.02390334572493,30.935236612567007,70.67000000000002,0.04530053747298839,0.00015272290170209577,41.11743619521001,59.214187187990916,39.734763387433006
23382,-38793,42.008733639999996,-93.78578151333333,15,4,0.0,52.4,-70.0,4,1697.4310418826144,216.43120015612024,3.229792140102362,-0.8045705344789145,-0.5938570998551032,0.2946674899033721,0.9555998484690368,-76.99117432799045,62.02390334572493,32.74689572902383,70.67000000000002,0.02380952380952381,0.00027431053747570294,62.819717866520655,60.54714374225529,37.92310427097619
23382,-38792,42.0087782,-93.78333273333334,21,4,0.0,73.4,-67.0,4,1581.41357192619,210.62952634002949,3.1990454616572337,-0.8604795874689641,-0.5094849159192462,0.48085024090151723,0.8768027405437057,-75.59065906629576,63.13948142179701,37.82819819819824,70.67000000000002,0.02380952380952381,0.00018439121988093855,82.40400977250891,61.636160435563745,32.84180180180178
23382,-38791,42.008818440909096,-93.78092690909092,22,4,0.0,94.4,-65.0,4,1485.9229691527496,204.10773332843723,3.1719962960066437,-0.9127790557218465,-0.4084536637557977,0.6663312091289314,0.7456558990182913,-74.41202010401757,65.25603872990322,37.82819819819824,70.67000000000002,0.02380952380952381,0.002012869726742587,116.6886812117725,63.70232352204838,32.84180180180178
23382,-38790,42.008853235,-93.77838354000001,20,4,0.0,78.65,-73.0,4,1409.4699774348258,196.3508172771558,3.149055829570337,-0.959555983107674,-0.2815178773759585,0.8414953694354695,0.540264327175747,-73.50696342845946,65.61119565217395,39.81201547410097,70.67000000000002,0.0,0.0007244167863351748,82.85808713672797,65.61119565217395,30.85798452589905
23382,-38789,42.00879406833334,-93.77667531333333,60,7,0.0,60.7,-72.0,7,1382.8875524601021,190.65350944407362,3.1407868675051778,-0.9827631254110368,-0.18486924928805948,0.9316467213353387,0.3633653624454508,-73.21508165307695,65.61119565217395,40.65031241551548,70.67000000000002,0.0,0.0003914574888996537,59.876722118172516,65.61119565217395,30.019687584484537
23382,-38788,42.008852700000006,-93.77409691333334,15,1,0.0,83.9,-79.0,1,1353.2071609705663,181.80483728146393,3.1313642873436796,-0.9995039049034906,-0.03149514379509835,0.9980161118346521,0.06295903841739549,-73.06532746493326,65.61119565217395,41.55468213438022,70.67000000000002,0.0,0.00017461589833527017,95.90408634299413,65.61119565217395,29.115317865619794
23382,-38787,42.0088509125,-93.7712584625,8,1,0.0,62.9,-82.5,1,1366.2759331857217,171.92582431963558,3.1355384183484776,-0.9900870640731394,0.1404549947671177,0.9605447888899379,-0.2781253468067675,-73.46047380349539,65.61119565217395,39.94553566515713,70.67000000000002,0.0,0.005776744450075152,53.08153004208037,65.61119565217395,30.724464334842885
23382,-38786,42.008845175000005,-93.769031275,4,1,0.5,62.9,-77.0,1,1404.6008254053547,164.47660079900425,3.1475529192909226,-0.9635212345433735,0.2676318938094142,0.8567463388319728,-0.5157380254528556,-74.03168864935681,65.58388037540288,38.30498219946484,70.67000000000002,0.0,0.6590825552749365,60.78305374686466,65.58388037540288,32.36501780053518
23382,-38785,42.0088444,-93.76655435,4,1,1.0,,,1,1472.699176668923,156.78274314820374,3.1681140440217836,-0.919016646643996,0.39421872506417643,0.6891831936175505,-0.7245871415055016,-74.80088139932693,64.92084445300844,37.82819819819824,70.67000000000002,0.02380952380952381,0.9630280878845706,75.18239298712498,63.37511006127014,32.84180180180178
23382,-38784,42.00886254,-93.76399554,5,1,0.8,,-74.0,1,1566.367852656814,149.62775337710474,3.19489376130979,-0.86275868459751,0.5056159136652782,0.48870509569685183,-0.8724490411708473,-75.63513941987685,63.01825898058654,37.82819819819824,70.67000000000002,0.02380952380952381,0.9631013517463026,66.9633661704677,61.51782424295352,32.84180180180178
23382,-38783,42.008874399999996,-93.761320625,8,1,0.0,62.9,-73.5,1,1687.8334058698877,143.11787037335154,3.227329578260056,-0.7998718887666176,0.6001707769967842,0.27959007687815257,-0.9601194659578925,-76.50235726358767,62.02390334572493,35.87720364090426,70.67000000000002,0.02380952380952381,0.017028538233307144,60.50911892096075,60.54714374225529,34.79279635909575
23382,-38782,42.00889143333333,-93.75921835000001,6,1,0.5,78.65,-75.5,1,1796.014914799007,138.6443419831553,3.2543099388947665,-0.7506226431911185,0.6607311461773078,0.1268687049424424,-0.991919518764616,-77.15361627239844,62.02390334572493,31.706642962024333,70.67000000000002,0.02380952380952381,0.9292784911697662,46.26557714147687,60.54714374225529,38.96335703797568
23382,-38781,42.0088171125,-93.75685407499999,8,2,1.0,,,2,1936.415483371269,134.46294718811373,3.2869985465550013,-0.7004478632921038,0.7137035734879896,-0.018745581619052536,-0.9998242861472026,-77.89608812327144,62.02390334572493,31.424354838709696,70.67000000000002,0.02380952380952381,0.9788047333726565,47.97015260621124,60.54714374225529,39.24564516129032
23382,-38780,42.00888385,-93.754217,2,1,0.5,,-67.0,1,2092.6559673434385,130.13444689157893,3.3206978361909125,-0.6445833929994672,0.7645340080528102,-0.16902449893858892,-0.9856118499483247,-78.61416139371468,62.02390334572493,30.25341442469578,70.67000000000002,0.08571428571428572,0.4674624954079759,47.72282062679992,56.70756877323422,40.41658557530424
23382,-38779,42.00886506,-93.75183288,10,1,0.0,51.75,-66.0,1,2248.072630037184,126.9365026722491,3.3518103381758606,-0.6009295759920683,0.7993019734105459,-0.27776728939598594,-0.9606483919424456,-79.2637645231619,61.23271063150036,28.323534952449997,70.67000000000002,0.08571428571428572,0.021682491026984024,43.00402029446563,55.98419257737176,42.34646504755002
23382,-38778,42.00884405,-93.7494068,10,1,0.0,55.4,-74.0,1,2412.5821420920156,124.11801702266979,3.382482108855203,-0.5608993556846492,0.8278839971835096,-0.37078382558509065,-0.928719201203725,-79.89414538153008,59.341809094217396,25.564170272021766,70.67000000000002,0.38753297360202477,0.0708275764326209,55.374974753820055,36.34490135701165,45.10582972797825
23382,-38777,42.008822574999996,-93.747391275,4,1,0.75,24.049999999999997,-88.0,1,2553.399042763182,122.06509651060878,3.407118691234978,-0.5308824305301622,0.8474454819953833,-0.436327689908775,-0.8997878344470278,-80.39722890238129,57.54892919636175,24.23543307086615,70.67000000000002,0.38753297360202477,0.36622282028146136,38.73577703041901,35.246821537283296,46.434566929133865
23382,-38776,42.008765350000004,-93.744424775,4,1,0.75,,-73.0,1,2767.260772788489,119.4803565024772,3.442050086805117,-0.4921251351947295,0.8705244691044413,-0.5156257026191384,-0.8568139440966865,-81.11216755763964,54.48663862211236,24.23543307086615,70.67000000000002,0.38753297360202477,0.8634910077652154,42.61092149717911,33.371269535306226,46.434566929133865
23382,-38775,42.00871479,-93.74217285,10,1,0.0,41.4,-68.5,1,2933.248959475395,117.78601528616826,3.4673489252846217,-0.4661707185432264,0.8846947841899442,-0.565369722345784,-0.8248376064745419,-81.6315661717632,50.67325519010682,22.43287101874633,70.67000000000002,0.38753297360202477,0.05586109962738582,39.79548275681875,31.03569792419049,48.23712898125369
23382,-38774,42.0086755125,-93.7398260625,8,1,0.0,52.55,-67.5,1,3107.998848115631,116.1894963708379,3.492480849170988,-0.44134135735635627,0.8973392927353895,-0.610435612573698,-0.7920658829300591,-82.1475029443283,47.848316056251726,20.289347593354655,70.67000000000002,0.38753297360202477,0.029134819806333992,44.305773871561854,29.305515853122987,50.38065240664536
23382,-38773,42.00862377424243,-93.73740563939394,66,2,0.8333333333333334,18.6,-84.0,2,3291.0067088393403,114.74133068515425,3.5173287676206986,-0.41852232333830897,0.9082065100336508,-0.6496781297350079,-0.7602093973005216,-82.66128709222208,47.43058414006292,20.080808823529416,70.67000000000002,0.38753297360202477,0.6913111565371204,21.599081303469568,29.0496688285833,50.5891911764706
23382,-38772,42.0086342,-93.73500336,10,1,0.1,22.0,-80.5,1,3471.7694256719824,113.3515989067302,3.5405508741992957,-0.3963724680561999,0.9180897922137229,-0.6857777331340735,-0.7278110336739142,-83.13658567076124,47.155193798449645,20.080808823529416,70.67000000000002,0.38753297360202477,0.07944620651687621,29.800658189225008,28.881001324956696,50.5891911764706
23382,-38771,42.008632649999996,-93.732224625,4,1,0.5,73.4,-68.5,1,3683.699209249501,111.93695463672748,3.5662841608580518,-0.37358614085868513,0.9275954912343606,-0.7208667907166293,-0.6930736396963222,-83.6682130076649,47.155193798449645,19.32531516109025,70.67000000000002,0.38753297360202477,0.22736039605612732,39.06616602254685,28.881001324956696,51.34468483890977
23382,-38770,42.008638142857144,-93.73012067142858,7,1,0.0,41.9,-76.0,1,3845.2459438703972,110.95961206902945,3.584924122719978,-0.3577097775070562,0.9338328089523587,-0.7440874301517046,-0.668082252638275,-84.05489078034493,46.800876400269026,18.704437655277733,69.3922062202777,0.38753297360202477,0.030416359609809516,49.34752169206787,28.663993601691946,50.68776856499997
23382,-38769,42.008642877777774,-93.72774805555555,9,1,0.0,41.9,-75.0,1,4028.7024074112605,109.95393619864825,3.6051651880653477,-0.34126455289556934,0.9399672892909556,-0.7670770098739743,-0.6415550334326765,-84.47728091610713,44.07436799612619,17.80459873893663,67.25541716500511,0.38753297360202477,0.014687958813475805,59.10362767476044,26.994097106957494,49.45081842606848
23382,-38768,42.0086435,-93.72560186666668,6,1,0.0,10.5,-95.0,1,4195.762952643402,109.12541046730468,3.62281094394788,-0.3276369481494134,0.944803699298081,-0.7853080604146772,-0.6191052012765986,-84.84791487904619,41.68194324645587,16.915689837105596,65.61119565217395,0.38753297360202477,0.03198920096937449,14.991450059782737,25.528815834645993,48.69550581506835
23382,-38767,42.00863925555555,-93.72278990000001,9,1,0.1111111111111111,10.5,-95.5,1,4416.03293352292,108.14187682326269,3.645032303578466,-0.3113710675537183,0.9502884079533211,-0.8060961165809156,-0.591784632136698,-85.31783754940092,39.787397929444325,15.747908355920613,65.61119565217395,0.38753297360202477,0.08658894328177763,10.863733204823694,24.368469297959724,49.86328729625333
23382,-38766,42.008639825,-93.72037385,4,1,0.75,10.5,-83.5,1,4606.09430596632,107.3665042975627,3.6633328255390905,-0.2984828824685446,0.9544149877664689,-0.821815937746538,-0.5697530732394327,-85.70666621188174,38.67066538228612,14.683496723652171,65.61119565217395,0.38753297360202477,0.5790617700036793,16.304937285217978,23.684507435519897,50.92769892852178
23382,-38765,42.00855773571429,-93.71832016428571,14,2,0.35714285714285715,17.75,-92.5,2,4770.923728043253,106.86163065165692,3.678602473621446,-0.29006137771181717,0.9570080444593569,-0.8317287943198451,-0.555182143714346,-86.04020230359508,37.82819819819824,13.770447532432765,65.40612872154219,0.38753297360202477,0.19823207089377043,19.91424401591962,23.16852406444372,51.63568118910942
23382,-38764,42.008587219999995,-93.71549345999999,5,1,0.8,,-83.0,1,4993.940376340564,106.04668554290095,3.698443352917039,-0.27642051605877754,0.9610367830118673,-0.8471833966035982,-0.5313005670232156,-86.46294452611576,37.82819819819824,13.339307692307694,65.04172944781664,0.38753297360202477,0.7563639726583791,17.38606634445753,23.16852406444372,51.702421755508944
23382,-38763,42.008535280000004,-93.71275048,5,1,0.2,,-73.5,1,5213.613826773228,105.41753877413976,3.7171388597604738,-0.2658512236633388,0.9640140698541206,-0.8586462537534109,-0.5125686401987867,-86.8702709886296,37.82819819819824,13.339307692307694,64.56397211383229,0.38753297360202477,0.03750040921535448,18.93423978583882,23.16852406444372,51.2246644215246
23382,-38762,42.0085055,-93.71098062,5,1,0.0,8.8,-97.0,1,5355.556615944676,105.03468684388213,3.7288046147889413,-0.2594037687776972,0.9657689603336437,-0.865419369487854,-0.5010482161581311,-87.12503413112998,37.82819819819824,13.339307692307694,63.86966535639967,0.40849991805670477,0.010929141588797995,16.03204537778249,22.37538233400147,50.53035766409198
23382,-38761,42.008465619999996,-93.70832912,10,1,0.0,4.14,-106.0,1,5568.492562068417,104.4923824003937,3.7457376439026127,-0.2502512844888008,0.9681809203923125,-0.8747485892234106,-0.4845770378914512,-87.49567366290081,37.82819819819824,13.152195218907654,62.859560327255615,0.40849991805670477,0.016730265472447173,4.4493468228314335,22.37538233400147,49.70736510834796
23382,-38760,42.008408522222226,-93.70585272222223,9,1,0.0,4.14,-103.0,1,5768.320469003904,104.04330055793719,3.761049380361478,-0.24265511512058438,0.9701126198054615,-0.8822369902116318,-0.47080557887765195,-87.8335407033207,37.82819819819824,12.940033619176571,62.02390334572493,0.40849991805670477,0.030271098453304075,6.2603184290878175,22.37538233400147,49.08386972654836
23382,-38759,42.0083629,-93.70384324999999,6,1,0.16666666666666666,6.209999999999999,-103.0,1,5930.695776991712,103.70036909922237,3.7731056468857362,-0.23684440477692625,0.9715475942669322,-0.887809455851727,-0.4602112233532124,-88.10027617736792,37.18604526564581,12.772538663739205,62.02390334572493,0.40849991805670477,0.0720332363125515,5.123913079627419,21.99554882177658,49.25136468198573
23382,-38758,42.008308122222225,-93.7010826111111,9,1,0.0,4.14,-100.0,1,6153.890613138527,103.2507602520866,3.7891497722928915,-0.2292133065762809,0.9733762171372218,-0.8949225201767357,-0.44622156254546913,-88.45569308917177,34.910011035140755,12.081059868463377,62.02390334572493,0.570556271214166,0.013877427355402781,7.240874448341184,14.99188531088546,49.942843477261555
23382,-38757,42.008436024999995,-93.69867534,20,2,0.1,8.28,-101.0,2,6344.460130387788,102.71254165025175,3.8023946725506903,-0.2200597368554962,0.9754863977601583,-0.9031474244301795,-0.4293305599944327,-88.73804664638187,33.10186308277288,11.39124812662325,62.02390334572493,0.570556271214166,0.03839117735539819,6.94928744785308,14.21538751202413,50.63265521910168
23382,-38756,42.00830135,-93.69579060000001,6,1,0.0,1.01,-108.0,1,6580.335087301351,102.38121128147259,3.8182480095502136,-0.21441504036964837,0.9767426429020503,-0.9080523809265642,-0.4188566264172003,-89.09676528286987,31.424354838709696,10.514870545581537,62.02390334572493,0.570556271214166,0.0606507034319474,4.139563208544941,13.494992116624658,51.509032800143395
23382,-38755,42.008318085714286,-93.69381035714285,7,1,0.14285714285714285,0.604,-111.0,1,6739.812524234051,102.06628139167674,3.8286478162945152,-0.2090431004851657,0.977906428110353,-0.9126019642790978,-0.408849183433124,-89.32564763879886,31.424354838709696,10.092509394042565,62.02390334572493,0.5840462251693622,0.27386460411022656,1.547643422801226,13.071079016778716,51.93139395168237
23382,-38754,42.00832691428571,-93.6914673142857,7,1,0.0,0.625,-106.0,1,6929.005414897171,101.72222907503203,3.840670900727123,-0.2031671896965063,0.9791440614285641,-0.9174461860616476,-0.39785989453692944,-89.59161107137896,31.424354838709696,9.727132629841602,62.02390334572493,0.6057176181584069,0.01596517942408653,1.7238079050611061,12.390069473641852,52.296770715883326
23382,-38753,42.00834724,-93.68864024,5,1,0.0,3.625,-101.0,1,7157.381648363926,101.32283533576668,3.8547541754309846,-0.19633695440207782,0.9805364859790361,-0.9229036006722329,-0.38503109467447927,-89.90343469165028,31.424354838709696,9.29875379493604,62.02390334572493,0.6057176181584069,0.007068383238744311,1.9711763471689374,12.390069473641852,52.72514955078889
23382,-38752,42.008362025000004,-93.6865701375,8,1,0.0,5.175000000000001,-101.0,1,7324.818039243903,101.04623344958316,3.8647968405573634,-0.1916010335877965,0.9814728951571144,-0.9265780878561761,-0.3761024423010203,-90.1263692867628,31.06905191040454,8.99248943295039,62.02390334572493,0.6057176181584069,0.0029778987419852325,7.098963993367547,12.249979788794402,53.03141391277454
23382,-38751,42.0082204,-93.684272,9,1,0.0,7.76,-101.0,1,7514.2048808894315,100.88519408160823,3.875883032280025,-0.18884168673998628,0.9820075444461702,-0.9286776346983938,-0.3708879221692136,-90.38197818703067,30.350375774038348,8.894499999999999,62.02390334572493,0.6057176181584069,0.007310675218118035,10.421303115659274,11.966618449975226,53.12940334572493
23383,-38820,42.01049281666667,-93.85145425,6,2,1.0,,-93.0,2,6538.927088866706,259.71725858957876,3.815506494867062,-0.1785058419329809,-0.9839388519597128,-0.9362713287915952,0.35127766635927843,-100.86880106796667,10.58881492853654,2.356258620689655,31.424354838709696,0.8823441677872059,0.8734816563406318,7.5363424539024795,1.2458358325642243,29.06809621802004
23383,-38805,42.010263,-93.815382325,4,2,1.0,,,2,3654.501694809729,250.9156596861044,3.5628281676282123,-0.3269596198608788,-0.9450383097951266,-0.7861948139608593,0.617978733049164,-92.3433369308054,24.23543307086615,7.085126984126984,57.01481862009523,0.6057176181584069,0.9712669010680332,39.782081124340216,9.555604276143622,49.92969163596824
23383,-38797,42.01034685,-93.79610718181817,22,3,0.0,68.15,-75.0,3,2206.968324799389,237.4893497975758,3.343796100056283,-0.537456369591841,-0.8432915574018031,-0.42228130157031696,0.9064648378972452,-83.62832313488863,47.155193798449645,19.38936519568325,70.67000000000002,0.38753297360202477,0.0010717048850300318,64.84690407910294,28.881001324956696,51.28063480431676
23383,-38789,42.01043775185185,-93.77661805925926,27,6,0.0,83.9,-70.0,6,1202.7459879892276,192.0414713517028,3.0801739168969497,-0.9779968556192496,-0.20861963090481322,0.912955699202279,0.40805868609071155,-71.77079435763456,70.67000000000002,47.155193798449645,70.86216200286415,0.0,0.00011633146256543705,81.67238761950692,70.67000000000002,23.70696820441451
23383,-38781,42.01043513333334,-93.75713823333335,3,1,1.0,,,1,1797.1055287274542,130.89192691846887,3.25457358028002,-0.6546343060635182,0.7559457158584444,-0.14290785064947192,-0.9897359982453645,-77.04582834611202,62.02390334572493,32.396899958006664,70.67000000000002,0.02380952380952381,0.985700402631133,45.0020820850454,60.54714374225529,38.27310004199335
23383,-38773,42.01048661428571,-93.73771044285715,7,1,0.0,41.9,-76.0,1,3186.318277253728,111.54721219468365,3.5032891547517315,-0.3672677739589651,0.9301152521119233,-0.730228764422453,-0.6832027163368554,-82.13148249411961,47.86134147439924,20.35590654424491,70.67000000000002,0.38753297360202477,0.05815060811248996,42.29710687536713,29.313493492243385,50.314093455755106
23383,-38765,42.01030255,-93.7182807,6,1,0.0,43.5,-83.0,1,4721.335847802533,104.59673993412775,3.674064894661202,-0.25201429626394606,0.9677235113804914,-0.872977588957176,-0.48776031939725867,-85.78166209073032,38.45527401098494,14.47819682289555,65.61119565217395,0.38753297360202477,0.025400024880150317,44.5644409630454,23.552587322827282,51.1329988292784
23383,-38757,42.010504437499996,-93.69869345000001,8,1,0.0,10.86,-94.0,1,6296.176797978421,100.67383639923662,3.7990769146032948,-0.1852178947755629,0.9826974770777162,-0.931388662909817,-0.36402631581118317,-88.52392163793769,34.4730860961986,11.914372207317951,62.02390334572493,0.570556271214166,0.00433524171577577,13.318652910193562,14.804250635906618,50.10953113840698
23384,-38820,42.012386979999995,-93.85161980000001,5,2,0.6,,-107.0,2,6517.969730722262,261.56056150120367,3.8141123392818077,-0.14676394136475976,-0.9891715450391207,-0.9569206910301628,0.29034942927162066,-101.3534747175958,9.782687196891423,2.356258620689655,31.424354838709696,0.8823441677872059,0.47068986203832264,4.478080548810538,1.1509902034277062,29.06809621802004
23384,-38805,42.01201115,-93.81538535,2,2,1.0,,,2,3595.7900970584947,253.8448704442821,3.5557943320183973,-0.27823897905689793,-0.9605118794337606,-0.8451661410667503,0.5345036894113435,-92.98494097539182,24.23543307086615,7.085126984126984,53.9692480552295,0.6057176181584069,0.9319044167676184,51.42346809242403,9.555604276143622,46.88412107110251
23384,-38797,42.012171089999995,-93.79615619500001,20,3,0.0,52.4,-78.0,3,2108.4430087722876,242.20146728254176,3.32396186652697,-0.4663639870311317,-0.884592918579177,-0.5650092632008529,0.8250845608161804,-84.30209471143085,45.20518668458314,18.224756070390786,68.14164989890055,0.38753297360202477,0.01139687116176169,52.96596230456247,27.68668626647198,49.91689382850977
23384,-38789,42.01217856666666,-93.77664016666667,21,5,0.0,63.7,-70.0,5,1014.6912261740732,194.42288785562863,3.0063339051359,-0.9684837400892984,-0.24907678571606054,0.8759215096347114,0.48245363399942204,-70.03397892479474,70.67000000000002,49.17025071578532,76.76876971608837,0.0,7.314998609826403e-05,79.52907448550668,70.67000000000002,27.59851900030305
23384,-38781,42.01201866666667,-93.75714946666666,3,1,1.0,,,1,1686.3217140048828,126.38611679340079,3.2269404322629622,-0.5932238372475798,0.8050375636709488,-0.29617095784251396,-0.9551349452986462,-76.24625657327523,62.02390334572493,37.51723234592208,70.67000000000002,0.02380952380952381,0.9590991864375732,64.30333368878249,60.54714374225529,33.152767654077934
23384,-38773,42.0122237,-93.7377283,6,1,0.16666666666666666,73.4,-81.0,1,3119.0767381641376,108.25571744466083,3.4940260597687707,-0.31325857372315846,0.9496678714102802,-0.8037381319778649,-0.5949832058173845,-81.69943320783213,50.17498079374306,22.150908985099406,70.67000000000002,0.38753297360202477,0.22024016980983663,65.92160373409536,30.73052128631933,48.51909101490061
23384,-38765,42.01225388333334,-93.71830191666668,6,1,0.0,25.4,-86.0,1,4669.524417425723,102.02531812502446,3.6692726507148596,-0.20834389890754265,0.9780556322561634,-0.9131856395760073,-0.4075438475454617,-85.49619282106198,39.27515396175335,15.259663933245594,65.61119565217395,0.38753297360202477,0.11670907898995284,43.510027125464575,24.054736758277727,50.351531718928356
23384,-38757,42.01210632,-93.69870402000001,5,1,0.0,62.1,-79.0,1,6264.614930681544,99.0744809979779,3.7968943812168807,-0.15771826674703882,0.9874841509281604,-0.9502498966686198,-0.31148857744912145,-88.36736667965958,35.475639526162865,12.29684816947906,62.02390334572493,0.40849991805670477,0.01827667974308357,65.15261190153605,20.983843686716135,49.72705517624587
23385,-38820,42.014082685714286,-93.85178661428571,7,2,0.42857142857142855,6.21,-105.5,2,6506.488911391755,263.22090737437054,3.8133466939814724,-0.11804162481468113,-0.9930086479034863,-0.9721323496222202,0.23443270850711423,-101.80013998706532,9.169064830626619,2.356258620689655,31.424354838709696,0.8823441677872059,0.4533569073943886,8.655988067364321,1.0787939532604365,29.06809621802004
23385,-38805,42.014270425,-93.81538764999999,4,2,1.0,,,2,3534.2039178234727,257.76012252595604,3.548291603979617,-0.21200502005191194,-0.9772685769392099,-0.9101077429455768,0.4143716885002013,-93.90195920395752,20.48813149199571,6.05329389390048,47.88721756185181,0.6057176181584069,0.9491472498859901,56.04153693713013,8.078109284147821,41.83392366795133
23385,-38797,42.01411438125,-93.79619191875,16,3,0.125,21.0,-88.5,3,2019.4247178154794,247.67136015585635,3.3052276677329306,-0.37991858704335696,-0.9250199280118128,-0.7113237344379585,0.7028645280743913,-85.27771565325712,39.90262973100858,15.85774134171866,65.61119565217395,0.38753297360202477,0.07065230473206813,22.21876756070091,24.439044976810266,49.75345431045529
23385,-38789,42.01391175,-93.77666229285714,28,6,0.0,94.4,-65.0,6,829.9907367628808,197.8603936301117,2.9190732453938875,-0.951806640321267,-0.30669874378670375,0.8118717611193157,0.5838358018287512,-68.03205663588166,70.67000000000002,59.52114443054733,76.76876971608837,0.0,8.215902163901733e-06,88.81065163146604,70.67000000000002,17.24762528554104
23385,-38781,42.013838375,-93.7571583,4,1,1.0,,,1,1574.0725558286138,120.46290890644684,3.197024747000019,-0.5069804709278382,0.8619575407743629,-0.48594160419557497,-0.8739912798831755,-75.27749560803241,63.99294673518275,37.82819819819824,70.67000000000002,0.02380952380952381,0.9961864654308581,71.31294828589022,62.46930514624982,32.84180180180178
23385,-38773,42.014066328571424,-93.7377467142857,7,1,0.0,83.9,-75.0,1,3059.528397620245,104.61884701745794,3.4856544885418312,-0.2523876652823691,0.9676262018017675,-0.8726009328266296,-0.48843383587758926,-81.25921642004958,53.40701753656985,23.97984432570552,70.67000000000002,0.38753297360202477,0.046817065998463706,76.67305921405973,32.710037219407454,46.690155674294495
23385,-38765,42.0142033,-93.71832515,2,1,1.0,,,1,4627.188478989323,99.4045552100265,3.6653171899511374,-0.1634043975794645,0.9865591735175809,-0.9465980057033846,-0.3224162148502694,-85.22943716554968,40.04128761236559,15.989902853620173,65.61119565217395,0.38753297360202477,0.7246974400223521,37.89122078874704,24.523968357091636,49.621292798553775
23385,-38757,42.01403545,-93.69871032500001,8,1,0.0,73.4,-77.5,1,6233.679487093119,97.12818854657195,3.7947444686874885,-0.1240896721553207,0.9922710079733182,-0.9692035065287701,-0.24626116813727733,-88.19158416198334,36.60132323469803,12.715202357539708,62.02390334572493,0.40849991805670477,0.01468673514654931,71.56503336884931,21.64968569255692,49.30870098818522
23386,-38821,42.016271075,-93.85235545,4,2,0.25,,-104.0,2,6528.885115935123,265.3907896144406,3.814839026706102,-0.0803591570450534,-0.9967659734757244,-0.9870848117580169,0.16019854679940257,-102.43956696601457,8.894499999999999,2.356258620689655,29.632607233816277,0.8823441677872059,0.6039178783423526,15.941396202317671,1.0464897996166969,27.276348613126622
23386,-38820,42.0153351,-93.8520461,1,1,1.0,,,1,6512.731478296265,264.4598982240073,3.813763172462697,-0.09654241477655699,-0.9953288713531379,-0.9813591242982225,0.19218290547451394,-102.15549525308919,8.894499999999999,2.356258620689655,30.431310099335427,0.8823441677872059,0.656373162688766,15.04341826537709,1.0464897996166969,28.075051478645772
23386,-38805,42.01593455,-93.8153867,2,2,1.0,,,2,3499.482646125367,260.7216170520895,3.5440038441958603,-0.16123148006687518,-0.9869166174684895,-0.9480088196708897,0.3182440538740773,-94.63225271655608,20.080808823529416,5.62,47.29345282689716,0.6057176181584069,0.9745333480032857,47.46183990789026,7.917509132246858,41.67345282689716
23386,-38797,42.01582236363636,-93.79623273181818,22,3,0.0,31.5,-86.0,3,1958.3530351611253,252.85523136623112,3.2918909854251597,-0.29478705388528337,-0.9555629716882268,-0.8262011857232701,0.5633751864516777,-86.37322545573593,37.82819819819824,13.339307692307694,65.11906632675624,0.38753297360202477,0.014157218504221697,44.87729473715968,23.16852406444372,51.77975863444855
23386,-38789,42.015814516666666,-93.77669300999999,30,6,0.0,89.15,-62.0,6,632.9730965081698,203.9637197873859,2.801385251429128,-0.9138028238501166,-0.40615809621815097,0.6700712017528945,0.7422968305074674,-65.50409234898298,70.67000000000002,62.02390334572493,76.76876971608837,0.0,8.34940396803289e-06,95.26454048752737,70.67000000000002,14.74486637036344
23386,-38781,42.015891499999995,-93.75716964,5,1,1.0,,-68.0,1,1470.643054732573,112.79281728284059,3.1675072762821683,-0.38740001674027086,0.9219117240981578,-0.6998424540592757,-0.7142972346973566,-74.14567045361157,65.48562927940235,37.97762158313839,70.67000000000002,0.0,0.955835723501352,53.83566849741762,65.48562927940235,32.69237841686163
23386,-38773,42.015778225000005,-93.73776305,4,1,0.75,,-77.5,1,3015.710667356669,101.12406820309639,3.4793896722116457,-0.19293416053759876,0.9812117048311502,-0.9255528193953041,-0.3786185131625282,-80.87749854429994,55.76514925910636,24.23543307086615,70.67000000000002,0.38753297360202477,0.23763428367649397,60.487314697340295,34.15431514336412,46.434566929133865
23386,-38765,42.015926300000004,-93.71833545,2,1,0.5,36.7,-85.0,1,4598.799984780943,97.05098978000052,3.6626445212515932,-0.12275260110021212,0.9924373022630357,-0.9698635978462644,-0.24364852056333014,-85.01488863126498,40.65748017814033,16.51522881744505,65.61119565217395,0.38753297360202477,0.28311865897643534,46.386260916536926,24.90136598554023,49.0959668347289
23386,-38757,42.01587996666667,-93.69871135,6,1,0.0,26.25,-87.0,1,6211.300518568575,95.25083756318003,3.7931825420291125,-0.09151617556425493,0.9958035898760822,-0.983249579220185,-0.1822642723172297,-88.03802986583202,37.58466089442764,12.811625865072608,62.02390334572493,0.40849991805670477,0.010599839859431756,35.0302764370432,22.23132999886491,49.212277480652325
23387,-38821,42.01770944285715,-93.85254857142857,7,2,0.5714285714285714,31.1,-92.0,2,6533.7636815418655,266.80019925584503,3.815163422508817,-0.055818032744785244,-0.9984409583047473,-0.9937686944410041,0.11146202020877828,-102.8358726139425,8.894499999999999,2.356258620689655,28.46578517509285,0.8823441677872059,0.4184431721086699,21.648819109943958,1.0464897996166969,26.109526554403196
23387,-38805,42.0174631,-93.8153876,4,2,1.0,,,2,3476.119655110345,263.48752765105246,3.541094717333523,-0.1134194953373537,-0.9935471896580554,-0.97427203615484,0.22537524168972536,-95.33757123266237,19.538780292856924,5.429793236805802,47.155193798449645,0.6057176181584069,0.9549842185391553,41.90446638508001,7.703796832147209,41.725400561643845
23387,-38797,42.01747380555556,-93.79627909444444,18,3,0.16666666666666666,41.9,-87.0,3,1915.988828950607,258.1434163536786,3.2823929726239185,-0.20546265294107074,-0.9786649570953366,-0.9155701964928342,0.4021581968505341,-87.62531938217143,37.82819819819824,13.070784960113071,62.50623645913894,0.40849991805670477,0.18022785833697602,44.62560134079514,22.37538233400147,49.435451499025866
23387,-38789,42.01754794782609,-93.77672324782608,23,6,0.0,62.9,-58.0,6,464.8842199794127,213.94325410959735,2.667344804750142,-0.8295909919833517,-0.5583715483619115,0.37644242795984306,0.9264400134016764,-63.17976689928486,70.67000000000002,64.76466217997334,76.76876971608837,0.0,3.9629322560511405e-07,56.954900643168756,70.67000000000002,12.00410753611503
23387,-38781,42.017451225,-93.757206325,4,1,0.5,,-68.5,1,1409.5930356501963,106.32830748703344,3.1490937453626935,-0.2811408749473541,0.9596665089674831,-0.8419196168676724,-0.5396029639775821,-73.29111300936778,65.61119565217395,40.4319471087173,70.67000000000002,0.0,0.8075140217841813,47.29340588261391,65.61119565217395,30.238052891282713
23387,-38773,42.0176124,-93.737772625,8,1,0.0,62.9,-70.5,1,2982.2123526858563,97.2796498410546,3.4745385647763154,-0.12671230222700783,0.9919395104865676,-0.9678879849286629,-0.25138187808736834,-80.51267540315365,57.12014683343454,24.23543307086615,70.67000000000002,0.38753297360202477,0.06691302613226131,69.69974802371675,34.98420647848938,46.434566929133865
23387,-38765,42.01753711666667,-93.71833328333332,6,1,0.0,41.9,-84.0,1,4580.327085392464,94.8267139963254,3.660896492481801,-0.08414244621798382,0.9964537363793934,-0.9858400974889074,-0.1676881098440243,-84.83611481713402,41.75811208954422,16.943990481743523,65.61119565217395,0.38753297360202477,0.02955917168320443,23.90080295030775,25.57546673947649,48.66720517043042
23387,-38757,42.017608116666665,-93.69871078333334,6,1,0.0,21.0,-88.0,1,6196.548847580323,93.48131257620776,3.7921498776021814,-0.060722987568303376,0.9981546567445245,-0.9926254375615593,-0.12122186562548377,-87.9081496598304,37.82819819819824,12.893183368416112,62.02390334572493,0.40849991805670477,0.014011001513094054,36.52152168370644,22.37538233400147,49.13071997730882
23388,-38821,42.01949394285714,-93.85247354285714,7,2,0.42857142857142855,28.5,-92.0,2,6519.3171030338035,268.53846808107585,3.8142021058673734,-0.02550577785688314,-0.999674674729692,-0.9986989105918307,0.050994960365614864,-103.28701306339723,8.37518630788601,2.356258620689655,26.491009124055495,0.8823441677872059,0.4753553229731868,30.9509575998429,0.9853895149915266,24.13475050336584
23388,-38805,42.019411875,-93.815393925,4,2,1.0,,,2,3458.6666327794646,267.0571797503153,3.538908704101246,-0.05133932312773283,-0.9986812674225878,-0.9947285478015725,0.10254324057964398,-96.27321287823557,17.819877932111805,4.2601555555555555,44.11549068016275,0.6057176181584069,0.9756271928088045,59.89936254720798,7.026063915199486,39.855335124607194
23388,-38797,42.019278436363635,-93.7963257,11,3,0.45454545454545453,52.4,-83.0,3,1888.7940711415574,264.1352705296432,3.2761846108376407,-0.10218019135448993,-0.9947659063793651,-0.9791184169895196,0.20329074133353228,-89.15740915092952,31.424354838709696,10.366712850415585,62.02390334572493,0.570556271214166,0.6010733359259769,55.2492201552148,13.494992116624658,51.65719049530935
23388,-38789,42.01943052340426,-93.77675912978724,47,6,0.0,73.4,-54.0,6,316.2545909766741,236.11280139228342,2.5000368387573575,-0.5575596483666003,-0.8301368793839441,-0.37825447702662596,0.9257016531309176,-63.04904713238121,70.67000000000002,64.8773412207307,76.76876971608837,0.0,9.354083698033244e-07,71.00277415640889,70.67000000000002,11.891428495357673
23388,-38781,42.0194299,-93.75724627,10,1,0.1,49.2,-73.0,1,1360.8623996663748,97.44259179532969,3.1338142147796044,-0.12953273660307874,0.9915751459915266,-0.9664425402962349,-0.25688288441575957,-72.34184823554844,68.9406566597109,46.22470643686779,70.67000000000002,0.0,0.010981939900527891,44.096411496161345,68.9406566597109,24.445293563132225
23388,-38773,42.019394150000004,-93.737779,6,1,0.3333333333333333,62.9,-72.5,1,2963.0226945443374,93.47817561410278,3.471734977864671,-0.0606683381932057,0.9981579798513234,-0.9926387054817496,-0.12111317178373415,-80.21450434456239,58.22759045627212,24.23543307086615,70.67000000000002,0.38753297360202477,0.03505281054019781,75.36574050111308,35.66247918107211,46.434566929133865
23388,-38765,42.01924605,-93.7183585625,8,1,0.0,22.15,-85.0,1,4566.054993025092,92.45237347805534,3.659541137776975,-0.042788923928082576,0.9990841345898136,-0.9963382159781535,-0.0854994700654355,-84.6652654575697,42.86093664735249,17.353746553163877,66.3044401493301,0.38753297360202477,0.04070102833001541,27.655493166465913,26.250910417035982,48.95069359616623
23388,-38757,42.01927574,-93.69870238000001,5,1,0.2,41.9,-82.0,1,6188.589320318495,91.76714353117342,3.7915916635237568,-0.03083758334795774,0.9995244086330547,-0.9980980869065155,-0.06164583451907999,-87.79778970250618,37.82819819819824,12.962483247632097,62.03620257711923,0.40849991805670477,0.10048545578147594,43.87282565072497,22.37538233400147,49.07371932948713
23389,-38821,42.021135879999996,-93.85238254000001,5,2,0.6,26.05,-94.0,2,6509.530876949863,270.1433630743422,3.8135496913495714,0.0025021550621375918,-0.9999968696051228,-0.9999874784400901,-0.005004294458808407,-103.70336155943868,7.621856573949295,2.356258620689655,24.668527810615675,0.8823441677872059,0.9154233366358152,14.516763642946966,0.8967558782145598,22.31226918992602
23389,-38805,42.021471133333336,-93.8153916,3,2,1.0,,,2,3454.184308318236,270.85284321093957,3.5383455069286156,0.01488437238746844,-0.9998892215933879,-0.9995569109172623,-0.029765447040823866,-97.28439667849992,15.298259212586109,4.095088912460091,39.315646383387595,0.6057176181584069,0.9907957577561101,35.24626089983558,6.031834080368546,35.2205574709275
23389,-38797,42.02120384285714,-93.79637060714286,14,3,0.35714285714285715,21.0,-90.0,3,1882.6789034877936,270.64212401686495,3.2747762561108877,0.011206943696719691,-0.999937200234584,-0.9997488088259571,-0.022412479806569012,-90.89987145332012,28.894254601117883,8.894499999999999,61.73123433329951,0.6057176181584069,0.2701839965507866,24.93217199851494,11.39249552566617,52.83673433329951
23389,-38789,42.02074431333333,-93.77617652444444,45,7,0.0,62.9,-53.0,7,216.52476615056395,261.97027813782574,2.3355075782292407,-0.13968677818194825,-0.9901957402459107,-0.9609752080022944,0.27663450544888113,-65.96573186403019,70.67000000000002,62.02390334572493,76.76876971608837,0.0,0.00014197374352704762,63.122187732359755,70.67000000000002,14.74486637036344
23389,-38788,42.021180325,-93.77401094212328,584,5,0.0,62.9,-60.0,5,39.91714596220882,297.17971941275584,1.6011594820849209,0.45678307792341616,-0.8895781133339614,-0.5826984394456206,-0.8126884573239849,-56.17814389349924,76.76876971608837,70.67000000000002,76.76876971608837,0.0,7.737297027473908e-05,73.3141714853087,76.76876971608837,6.098769716088356
23389,-38781,42.0211087125,-93.757295375,8,1,0.0,43.75,-70.5,1,1345.3455003698327,89.55714579269164,3.1288338305356853,0.007729187064403817,0.9999701293875349,-0.9998805193346469,0.015457912377704693,-71.76771131898775,70.67000000000002,47.155193798449645,70.88096474559683,0.0,0.03596391121004909,45.49542009096511,70.67000000000002,23.725770947147183
23389,-38773,42.02139103333334,-93.73779400000001,3,1,1.0,,,1,2956.5351223323146,89.18059104682482,3.470783042592528,0.014300896648842666,0.9998977369486537,-0.9995909687100782,0.028598868391028737,-79.95941202896078,59.146034107839334,25.27847872644343,70.67000000000002,0.38753297360202477,0.9122215421024569,54.21765954652183,36.22499563326158,45.391521273556585
23389,-38770,42.0220532,-93.7293672,1,1,1.0,,,1,3654.1493361894654,88.17715299746914,3.5627862919376367,0.03180931522696554,0.999493955691975,-0.997976334929583,0.06358643660810552,-82.11997027220474,47.87070148003547,20.40373550055315,70.67000000000002,0.38753297360202477,0.9366466093717185,62.9064217952702,29.319226187062476,50.26626449944686
23389,-38769,42.0218619,-93.72794555,2,1,1.0,,,1,3770.9448067122503,88.55602039623165,3.5764501759177585,0.025199530636022153,0.9996824414061318,-0.9987299673114484,0.050383056617014484,-82.46609026843286,47.589288809270215,20.080808823529416,70.67000000000002,0.38753297360202477,0.7013444894869252,60.67481648083614,29.146870205408167,50.5891911764706
23389,-38768,42.0220315,-93.7263777,1,1,0.0,,-44.0,1,3900.914786658531,88.32601678047757,3.591166463490928,0.029212362420253123,0.99957322787369,-0.9982932757636556,0.05839979079645699,-82.80845008180833,47.310933353085645,20.080808823529416,70.67000000000002,0.38753297360202477,0.3383929478734851,60.07024452042218,28.976386666877154,50.5891911764706
23389,-38765,42.021097033333334,-93.71834703333333,3,1,0.3333333333333333,,-83.5,1,4562.704648934527,89.86885066797657,3.659222357115986,0.0022889856567557014,0.9999973802689001,-0.9999895210893264,0.004577959320457578,-84.51866189624461,43.80725572108951,17.70535278392756,67.04607888276828,0.38753297360202477,0.33642035649881896,25.67316527160085,26.83049964615138,49.340726098840726
23389,-38757,42.021218600000005,-93.69870513333332,3,1,1.0,,,1,6185.280958681625,89.7666138290129,3.791359431698972,0.004073345848004981,0.9999917038923886,-0.9999668157072051,0.008146624110178975,-87.68618371825545,37.82819819819824,13.032565562050129,62.34036270120424,0.40849991805670477,0.7336911448405996,40.61286224702805,22.37538233400147,49.30779713915411
23390,-38821,42.022765225,-93.852297725,4,2,1.0,,-91.0,2,6505.33499362407,271.73936443277915,3.8132696655611604,0.0303529735964477,-0.9995392423481197,-0.9981573939877066,-0.06067797646321164,-104.11975540469318,7.085126984126984,2.356258620689655,24.23543307086615,0.8823441677872059,0.9855161389596464,13.741505037955266,0.8336065116507841,21.879174450176496
23390,-38820,42.0229863,-93.85115210000001,5,1,1.0,,,1,6411.524636196033,271.9838448163182,3.806961315377365,0.03461770593554388,-0.9994006275942398,-0.9976032288715204,-0.06919391407571077,-104.03246917374875,7.085126984126984,2.356258620689655,24.23543307086615,0.8823441677872059,0.9933395363842716,14.483519605677387,0.8336065116507841,21.879174450176496
23390,-38819,42.022983733333334,-93.84852173333333,3,1,1.0,,,1,6194.363612965665,272.04899017131015,3.791996695123059,0.03575400276433041,-0.9993606212405651,-0.9974433025726565,-0.07146228482879624,-103.69022736163157,7.645621237046609,2.356258620689655,24.726020104446643,0.8823441677872059,0.9829537364135117,42.032178682509716,0.8995519294285309,22.36976148375699
23390,-38818,42.022987375,-93.8459543,4,1,1.0,,,1,5982.431521523896,272.1237415064982,3.776877736120492,0.037057794714851766,-0.9993131240261343,-0.9972534397017438,-0.07406468121203537,-103.34678162287706,8.267042689165594,2.356258620689655,26.22938434620984,0.8823441677872059,0.9929058481527105,41.41980375480571,0.972665787532473,23.873125725520186
23390,-38817,42.022991499999996,-93.843547825,4,1,1.0,,,1,5783.799055328332,272.1996206361247,3.762213195994974,0.038381192818330676,-0.9992631705601093,-0.9970537680756842,-0.07670582485104802,-103.01452512704621,8.868218627070455,2.356258620689655,27.68376994067691,0.8823441677872059,0.9996253648237815,46.00974149487775,1.0433976428129765,25.327511319987256
23390,-38816,42.022986,-93.84164495,2,1,1.0,,,1,5626.7043433958,272.253540400145,3.7502540956400168,0.03932155968433254,-0.9992266084047159,-0.996907629887983,-0.07858229744111843,-102.74147283628638,8.894499999999999,2.356258620689655,28.783761422243078,0.8823441677872059,0.9991783243849964,44.7355210647118,1.0464897996166969,26.427502801553423
23390,-38815,42.02298766,-93.83889526,5,1,1.0,,,1,5399.75202651123,272.34838981896615,3.7323738161210045,0.04097565940194755,-0.9991601449900689,-0.9966419906731512,-0.08188249157822719,-102.33692689593039,8.894499999999999,2.356258620689655,29.921192525357995,0.8823441677872059,0.9961017910797865,67.54162808487244,1.0464897996166969,27.56493390466834
23390,-38814,42.022990475,-93.83634277499999,4,1,1.0,,,1,5189.097085531234,272.44549693305646,3.715091796213535,0.04266901518946082,-0.9990892628503029,-0.9963587102855231,-0.08526030986437358,-101.94730710635244,8.966888744537393,2.356258620689655,31.01665690368067,0.8823441677872059,0.9925768372769417,67.01587048834547,1.0550067575980833,28.660398282991014
23390,-38813,42.02300953333333,-93.83408973333333,3,1,1.0,,,1,5003.249266120913,272.55915036353986,3.6992521403417578,0.044650749949061194,-0.9990026579188798,-0.9960126210579728,-0.08921243575436684,-101.5966004599727,9.448684525238924,2.356258620689655,31.424354838709696,0.8823441677872059,0.994902068945782,73.7108682037723,1.1116928411331348,29.06809621802004
23390,-38812,42.023001074999996,-93.8316682,4,1,1.0,,,1,4803.379230816382,272.652827061372,3.6815468759059273,0.04628402573143044,-0.9989283202322838,-0.9957155779241845,-0.09246884815497124,-101.19586279519086,9.999212204292437,2.356258620689655,31.424354838709696,0.8823441677872059,0.9982178291690883,73.7108682037723,1.1764656333683539,29.06809621802004
23390,-38811,42.0230026,-93.82942685,4,1,1.0,,,1,4618.443151202508,272.75971031914474,3.6644956022251987,0.04814740969995328,-0.9988402409490643,-0.9953636538783697,-0.0961831406115493,-100.814232125362,10.722131107445158,2.356258620689655,31.424354838709696,0.8823441677872059,0.9985289526409267,72.17910082052153,1.2615212585411475,29.06809621802004
23390,-38810,42.0230042,-93.82693366666666,3,1,1.0,,,1,4412.74836005087,272.8890624580757,3.6447091622177967,0.05040228750712356,-0.9987289969826896,-0.9949192188280985,-0.10067645209524533,-100.37272082657408,11.800777613861865,2.356258620689655,34.175329738775886,0.8823441677872059,0.9984961331568734,70.30212965913225,1.388430310917028,31.81907111808623
23390,-38809,42.02300545,-93.824121325,4,1,1.0,,,1,4180.7490543355625,273.04950325822824,3.621254100200953,0.05319874737317879,-0.9985839440317097,-0.9943397865558494,-0.10624682993891087,-99.85111941504695,12.804852314730377,2.356258620689655,37.51558347428383,0.8823441677872059,0.9985561782566101,35.842177556124405,1.5065655554515252,35.15932485359417
23390,-38808,42.023018666666665,-93.82190053333333,3,1,1.0,,,1,3997.6496489905967,273.2088924728952,3.601804730207982,0.05597646525292574,-0.9984320884956512,-0.993733270675576,-0.11177739821816579,-99.42534433112975,13.072215247845266,2.356258620689655,37.82819819819824,0.8823441677872059,0.9972463829780761,46.01252392926738,1.538022363850011,35.47193957750858
23390,-38807,42.0230245,-93.8198641,3,1,1.0,,,1,3829.739547636,273.35806699662953,3.583169239537635,0.058575776999248215,-0.9982829650699917,-0.9931377566978686,-0.11695040068817626,-99.01639496280096,13.329012572869408,2.356258620689655,37.82819819819824,0.6666666666666666,0.9897997302206536,52.47518437739949,4.4430041909564695,35.47193957750858
23390,-38806,42.02303976666667,-93.81704456666667,3,1,1.0,,,1,3597.3582756988567,273.60040605987933,3.5559836931453046,0.06279759262485345,-0.9980262834016562,-0.992112924721046,-0.1253472959479075,-98.4260437287317,13.339307692307694,2.356258620689655,37.82819819819824,0.6517012410466736,0.9930704333589533,50.70641898529954,4.64606431452733,35.47193957750858
23390,-38805,42.02295599333333,-93.81495366666667,15,3,1.0,,,3,3424.3969308257083,273.62489614964886,3.534584099134825,0.06322417594491601,-0.9979993504888098,-0.9920054071521726,-0.12619537305643283,-97.91851442533378,13.562373021348552,2.8877940779190507,37.82819819819824,0.6517012410466736,0.9880132013526418,36.40014913446241,4.723757691797776,34.94040412027918
23390,-38804,42.023045381818186,-93.81213387272727,11,3,0.8181818181818182,,-93.0,3,3192.647745279957,274.06526339582405,3.5041510041265624,0.0708927146877676,-0.9974839462388349,-0.9899484460083976,-0.1414286896126765,-97.30063799233893,15.253798901293019,4.064167124823817,39.269000635471436,0.6057176181584069,0.5815736511784259,31.44136261286564,6.014304162934488,35.20483351064762
23390,-38803,42.02305780909091,-93.8101827,11,3,0.45454545454545453,,-90.0,3,3031.997708459449,274.30589788749825,3.481728868726575,0.07508137422918539,-0.9971774101150993,-0.988725574487714,-0.14973890060348327,-96.82364805619189,16.499743302013762,4.2601555555555555,40.638936130873866,0.6057176181584069,0.5292202371540786,31.551518960839964,6.505558088892859,36.37878057531831
23390,-38802,42.0230727,-93.80733405833332,12,3,0.5833333333333334,10.5,-97.5,3,2797.535201991179,274.69958439083524,3.4467755600562713,0.08193127927110866,-0.9966379811531365,-0.9865745309539992,-0.1633116495321031,-96.08438091010049,18.272762541213712,4.414248245884204,45.33439212813826,0.6057176181584069,0.8714527374352596,18.90063238897578,7.204628337575585,40.92014388225406
23390,-38801,42.02307952142858,-93.80521011428571,14,3,0.21428571428571427,40.4,-93.0,3,2622.7785020731503,275.0286600998017,3.4187616152608853,0.08765404146672647,-0.9961509770183179,-0.9846335380290988,-0.17463331809336743,-95.4948998632916,19.28616218372449,5.2158507724926,47.155193798449645,0.6057176181584069,0.17712722163055356,33.03952876453732,7.604193962382153,41.939343025957044
23390,-38800,42.02309054285714,-93.80254728571428,14,3,0.21428571428571427,31.5,-89.0,3,2403.85191949427,275.51546414021504,3.380907711031499,0.0961144066219007,-0.9953702933279253,-0.9815240416794399,-0.19133885022456154,-94.70828624766737,20.080808823529416,5.62,47.23163380664141,0.6057176181584069,0.09590780846249417,33.51484379632382,7.917509132246858,41.611633806641414
23390,-38799,42.023103246666665,-93.80026307333334,15,3,0.2,29.2,-97.0,3,2216.2555904730393,276.0190876467805,3.345619844111977,0.10485977475553816,-0.9944870173301499,-0.9780088552764356,-0.208563369269093,-93.9865762778199,20.13657934518834,5.929319135666848,47.818419696927926,0.6057176181584069,0.1314022964841483,26.007171185316032,7.939498466363087,41.889100561261074
23390,-38798,42.02311167333333,-93.79759025333333,15,3,0.2,43.7,-85.0,3,1996.9229455850873,276.70823967514843,3.3003613072578677,0.11681356322782598,-0.9931538609128088,-0.9727091828920374,-0.23202768265339574,-93.07013459632569,23.944050176394278,7.085126984126984,53.34376324693836,0.6057176181584069,0.1608187796522711,46.6055298423599,9.440717134483354,46.25863626281137
23390,-38797,42.02282783636363,-93.79626503181818,22,4,0.22727272727272727,31.5,-91.0,4,1884.613613403099,276.14310878304684,3.2752223238958553,0.10701217131342722,-0.9942577106519143,-0.9770967903815714,-0.2127953529239572,-92.32704279780025,24.23543307086615,7.085126984126984,57.07533701437357,0.6057176181584069,0.7165438715747514,27.796281946205827,9.555604276143622,49.99021003024658
23390,-38796,42.02307916666667,-93.79271883333332,3,1,1.0,,,1,1597.4335504023209,278.2620237734705,3.203422801544794,0.14370030156322394,-0.9896212524651229,-0.958700446661277,-0.284417744825227,-91.11933255507715,28.090376650551597,8.894499999999999,61.07293494305401,0.6057176181584069,0.9788004762395287,52.58837265535098,11.075540612606957,52.17843494305401
23390,-38795,42.02311915,-93.79055890000001,2,1,1.0,,,1,1421.815445967281,279.4711043833148,3.152843227898915,0.1645501777374128,-0.9863687135177118,-0.9458464780131717,-0.3246142942479254,-90.19086061150698,30.887726549481215,8.903892172321472,62.02390334572493,0.6057176181584069,0.9883090281889296,42.36656906416473,12.178486393601267,53.12001117340346
23390,-38794,42.023231,-93.7881127,4,1,0.5,,-83.5,1,1225.386850835585,281.5981719622712,3.088273215770551,0.20104666742373156,-0.979581664547582,-0.9191604750356229,-0.3938832582533662,-89.1270915813336,31.424354838709696,10.440781035346443,62.02390334572493,0.570556271214166,0.6431475765714386,34.42276106859538,13.494992116624658,51.583122310378485
23390,-38793,42.0235239,-93.78601751333333,15,3,0.06666666666666667,52.4,-83.0,3,1064.4782265590202,285.1892353620723,3.0271367825597064,0.26200786828405065,-0.9650657371170358,-0.8627037539144952,-0.5057096330720211,-88.4281263904296,35.08654385582386,12.148407461544998,62.02390334572493,0.570556271214166,0.09847114854354341,39.58995444193214,15.067696223652694,49.875495884179934
23390,-38792,42.02317196,-93.78322912,10,3,0.1,60.3,-81.0,3,832.2426265236015,286.7420049693635,2.920249956097497,0.2880626461960384,-0.9576115662765023,-0.8340398237330721,-0.5517042436190844,-86.17185578614689,37.82819819819824,13.410048436947546,65.2926448278841,0.38753297360202477,0.00015541301591970547,59.69961443047627,23.16852406444372,51.882596390936556
23390,-38791,42.02311925,-93.78089393,10,3,0.0,62.9,-79.0,3,647.7577166817733,291.16326120729195,2.8114125954013605,0.3610266777368178,-0.9325554878731431,-0.7393194759246319,-0.6733548191841562,-84.36032022588613,44.82934373500437,18.085111074820063,67.84709841321981,0.38753297360202477,0.00015972851710963914,55.391727485011835,27.45649485275083,49.76198733839975
23390,-38790,42.02315337857143,-93.77836001428571,14,3,0.0,46.6,-73.0,3,460.76680277635273,301.0472329933341,2.663481181590499,0.5157445239016901,-0.8567424269087057,-0.46801517213083793,-0.883720430144818,-82.10650995382296,47.88164538442251,20.459658065679005,70.67000000000002,0.38753297360202477,0.0004058653599443474,45.0408771440081,29.32592896763959,50.21034193432101
23390,-38789,42.022975754545456,-93.77649278181819,11,2,0.0,48.1,-71.0,2,324.53184230564256,312.17269790898604,2.511257315186243,0.671367511253739,-0.7411245946755247,-0.09853132966592147,-0.995133949312486,-78.98278107598611,62.02390334572493,29.216994453537758,70.67000000000002,0.08571428571428572,0.0001326431382005026,51.746006003906004,56.70756877323422,41.45300554646226
23390,-38788,42.02317524,-93.77355392,5,1,0.0,73.4,-58.0,1,240.06829809389274,0.5354452780717907,2.3803348136517655,0.999956333160005,0.009345147039886556,0.9998253364536058,0.01868947793369207,-67.30352851614593,70.67000000000002,61.70645022350585,76.76876971608837,0.0,1.4304522065253538e-05,63.69448028721802,70.67000000000002,15.062319492582525
23390,-38787,42.02317165,-93.7713149,2,1,0.0,57.65,-61.5,1,304.1043507252425,37.992775831312656,2.4830226335030563,0.7880883733457864,0.6155621136791903,0.24216656840561512,0.9702346897254542,-59.53215117504339,73.52330224535292,70.67000000000002,76.76876971608837,0.0,1.4820785227204124e-05,66.80059775292513,73.52330224535292,6.098769716088356
23390,-38786,42.02316922,-93.76894116,5,1,0.0,83.9,-62.0,1,451.89782168083025,58.01054729979603,2.6550402478718627,0.5297631422294037,0.8481456320321579,-0.43870202627045723,0.898632590186999,-60.68587294388536,70.67000000000002,68.20041503087423,76.76876971608837,0.0,5.027384486535801e-06,66.86805868448255,70.67000000000002,8.568354685214146
23390,-38785,42.02317584,-93.76632968,5,1,0.0,73.4,-61.0,1,645.3410285958491,68.15304144204862,2.8097892769564132,0.3721286804972743,0.9281811488881669,-0.723040490302715,0.6908056523963954,-63.79523038283955,70.67000000000002,63.120747698094554,76.76876971608837,0.0,3.06185544540212e-05,71.5419116367516,70.67000000000002,13.648022017993817
23390,-38784,42.02320745,-93.763939425,4,1,0.0,68.15,-62.5,1,832.8830867086797,72.9875681641717,2.9205840429904737,0.29257919346643935,0.9562412956730785,-0.8287948311010557,0.5595526140946645,-66.36015330253406,70.67000000000002,62.02390334572493,76.76876971608837,0.0,3.082685481199184e-05,65.88256451455842,70.67000000000002,14.74486637036344
23390,-38783,42.023237280000004,-93.76155444,5,1,0.0,73.4,-64.0,1,1023.6971955571835,76.03625788861314,3.0101715135283453,0.24130782510916002,0.9704486248849483,-0.8835410670821741,0.46835369410232386,-68.5080742399657,70.67000000000002,57.87150803549974,76.76876971608837,0.0,0.0031356057029750667,77.87999341503796,70.67000000000002,18.897261680588635
23390,-38782,42.023269325,-93.759123625,4,1,0.0,73.4,-65.0,1,1220.2533687853577,78.14802426168052,3.086450015298337,0.20538394494214204,0.9786814778874704,-0.9156348703200063,0.40201092554066886,-70.36099141252642,70.67000000000002,47.83547707189434,76.76876971608837,0.0,0.027333683838899926,76.9087790114989,70.67000000000002,28.933292644194033
23390,-38781,42.023188520000005,-93.75691501,10,2,0.7,83.9,-68.0,2,1397.7317338599983,80.043496748042,3.1454238254267626,0.17290049960102502,0.9849392962196787,-0.9402108344754319,0.34059299278612887,-71.81144817468312,70.67000000000002,47.155193798449645,70.67000000000002,0.0,0.12008078600097459,83.07511072545945,70.67000000000002,23.51480620155037
23390,-38780,42.02328628,-93.75437131999999,5,2,0.2,105.0,-61.5,2,1606.7740231577689,80.9556575515258,3.2059548018432826,0.1571988115789328,0.9875669767859653,-0.9505770672763424,0.3104887102107065,-73.28626661893867,65.61119565217395,40.44586614928873,70.67000000000002,0.0,0.08182766292565191,103.1031450986061,65.61119565217395,30.224133850711283
23390,-38779,42.023271685714285,-93.75200805714287,7,2,0.42857142857142855,73.4,-61.0,2,1799.6026433128911,81.9823042616166,3.2551766223993748,0.13947893751961998,0.9902250380536729,-0.9610912519767959,0.2762310724261031,-74.49580476909749,65.18381724485161,37.82819819819824,70.67000000000002,0.02380952380952381,0.07222070250624248,84.43180859853068,63.63182159616466,32.84180180180178
23390,-38778,42.023245,-93.74941896666667,6,2,0.6666666666666666,31.5,-64.5,2,2011.2415130822571,82.9142369665202,3.3034642245008357,0.12335489636093648,0.9923626199851456,-0.9695671390875652,0.24482557628147006,-75.68350712794711,62.88644232051115,37.82819819819824,70.67000000000002,0.02380952380952381,0.5807928769662221,45.095030047364624,61.38914607478469,32.84180180180178
23390,-38777,42.0231968,-93.7467874,3,2,1.0,,,2,2226.538039823844,83.73950630334491,3.347630119338997,0.10904893400335797,0.9940363826302996,-0.9762166599854626,0.21679721577277644,-76.77140787563108,62.02390334572493,34.1542456656038,70.67000000000002,0.02380952380952381,0.7013517770927302,45.35723796273614,60.54714374225529,36.51575433439621
23390,-38776,42.0232033,-93.74494435,2,2,0.5,,-78.0,2,2378.009726315924,84.1210242770336,3.3762136265975156,0.10242753078141525,0.9947404691365593,-0.9790172018760445,0.20377762004400876,-77.47114533803888,62.02390334572493,31.424354838709696,70.67000000000002,0.02380952380952381,0.6843121727921457,45.556792611955146,60.54714374225529,39.24564516129032
23390,-38775,42.023143425,-93.74217665,4,2,1.0,,,2,2604.93079341977,84.7800238155586,3.4157961896565956,0.09097978996751735,0.9958527390219231,-0.9834453556349328,0.18120494606958287,-78.44580616704215,62.02390334572493,30.72676603223085,70.67000000000002,0.08571428571428572,0.8839507191944518,29.655718188673887,56.70756877323422,39.94323396776917
23390,-38774,42.023079949999996,-93.739466275,4,2,0.75,,-66.0,2,2827.390111780695,85.33351757232322,3.4513857348089285,0.08135546975045138,0.996685149654435,-0.9867625750833667,0.16217157708687097,-79.32172352981738,61.058855773235884,28.069831126017405,70.67000000000002,0.08571428571428572,0.8091760379974935,30.425241288272517,55.82523956410138,42.60016887398261
23390,-38773,42.02285741666667,-93.73773173333333,18,2,0.05555555555555555,52.4,-71.0,2,2968.4186302941644,86.03344937709551,3.472525148630587,0.06917408223854483,0.9976046042127387,-0.99042989269291,0.13801676586672593,-79.85761839186951,59.45137609642665,25.72405977979124,70.67000000000002,0.38753297360202477,0.006356482314810429,56.38254563053135,36.41200753304609,44.945940220208776
23390,-38772,42.022898600000005,-93.7350349,5,1,0.0,44.5,-69.0,1,3190.9943734094863,86.22637699630081,3.5039260384149564,0.06581454008906668,0.9978318727685865,-0.9913368926257292,0.13134369158495324,-80.61963402076371,56.72288950222535,24.23543307086615,70.67000000000002,0.38753297360202477,0.005797383315300062,53.24656209212613,34.74089946212889,46.434566929133865
23390,-38771,42.02278375,-93.73252465,6,1,0.0,77.4,-74.5,1,3397.175666874187,86.66985432584772,3.531118004680326,0.058089287798241906,0.9983113916224201,-0.993251269286186,0.11598239548043629,-81.29143667828492,53.17045895595654,23.84598125958546,70.67000000000002,0.38753297360202477,0.03573726832325156,89.6794561023475,32.565152888970296,46.82401874041456
23390,-38770,42.0225324,-93.7310241,1,1,1.0,62.9,,1,3519.4866076679637,87.24033772289084,3.5464793169673197,0.04814657218068442,0.9988402813199166,-0.9953638151745003,0.09618147140308898,-81.68537134614604,50.278221867012704,22.20933073662312,70.67000000000002,0.38753297360202477,0.7294012035347716,71.60064389924457,30.793753039466925,48.4606692633769
23390,-38768,42.0224432,-93.725023025,4,1,0.0,62.9,-76.0,1,4014.3091033300148,87.71864011325567,3.603610810279542,0.039806721153777994,0.9992073983668183,-0.9968308499019707,0.0795503405631598,-83.07885336774633,47.155193798449645,20.080808823529416,70.67000000000002,0.38753297360202477,0.10643850368499537,59.295947244775384,28.881001324956696,50.5891911764706
23390,-38767,42.023018719999996,-93.72285203999999,5,1,0.0,,-74.0,1,4196.400273182322,86.94157981463047,3.622876906629096,0.05335415608565552,0.9985756526314806,-0.994306668056775,0.10655632246767069,-83.50649861384778,47.155193798449645,19.5849753654802,70.67000000000002,0.38753297360202477,0.00829202225525477,38.436535923063374,28.881001324956696,51.08502463451981
23390,-38766,42.023176050000004,-93.720350725,4,1,0.0,,-73.5,1,4403.658778596531,86.85608100622653,3.6438136599105624,0.054844206380166065,0.9984949238862108,-0.9939842260530595,0.10952332335032709,-84.00546145298262,47.11994037703851,18.783804920879764,69.64225951644839,0.38753297360202477,0.019473870059566585,31.28105071154485,28.859409766774665,50.85845459556863
23390,-38765,42.02301585,-93.7180593,6,2,0.3333333333333333,,-74.0,2,4591.781177462815,87.20606471673943,3.6619811834655267,0.048744046616345835,0.9988113024588096,-0.995248035838927,0.09737220937597062,-84.45714774965491,44.20432663598634,17.852885060944267,67.35726691498907,0.38753297360202477,0.4789611930681392,44.024952844564694,27.073692488667366,49.5043818540448
23390,-38764,42.023128633333336,-93.71519883333333,3,2,1.0,,,2,4828.396910053056,87.19222917295417,3.6838029633227287,0.048985233944031176,0.9987995028309978,-0.995200893710897,0.09785285461871691,-84.9804916063303,40.82616672487204,16.597724823527344,65.61119565217395,0.38753297360202477,0.8367503008731901,39.173152266746904,25.00468093321034,49.013470828646604
23390,-38763,42.02308285,-93.71311335,2,2,1.0,,,2,5000.237141807153,87.34582191183267,3.6989906017232275,0.046307580314356694,0.9989272285834586,-0.9957112160108588,0.09251580573165251,-85.35204563738138,39.68915083783308,15.654264316070902,65.61119565217395,0.38753297360202477,0.8821049612280293,44.273838060123964,24.308296193908337,49.95693133610305
23390,-38762,42.02302688571428,-93.71076051428572,7,2,0.2857142857142857,,-90.0,2,5194.126880185588,87.51213129805899,3.7155125542057665,0.04340785681660188,0.999057434768687,-0.9962315159331788,0.08673388416000148,-85.756277314851,38.528180172906964,14.547687200883876,65.61119565217395,0.38753297360202477,0.28711040857936954,42.49696780272776,23.597239943025755,51.06350845129007
23390,-38761,42.02297035,-93.708288175,4,2,0.75,,-92.0,2,5397.918869019573,87.67127395519765,3.732226352802584,0.04063274762922779,0.999174148895026,-0.9966979596401989,0.08119838205940012,-86.16485817274662,37.82819819819824,13.429204280690767,65.29867669578144,0.38753297360202477,0.9391406346132402,42.805139523851125,23.16852406444372,51.86947241509067
23390,-38760,42.022911175,-93.705819025,4,2,1.0,,,2,5601.4758590670735,87.82167544573883,3.748302468613837,0.03800977729912668,0.9992773673158373,-0.9971105136593416,0.07596462038346517,-86.55778816676597,37.82819819819824,13.339307692307694,64.95997524412164,0.38753297360202477,0.96852073969251,43.18739506271501,23.16852406444372,51.620667551813945
23390,-38759,42.022853966666666,-93.70343393333333,3,2,1.0,,,2,5798.137560232864,87.95692613416361,3.76328851473429,0.035650809585448286,0.9993643078356872,-0.9974580395518042,0.07125629329028682,-86.92389576953724,37.82819819819824,13.339307692307694,64.4178283373637,0.40849991805670477,0.8358323949638221,47.95821014475205,22.37538233400147,51.07852064505601
23390,-38758,42.02280806,-93.70132954,5,2,0.0,,-99.0,2,5971.696725202658,88.06394607232022,3.7760977438092813,0.03378408557214058,0.9994291548489339,-0.9977172711241086,0.06752960018141706,-87.23645807183634,37.82819819819824,13.314968108524617,63.56600135613285,0.40849991805670477,0.16693726681398735,47.23439105602092,22.37538233400147,50.251033247608234
23390,-38757,42.022632438461535,-93.69869934615384,13,2,0.3076923076923077,,-103.0,2,6188.259083409591,88.31088910771865,3.7915684879846188,0.02947627641712625,0.9995654801605451,-0.9982622982571623,0.05892693678045951,-87.61957284972566,37.82819819819824,13.074393461004691,62.52189750127296,0.40849991805670477,0.39334785209721895,51.90646589130918,22.37538233400147,49.44750404026827
23390,-38756,42.022788475,-93.69611172500001,4,1,0.0,,-103.0,1,6402.42656067804,88.21036400236164,3.806344605574641,0.03122996185664759,0.999512225779371,-0.9980493789648647,0.06242945737268538,-87.96960159829057,37.82819819819824,12.854594988933819,62.02390334572493,0.40849991805670477,0.010645045709015298,29.095904716559453,22.37538233400147,49.16930835679111
23390,-38755,42.022805733333335,-93.69393639999998,3,1,0.0,,-108.0,1,6582.094354097364,88.2410810311697,3.818364103599516,0.030694105607409802,0.9995288249375108,-0.9981157437619224,0.06135928662056436,-88.25965282395784,36.1654221857234,12.560001512245883,62.02390334572493,0.40849991805670477,0.0421428285381298,29.095904716559453,21.391850186369258,49.46390183347905
23391,-38821,42.0241554,-93.8522071,1,1,1.0,,,1,6504.243045754173,273.1025407610218,3.8131967612849267,0.054123092686090904,-0.9985342712386455,-0.9941413816761856,-0.10808752582497488,-104.47356942207648,7.085126984126984,2.356258620689655,24.23543307086615,0.8823441677872059,0.9990703456245551,2.460558746621519,0.8336065116507841,21.879174450176496
23391,-38820,42.0252837,-93.852122,1,1,1.0,,,1,6505.112671583132,274.209377154178,3.813254823145576,0.07340141884231663,-0.9973024775422624,-0.9892244634238696,-0.14640683373311936,-104.75929949482943,7.085126984126984,2.356258620689655,24.23543307086615,0.8823441677872059,0.9988026998580581,5.146721547474179,0.8336065116507841,21.879174450176496
23391,-38795,42.0253361,-93.78982239999999,3,1,0.0,18.1,-87.0,1,1424.9909329187378,289.70444512173106,3.1538121009789943,0.33716829858561537,-0.9414443894510611,-0.7726350768577627,-0.6348504060083755,-92.33099553183702,24.23543307086615,7.085126984126984,57.0606560787976,0.6057176181584069,0.028426719570136816,23.90607808125003,9.555604276143622,49.97552909467061
23391,-38794,42.024708,-93.7887444,1,1,0.0,22.3,-86.0,1,1318.103704514628,288.1503183938253,3.119949580612061,0.3115110732061398,-0.9502425223436167,-0.805921702539918,-0.5920221358827387,-91.2356623280331,27.581166603140236,8.825807138734435,60.72399010503406,0.6057176181584069,0.011786861057193464,22.850974143622356,10.874768062255935,51.89818296629963
23392,-38820,42.026829649999996,-93.85176075,2,1,1.0,,,1,6490.135262520805,275.7422351642196,3.8122537481338425,0.10005322061842702,-0.9949820867954762,-0.9799787060877607,-0.19910232448306134,-105.12197803750138,6.906413669912862,2.356258620689655,22.907302079735242,0.8823441677872059,0.9984872337460947,6.027445125993687,0.8125798479394151,20.551043459045587
23392,-38796,42.026826549999996,-93.79236155,2,1,0.0,,-86.0,1,1680.4748235862558,292.6161227625354,3.2254320103732037,0.3845550944489643,-0.9231020416689306,-0.7042347586666963,-0.7099671856400548,-94.53669256596798,20.080808823529416,5.62,47.3711479542772,0.6057176181584069,0.052884286630843165,36.38541359704329,7.917509132246858,41.7511479542772
23392,-38795,42.026144900000006,-93.79120995,2,1,0.0,,-83.0,1,1563.884197856969,291.39188883441886,3.1942045913749295,0.36474497432621583,-0.9311074608785863,-0.7339222074075363,-0.6792335338262159,-93.58951170096073,21.78623346396599,6.511069161664194,49.53053773589153,0.6057176181584069,0.02311924727883445,36.49809946426651,8.589928021529532,43.01946857422733
23393,-38820,42.0290732,-93.8515187,1,1,1.0,,,1,6499.793297426968,277.94851282334605,3.812899545686817,0.13828316944760377,-0.9903927327315792,-0.9617555300950507,-0.2739092921599926,-105.6782358817531,6.091425292167364,2.356258620689655,20.596259752235795,0.8823441677872059,0.998919904567848,8.785720024595676,0.7166917121120135,18.24000113154614
23393,-38797,42.0287508,-93.7945049,1,1,1.0,,,1,1930.4969330730128,296.4621844748317,3.285669116009006,0.4456070544377237,-0.8952286596369308,-0.6028687060706711,-0.7978404121380884,-96.53404250396908,17.19431794743793,4.2601555555555555,42.43184774818801,0.6057176181584069,0.7615646812830258,21.737165091459083,6.779416634457481,38.171692192632456
23393,-38796,42.0277137,-93.7936103,1,1,1.0,,,1,1814.3404371715499,294.240347250834,3.2587187800300943,0.4105652401781707,-0.9118312253687307,-0.6628723671148821,-0.7487324120909372,-95.58165943645135,19.14685480379562,5.097871248928938,47.155193798449645,0.6057176181584069,0.7995557121522319,38.54926764355836,7.549267516815687,42.057322549520705
23394,-38820,42.0303541,-93.85188755,2,1,1.0,,,1,6550.967051410154,279.1458951335749,3.8163054151201186,0.15894895581404372,-0.987286802021391,-0.9494704588912504,-0.3138564125405732,-106.04493280475025,5.62,2.356258620689655,20.080808823529416,0.8823441677872059,0.9996425796977316,7.049307083345561,0.6612257770359027,17.72455020283976
23394,-38797,42.029765166666664,-93.79514443333333,3,1,0.0,,-81.0,1,2029.5061209310297,298.64954723624913,3.307390365474719,0.47945092553159463,-0.8775686924719325,-0.5402536200137946,-0.8415022436464388,-97.32005562062473,15.200643485006074,4.027197961848129,39.213232376627,0.6057176181584069,0.1535901614929334,30.119802423956493,5.99334591879309,35.18603441477887
23395,-38821,42.032232,-93.8527636,2,1,1.0,,,1,6658.263351171147,280.82203058922096,3.823360968606553,0.187758996378768,-0.9822151288179376,-0.9294931185576756,-0.3688394536297966,-106.60221095397117,5.62,2.356258620689655,20.080808823529416,0.8823441677872059,0.9994862622849371,3.0154173489810923,0.6612257770359027,17.72455020283976
23395,-38798,42.0323121,-93.796821,1,1,1.0,,,1,2294.009728299929,303.20523949334785,3.360595255299346,0.5476397402954885,-0.8367142372692662,-0.4001814296981798,-0.9164359351993574,-99.02827932241478,13.32154985989121,2.356258620689655,37.82819819819824,0.6666666666666666,0.9775781264668866,46.62846950240422,4.440516619963737,35.47193957750858
23395,-38797,42.0312246,-93.7960391,1,1,1.0,,,1,2174.7669321263293,301.47023574374305,3.3374127208239504,0.5220555610798376,-0.8529114790795209,-0.4549159822912319,-0.8905343615245869,-98.32714827153447,13.339307692307694,2.356258620689655,37.82819819819824,0.6517012410466736,0.956080969057581,37.20899234356199,4.64606431452733,35.47193957750858
23396,-38821,42.03422691666667,-93.85330223333334,6,1,1.0,,,1,6746.670135744833,282.6023861619296,3.8290894767585413,0.21818388460977536,-0.9759076762156286,-0.9047915849931765,-0.42585465563444946,-107.13674438692762,5.4340489051275185,2.356258620689655,19.543805283514942,0.8823441677872059,0.9996154579075414,5.392062525370668,0.6393475462178007,17.187546662825287
23396,-38820,42.0346185,-93.849797,1,1,1.0,,,1,6474.412389204865,283.535237077065,3.8112003584357375,0.23404333010168357,-0.9722261669153502,-0.8904474392698287,-0.45508609943372763,-106.90867829194381,5.62,2.356258620689655,19.91000452799832,0.8823441677872059,0.9996985987749009,10.664272027520566,0.6612257770359027,17.553745907308667
23396,-38819,42.0346597,-93.8486126,1,1,1.0,,,1,6380.417173152328,283.7800726050494,3.8048490752846384,0.23819568396375956,-0.9712171827871646,-0.8865256322820736,-0.46267948226268873,-106.80828234303888,5.62,2.356258620689655,20.07120744876037,0.8823441677872059,0.9987137148252881,9.946795086866308,0.6612257770359027,17.714948828070714
23396,-38809,42.034664,-93.8245767,1,1,1.0,,,1,4477.1586839467745,289.8302114348576,3.6510024873566747,0.33923398922122966,-0.9407020253816033,-0.7698406011141014,-0.6382362014773835,-104.29116707638542,7.085126984126984,2.356258620689655,24.23543307086615,0.8823441677872059,0.9977728651961815,11.461299248435699,0.8336065116507841,21.879174450176496
23396,-38808,42.0346315,-93.8222995,2,1,1.0,,,1,4299.4011854360215,290.6337819634472,3.6334079718655157,0.35239349399359077,-0.9358519249277575,-0.7516376507819782,-0.6595762593718402,-104.00785894361583,7.085126984126984,2.356258620689655,24.23543307086615,0.8823441677872059,0.997946812849081,19.081326872539385,0.8336065116507841,21.879174450176496
23396,-38807,42.0346234,-93.8201677,1,1,1.0,,,1,4134.732320720128,291.4806073923227,3.616447398919495,0.366186292090616,-0.9305415624704391,-0.7318151989698521,-0.6815031287945168,-103.74260760740641,7.5508458337768145,2.356258620689655,24.496736175176594,0.8823441677872059,0.9933716181664497,30.50987601897273,0.88840105048352,22.14047755448694
23396,-38806,42.0346178,-93.816694,1,1,1.0,,,1,3868.8942938832392,293.0259340878909,3.587586864068531,0.3911477413676914,-0.9203279004914247,-0.6940068888459071,-0.7199683591897804,-103.29612674108526,8.358696265401914,2.356258620689655,26.451115843688083,0.8823441677872059,0.9980260688855124,44.44863700727035,0.9834493653198361,24.094857222998428
23396,-38805,42.0346144,-93.814433,2,1,1.0,,,1,3697.567545817967,294.1511079687425,3.567916116274901,0.40914454803732864,-0.9124695824033424,-0.6652014776226601,-0.746663909780451,-102.99276521664142,8.894499999999999,2.356258620689655,27.779019546408442,0.8823441677872059,0.9980312608776299,46.74204950066834,1.0464897996166969,25.422760925718787
23396,-38804,42.0346085,-93.8121457,1,1,1.0,,,1,3525.725248078539,295.39619481824985,3.547248465679537,0.4288751392954443,-0.9033637777187622,-0.6321322297886266,-0.7748605320071859,-102.67286721673284,8.894499999999999,2.356258620689655,28.976654633481356,0.8823441677872059,0.9981396823511842,44.49955429880005,1.0464897996166969,26.6203960127917
23396,-38803,42.0346056,-93.81008775000001,2,1,1.0,,,1,3372.7958584639077,296.6284804905315,3.5279900559162582,0.4482034971996907,-0.89393155504097,-0.5982272501959337,-0.8013264984530412,-102.37377629698683,8.894499999999999,2.356258620689655,29.817585862401778,0.8823441677872059,0.9954272763444165,34.35771411558972,1.0464897996166969,27.461327241712123
23396,-38802,42.03459895,-93.80716935,2,1,1.0,,,1,3158.7804979387274,298.57476234619674,3.4995194480494773,0.47830507743802525,-0.8781937445102901,-0.5424485057940094,-0.8400890539471674,-101.92481849388486,8.997783279079467,2.356258620689655,31.07988642778371,0.8823441677872059,0.9701448903952626,32.0752267471486,1.0586416797704579,28.723627807094054
23396,-38801,42.0345957,-93.8050434,1,1,1.0,,,1,3005.5455811002344,300.1687559080885,3.477923318719609,0.5025485722041699,-0.8645489763891634,-0.49488986515110045,-0.8689557073699014,-101.57667405459839,9.476059136279233,2.356258620689655,31.424354838709696,0.8823441677872059,0.994485374763695,29.157303907060324,1.1149136237765838,29.06809621802004
23396,-38800,42.0345868,-93.80295315000001,2,1,1.0,,,1,2857.0592261417587,301.89059982048565,3.45591924329487,0.5282990418497211,-0.8490583739535619,-0.4418002447613332,-0.897113450868298,-101.20984453827477,9.98000428538296,2.356258620689655,31.424354838709696,0.8823441677872059,0.9941304055199325,40.65270122160937,1.1742057096839833,29.06809621802004
23396,-38799,42.0339392,-93.7991805,1,1,1.0,,,1,2556.5235148312636,304.20792311530136,3.407649791709336,0.5621977448590335,-0.8270028389766368,-0.3678673913508342,-0.9298782621293672,-100.23042717847207,12.148412083991813,2.356258620689655,35.08655597227144,0.8823441677872059,0.977893281937048,36.61527735671436,1.4293315338060208,32.73029735158178
23396,-38798,42.0332361,-93.7978817,1,1,1.0,,,1,2423.864316816228,304.1041815654907,3.3845083052189753,0.560699426640405,-0.8280194158140987,-0.37123230593024226,-0.9285400233881763,-99.66767844278986,12.920042982875813,2.356258620689655,37.82819819819824,0.8823441677872059,0.9796778095843397,36.9884678673281,1.5201184093753242,35.47193957750858
23397,-38819,42.0347023,-93.8474408,1,1,1.0,,,1,6287.589797537297,284.0313219067083,3.798484200576342,0.2424522913771098,-0.970163329757412,-0.8824337728119781,-0.4704366446194622,-106.70858512453812,5.62,2.356258620689655,20.080808823529416,0.8823441677872059,0.9987137148252881,21.458994098097442,0.6612257770359027,17.72455020283976
23397,-38818,42.034763600000005,-93.84577095,2,1,1.0,,,1,6155.541713124619,284.4030574651095,3.7892662786594444,0.2487415731521488,-0.9685698889526735,-0.8762552595715885,-0.4818471957717801,-106.56522381888139,5.62,2.356258620689655,20.080808823529416,0.8823441677872059,0.9987979756724457,33.76161015973641,0.6612257770359027,17.72455020283976
23397,-38817,42.03485275,-93.8432778,2,1,1.0,,,1,5958.831453507965,284.98628725013526,3.7751611015102635,0.2585878601192618,-0.9659877424682681,-0.8662646371978822,-0.499585406452612,-106.34731944083342,5.62,2.356258620689655,20.080808823529416,0.8823441677872059,0.9998897399081162,35.61110011395864,0.6612257770359027,17.72455020283976
23397,-38816,42.034935000000004,-93.84080345000001,2,1,1.0,,,1,5764.072890598878,285.5978362992133,3.7607294641240334,0.2688834478386438,-0.9631727215190448,-0.8554033829568066,-0.5179624044523413,-106.1253645425032,5.62,2.356258620689655,20.080808823529416,0.8823441677872059,0.9994593276885557,41.35201008919765,0.6612257770359027,17.72455020283976
23397,-38815,42.0349626,-93.8387508,1,1,1.0,,,1,5601.7876000425385,286.0930151362876,3.748326637890219,0.2771975237413702,-0.9608129541339732,-0.846323065663305,-0.5326699433291362,-105.92683478492678,5.727196330903225,2.356258620689655,20.080808823529416,0.8823441677872059,0.9992744805157722,35.602473285615424,0.6738380505584797,17.72455020283976
23397,-38814,42.0349453,-93.8375741,1,1,1.0,,,1,5507.918632337966,286.35327909143984,3.740987515864544,0.28155910613235086,-0.9595438863095067,-0.8414489395079031,-0.5403366378481337,-105.80221628012976,5.909778265002908,2.356258620689655,20.08116778294566,0.8823441677872059,0.9992744805157722,46.76027994916551,0.6953198799619994,17.724909162256004
23397,-38813,42.03485905,-93.83375415,2,1,1.0,,,1,5203.045524246699,287.2277002026554,3.7162576257889137,0.296169854096038,-0.9551352875507907,-0.824566835049463,-0.56576455751179,-105.37883244793179,6.530089342199245,2.356258620689655,21.840168518125694,0.8823441677872059,0.9988251258878462,43.69169487236391,0.7683030959803492,19.48390989743604
23397,-38812,42.0348121,-93.8315291,1,1,1.0,,,1,5026.187785993851,287.78989317644135,3.7012387104597786,0.3055273471081172,-0.952183301769715,-0.8133060803381521,-0.5818360763006977,-105.1253211547533,6.901515578615979,2.356258620689655,22.89341268373874,0.8823441677872059,0.9993308388815382,39.12841953274524,0.812003558931626,20.537154063049087
23397,-38811,42.03476125,-93.82939,2,1,1.0,,,1,4856.451953733906,288.3618552904907,3.68631909649373,0.3150172521037616,-0.9490859449370195,-0.8015282617539903,-0.5979568927687237,-104.87404854141835,7.085126984126984,2.356258620689655,23.93735597579178,0.8823441677872059,0.9990155159085514,45.7979540633567,0.8336065116507841,21.581097355102127
23397,-38810,42.034700900000004,-93.82653025,2,1,1.0,,,1,4630.634176652422,289.2018910950143,3.665640472780406,0.3288978164895967,-0.9443655152049844,-0.7836524526167512,-0.6211995118379847,-104.53089205597925,7.085126984126984,2.356258620689655,24.23543307086615,0.8823441677872059,0.99887832405801,45.48037586799533,0.8336065116507841,21.879174450176496
